$MeshFormat
2.2 0 8
$EndMeshFormat
$Nodes
7980
0 -4.7500000000 -0.0836225254 -4.0000000000
1 -4.5000000000 -0.0403585777 -4.0000000000
2 -4.2500000000 -0.0234292767 -4.0000000000
3 -4.0000000000 -0.0184210526 -4.0000000000
4 -3.7500000000 -0.0234292767 -4.0000000000
5 -3.5000000000 -0.0403585777 -4.0000000000
6 -3.2500000000 -0.0836225254 -4.0000000000
7 -4.7500000000 -0.1184210526 -4.0000000000
8 -4.5000000000 -0.1184210526 -4.0000000000
9 -4.2500000000 -0.1184210526 -4.0000000000
10 -4.0000000000 -0.1184210526 -4.0000000000
11 -3.7500000000 -0.1184210526 -4.0000000000
12 -3.5000000000 -0.1184210526 -4.0000000000
13 -3.2500000000 -0.1184210526 -4.0000000000
14 -4.7500000000 -0.1532195799 -4.0000000000
15 -4.5000000000 -0.1964835276 -4.0000000000
16 -4.2500000000 -0.2134128286 -4.0000000000
17 -4.0000000000 -0.2184210526 -4.0000000000
18 -3.7500000000 -0.2134128286 -4.0000000000
19 -3.5000000000 -0.1964835276 -4.0000000000
20 -3.2500000000 -0.1532195799 -4.0000000000
21 -4.7500000000 -0.0751082778 -3.7029881532
22 -4.5000000000 -0.0319178578 -3.7055094214
23 -4.2500000000 -0.0150173284 -3.7064960005
24 -4.0000000000 -0.0100176159 -3.7067878619
25 -3.7500000000 -0.0150173284 -3.7064960005
26 -3.5000000000 -0.0319178578 -3.7055094214
27 -3.2500000000 -0.0751082778 -3.7029881532
28 -4.7500000000 -0.1098476644 -3.7009602195
29 -4.5000000000 -0.1098476644 -3.7009602195
30 -4.2500000000 -0.1098476644 -3.7009602195
31 -4.0000000000 -0.1098476644 -3.7009602195
32 -3.7500000000 -0.1098476644 -3.7009602195
33 -3.5000000000 -0.1098476644 -3.7009602195
34 -3.2500000000 -0.1098476644 -3.7009602195
35 -4.7500000000 -0.1445870511 -3.6989322857
36 -4.5000000000 -0.1877774711 -3.6964110176
37 -4.2500000000 -0.2046780004 -3.6954244384
38 -4.0000000000 -0.2096777129 -3.6951325771
39 -3.7500000000 -0.2046780004 -3.6954244384
40 -3.5000000000 -0.1877774711 -3.6964110176
41 -3.2500000000 -0.1445870511 -3.6989322857
42 -4.7500000000 -0.0523511618 -3.4639289888
43 -4.5000000000 -0.0094337196 -3.4693936320
44 -4.2500000000 0.0073599928 -3.4715319619
45 -4.0000000000 0.0123281054 -3.4721645476
46 -3.7500000000 0.0073599928 -3.4715319619
47 -3.5000000000 -0.0094337196 -3.4693936320
48 -3.2500000000 -0.0523511618 -3.4639289888
49 -4.7500000000 -0.0868709840 -3.4595336077
50 -4.5000000000 -0.0868709840 -3.4595336077
51 -4.2500000000 -0.0868709840 -3.4595336077
52 -4.0000000000 -0.0868709840 -3.4595336077
53 -3.7500000000 -0.0868709840 -3.4595336077
54 -3.5000000000 -0.0868709840 -3.4595336077
55 -3.2500000000 -0.0868709840 -3.4595336077
56 -4.7500000000 -0.1213908062 -3.4551382266
57 -4.5000000000 -0.1643082485 -3.4496735833
58 -4.2500000000 -0.1811019609 -3.4475352535
59 -4.0000000000 -0.1860700735 -3.4469026677
60 -3.7500000000 -0.1811019609 -3.4475352535
61 -3.5000000000 -0.1643082485 -3.4496735833
62 -3.2500000000 -0.1213908062 -3.4551382266
63 -4.7500000000 -0.0194409947 -3.2658678647
64 -4.5000000000 0.0230356101 -3.2740841422
65 -4.2500000000 0.0396568216 -3.2772991941
66 -4.0000000000 0.0445739030 -3.2782503084
67 -3.7500000000 0.0396568216 -3.2772991941
68 -3.5000000000 0.0230356101 -3.2740841422
69 -3.2500000000 -0.0194409947 -3.2658678647
70 -4.7500000000 -0.0536062378 -3.2592592593
71 -4.5000000000 -0.0536062378 -3.2592592593
72 -4.2500000000 -0.0536062378 -3.2592592593
73 -4.0000000000 -0.0536062378 -3.2592592593
74 -3.7500000000 -0.0536062378 -3.2592592593
75 -3.5000000000 -0.0536062378 -3.2592592593
76 -3.2500000000 -0.0536062378 -3.2592592593
77 -4.7500000000 -0.0877714809 -3.2526506538
78 -4.5000000000 -0.1302480857 -3.2444343763
79 -4.2500000000 -0.1468692972 -3.2412193244
80 -4.0000000000 -0.1517863786 -3.2402682101
81 -3.7500000000 -0.1468692972 -3.2412193244
82 -3.5000000000 -0.1302480857 -3.2444343763
83 -3.2500000000 -0.0877714809 -3.2526506538
84 -4.7500000000 0.0196994941 -3.0916691514
85 -4.5000000000 0.0618067275 -3.1016064584
86 -4.2500000000 0.0782834030 -3.1054949539
87 -4.0000000000 0.0831577260 -3.1066452941
88 -3.7500000000 0.0782834030 -3.1054949539
89 -3.5000000000 0.0618067275 -3.1016064584
90 -3.2500000000 0.0196994941 -3.0916691514
91 -4.7500000000 -0.0141686521 -3.0836762689
92 -4.5000000000 -0.0141686521 -3.0836762689
93 -4.2500000000 -0.0141686521 -3.0836762689
94 -4.0000000000 -0.0141686521 -3.0836762689
95 -3.7500000000 -0.0141686521 -3.0836762689
96 -3.5000000000 -0.0141686521 -3.0836762689
97 -3.2500000000 -0.0141686521 -3.0836762689
98 -4.7500000000 -0.0480367983 -3.0756833864
99 -4.5000000000 -0.0901440317 -3.0657460793
100 -4.2500000000 -0.1066207071 -3.0618575839
101 -4.0000000000 -0.1114950302 -3.0607072436
102 -3.7500000000 -0.1066207071 -3.0618575839
103 -3.5000000000 -0.0901440317 -3.0657460793
104 -3.2500000000 -0.0480367983 -3.0756833864
105 -4.7500000000 0.0611946931 -2.9243166136
106 -4.5000000000 0.1033019264 -2.9342539207
107 -4.2500000000 0.1197786019 -2.9381424161
108 -4.0000000000 0.1246529249 -2.9392927564
109 -3.7500000000 0.1197786019 -2.9381424161
110 -3.5000000000 0.1033019264 -2.9342539207
111 -3.2500000000 0.0611946931 -2.9243166136
112 -4.7500000000 0.0273265468 -2.9163237311
113 -4.5000000000 0.0273265468 -2.9163237311
114 -4.2500000000 0.0273265468 -2.9163237311
115 -4.0000000000 0.0273265468 -2.9163237311
116 -3.7500000000 0.0273265468 -2.9163237311
117 -3.5000000000 0.0273265468 -2.9163237311
118 -3.2500000000 0.0273265468 -2.9163237311
119 -4.7500000000 -0.0065415994 -2.9083308486
120 -4.5000000000 -0.0486488328 -2.8983935416
121 -4.2500000000 -0.0651255082 -2.8945050461
122 -4.0000000000 -0.0699998313 -2.8933547059
123 -3.7500000000 -0.0651255082 -2.8945050461
124 -3.5000000000 -0.0486488328 -2.8983935416
125 -3.2500000000 -0.0065415994 -2.9083308486
126 -4.7500000000 0.1009293756 -2.7473493462
127 -4.5000000000 0.1434059804 -2.7555656237
128 -4.2500000000 0.1600271920 -2.7587806756
129 -4.0000000000 0.1649442734 -2.7597317899
130 -3.7500000000 0.1600271920 -2.7587806756
131 -3.5000000000 0.1434059804 -2.7555656237
132 -3.2500000000 0.1009293756 -2.7473493462
133 -4.7500000000 0.0667641326 -2.7407407407
134 -4.5000000000 0.0667641326 -2.7407407407
135 -4.2500000000 0.0667641326 -2.7407407407
136 -4.0000000000 0.0667641326 -2.7407407407
137 -3.7500000000 0.0667641326 -2.7407407407
138 -3.5000000000 0.0667641326 -2.7407407407
139 -3.2500000000 0.0667641326 -2.7407407407
140 -4.7500000000 0.0325988895 -2.7341321353
141 -4.5000000000 -0.0098777153 -2.7259158578
142 -4.2500000000 -0.0264989269 -2.7227008059
143 -4.0000000000 -0.0314160083 -2.7217496916
144 -3.7500000000 -0.0264989269 -2.7227008059
145 -3.5000000000 -0.0098777153 -2.7259158578
146 -3.2500000000 0.0325988895 -2.7341321353
147 -4.7500000000 0.1345487010 -2.5448617734
148 -4.5000000000 0.1774661432 -2.5503264167
149 -4.2500000000 0.1942598556 -2.5524647465
150 -4.0000000000 0.1992279683 -2.5530973323
151 -3.7500000000 0.1942598556 -2.5524647465
152 -3.5000000000 0.1774661432 -2.5503264167
153 -3.2500000000 0.1345487010 -2.5448617734
154 -4.7500000000 0.1000288788 -2.5404663923
155 -4.5000000000 0.1000288788 -2.5404663923
156 -4.2500000000 0.1000288788 -2.5404663923
157 -4.0000000000 0.1000288788 -2.5404663923
158 -3.7500000000 0.1000288788 -2.5404663923
159 -3.5000000000 0.1000288788 -2.5404663923
160 -3.2500000000 0.1000288788 -2.5404663923
161 -4.7500000000 0.0655090566 -2.5360710112
162 -4.5000000000 0.0225916144 -2.5306063680
163 -4.2500000000 0.0057979019 -2.5284680381
164 -4.0000000000 0.0008297893 -2.5278354524
165 -3.7500000000 0.0057979019 -2.5284680381
166 -3.5000000000 0.0225916144 -2.5306063680
167 -3.2500000000 0.0655090566 -2.5360710112
168 -4.7500000000 0.1577449458 -2.3010677143
169 -4.5000000000 0.2009353658 -2.3035889824
170 -4.2500000000 0.2178358952 -2.3045755616
171 -4.0000000000 0.2228356077 -2.3048674229
172 -3.7500000000 0.2178358952 -2.3045755616
173 -3.5000000000 0.2009353658 -2.3035889824
174 -3.2500000000 0.1577449458 -2.3010677143
175 -4.7500000000 0.1230055592 -2.2990397805
176 -4.5000000000 0.1230055592 -2.2990397805
177 -4.2500000000 0.1230055592 -2.2990397805
178 -4.0000000000 0.1230055592 -2.2990397805
179 -3.7500000000 0.1230055592 -2.2990397805
180 -3.5000000000 0.1230055592 -2.2990397805
181 -3.2500000000 0.1230055592 -2.2990397805
182 -4.7500000000 0.0882661725 -2.2970118468
183 -4.5000000000 0.0450757525 -2.2944905786
184 -4.2500000000 0.0281752232 -2.2935039995
185 -4.0000000000 0.0231755107 -2.2932121381
186 -3.7500000000 0.0281752232 -2.2935039995
187 -3.5000000000 0.0450757525 -2.2944905786
188 -3.2500000000 0.0882661725 -2.2970118468
189 -4.7500000000 0.1663774746 -2.0000000000
190 -4.5000000000 0.2096414223 -2.0000000000
191 -4.2500000000 0.2265707233 -2.0000000000
192 -4.0000000000 0.2315789474 -2.0000000000
193 -3.7500000000 0.2265707233 -2.0000000000
194 -3.5000000000 0.2096414223 -2.0000000000
195 -3.2500000000 0.1663774746 -2.0000000000
196 -4.7500000000 0.1315789474 -2.0000000000
197 -4.5000000000 0.1315789474 -2.0000000000
198 -4.2500000000 0.1315789474 -2.0000000000
199 -4.0000000000 0.1315789474 -2.0000000000
200 -3.7500000000 0.1315789474 -2.0000000000
201 -3.5000000000 0.1315789474 -2.0000000000
202 -3.2500000000 0.1315789474 -2.0000000000
203 -4.7500000000 0.0967804201 -2.0000000000
204 -4.5000000000 0.0535164724 -2.0000000000
205 -4.2500000000 0.0365871714 -2.0000000000
206 -4.0000000000 0.0315789474 -2.0000000000
207 -3.7500000000 0.0365871714 -2.0000000000
208 -3.5000000000 0.0535164724 -2.0000000000
209 -3.2500000000 0.0967804201 -2.0000000000
210 -4.7500000000 0.1577449458 -1.6989322857
211 -4.5000000000 0.2009353658 -1.6964110176
212 -4.2500000000 0.2178358952 -1.6954244384
213 -4.0000000000 0.2228356077 -1.6951325771
214 -3.7500000000 0.2178358952 -1.6954244384
215 -3.5000000000 0.2009353658 -1.6964110176
216 -3.2500000000 0.1577449458 -1.6989322857
217 -4.7500000000 0.1230055592 -1.7009602195
218 -4.5000000000 0.1230055592 -1.7009602195
219 -4.2500000000 0.1230055592 -1.7009602195
220 -4.0000000000 0.1230055592 -1.7009602195
221 -3.7500000000 0.1230055592 -1.7009602195
222 -3.5000000000 0.1230055592 -1.7009602195
223 -3.2500000000 0.1230055592 -1.7009602195
224 -4.7500000000 0.0882661725 -1.7029881532
225 -4.5000000000 0.0450757525 -1.7055094214
226 -4.2500000000 0.0281752232 -1.7064960005
227 -4.0000000000 0.0231755107 -1.7067878619
228 -3.7500000000 0.0281752232 -1.7064960005
229 -3.5000000000 0.0450757525 -1.7055094214
230 -3.2500000000 0.0882661725 -1.7029881532
231 -4.7500000000 0.1345487010 -1.4551382266
232 -4.5000000000 0.1774661432 -1.4496735833
233 -4.2500000000 0.1942598556 -1.4475352535
234 -4.0000000000 0.1992279683 -1.4469026677
235 -3.7500000000 0.1942598556 -1.4475352535
236 -3.5000000000 0.1774661432 -1.4496735833
237 -3.2500000000 0.1345487010 -1.4551382266
238 -4.7500000000 0.1000288788 -1.4595336077
239 -4.5000000000 0.1000288788 -1.4595336077
240 -4.2500000000 0.1000288788 -1.4595336077
241 -4.0000000000 0.1000288788 -1.4595336077
242 -3.7500000000 0.1000288788 -1.4595336077
243 -3.5000000000 0.1000288788 -1.4595336077
244 -3.2500000000 0.1000288788 -1.4595336077
245 -4.7500000000 0.0655090566 -1.4639289888
246 -4.5000000000 0.0225916144 -1.4693936320
247 -4.2500000000 0.0057979019 -1.4715319619
248 -4.0000000000 0.0008297893 -1.4721645476
249 -3.7500000000 0.0057979019 -1.4715319619
250 -3.5000000000 0.0225916144 -1.4693936320
251 -3.2500000000 0.0655090566 -1.4639289888
252 -4.7500000000 0.1009293756 -1.2526506538
253 -4.5000000000 0.1434059804 -1.2444343763
254 -4.2500000000 0.1600271920 -1.2412193244
255 -4.0000000000 0.1649442734 -1.2402682101
256 -3.7500000000 0.1600271920 -1.2412193244
257 -3.5000000000 0.1434059804 -1.2444343763
258 -3.2500000000 0.1009293756 -1.2526506538
259 -4.7500000000 0.0667641326 -1.2592592593
260 -4.5000000000 0.0667641326 -1.2592592593
261 -4.2500000000 0.0667641326 -1.2592592593
262 -4.0000000000 0.0667641326 -1.2592592593
263 -3.7500000000 0.0667641326 -1.2592592593
264 -3.5000000000 0.0667641326 -1.2592592593
265 -3.2500000000 0.0667641326 -1.2592592593
266 -4.7500000000 0.0325988895 -1.2658678647
267 -4.5000000000 -0.0098777153 -1.2740841422
268 -4.2500000000 -0.0264989269 -1.2772991941
269 -4.0000000000 -0.0314160083 -1.2782503084
270 -3.7500000000 -0.0264989269 -1.2772991941
271 -3.5000000000 -0.0098777153 -1.2740841422
272 -3.2500000000 0.0325988895 -1.2658678647
273 -4.7500000000 0.0611946931 -1.0756833864
274 -4.5000000000 0.1033019264 -1.0657460793
275 -4.2500000000 0.1197786019 -1.0618575839
276 -4.0000000000 0.1246529249 -1.0607072436
277 -3.7500000000 0.1197786019 -1.0618575839
278 -3.5000000000 0.1033019264 -1.0657460793
279 -3.2500000000 0.0611946931 -1.0756833864
280 -4.7500000000 0.0273265468 -1.0836762689
281 -4.5000000000 0.0273265468 -1.0836762689
282 -4.2500000000 0.0273265468 -1.0836762689
283 -4.0000000000 0.0273265468 -1.0836762689
284 -3.7500000000 0.0273265468 -1.0836762689
285 -3.5000000000 0.0273265468 -1.0836762689
286 -3.2500000000 0.0273265468 -1.0836762689
287 -4.7500000000 -0.0065415994 -1.0916691514
288 -4.5000000000 -0.0486488328 -1.1016064584
289 -4.2500000000 -0.0651255082 -1.1054949539
290 -4.0000000000 -0.0699998313 -1.1066452941
291 -3.7500000000 -0.0651255082 -1.1054949539
292 -3.5000000000 -0.0486488328 -1.1016064584
293 -3.2500000000 -0.0065415994 -1.0916691514
294 -4.7500000000 0.0196994941 -0.9083308486
295 -4.5000000000 0.0618067275 -0.8983935416
296 -4.2500000000 0.0782834030 -0.8945050461
297 -4.0000000000 0.0831577260 -0.8933547059
298 -3.7500000000 0.0782834030 -0.8945050461
299 -3.5000000000 0.0618067275 -0.8983935416
300 -3.2500000000 0.0196994941 -0.9083308486
301 -4.7500000000 -0.0141686521 -0.9163237311
302 -4.5000000000 -0.0141686521 -0.9163237311
303 -4.2500000000 -0.0141686521 -0.9163237311
304 -4.0000000000 -0.0141686521 -0.9163237311
305 -3.7500000000 -0.0141686521 -0.9163237311
306 -3.5000000000 -0.0141686521 -0.9163237311
307 -3.2500000000 -0.0141686521 -0.9163237311
308 -4.7500000000 -0.0480367983 -0.9243166136
309 -4.5000000000 -0.0901440317 -0.9342539207
310 -4.2500000000 -0.1066207071 -0.9381424161
311 -4.0000000000 -0.1114950302 -0.9392927564
312 -3.7500000000 -0.1066207071 -0.9381424161
313 -3.5000000000 -0.0901440317 -0.9342539207
314 -3.2500000000 -0.0480367983 -0.9243166136
315 -4.7500000000 -0.0194409947 -0.7341321353
316 -4.5000000000 0.0230356101 -0.7259158578
317 -4.2500000000 0.0396568216 -0.7227008059
318 -4.0000000000 0.0445739030 -0.7217496916
319 -3.7500000000 0.0396568216 -0.7227008059
320 -3.5000000000 0.0230356101 -0.7259158578
321 -3.2500000000 -0.0194409947 -0.7341321353
322 -4.7500000000 -0.0536062378 -0.7407407407
323 -4.5000000000 -0.0536062378 -0.7407407407
324 -4.2500000000 -0.0536062378 -0.7407407407
325 -4.0000000000 -0.0536062378 -0.7407407407
326 -3.7500000000 -0.0536062378 -0.7407407407
327 -3.5000000000 -0.0536062378 -0.7407407407
328 -3.2500000000 -0.0536062378 -0.7407407407
329 -4.7500000000 -0.0877714809 -0.7473493462
330 -4.5000000000 -0.1302480857 -0.7555656237
331 -4.2500000000 -0.1468692972 -0.7587806756
332 -4.0000000000 -0.1517863786 -0.7597317899
333 -3.7500000000 -0.1468692972 -0.7587806756
334 -3.5000000000 -0.1302480857 -0.7555656237
335 -3.2500000000 -0.0877714809 -0.7473493462
336 -4.7500000000 -0.0523511618 -0.5360710112
337 -4.5000000000 -0.0094337196 -0.5306063680
338 -4.2500000000 0.0073599928 -0.5284680381
339 -4.0000000000 0.0123281054 -0.5278354524
340 -3.7500000000 0.0073599928 -0.5284680381
341 -3.5000000000 -0.0094337196 -0.5306063680
342 -3.2500000000 -0.0523511618 -0.5360710112
343 -4.7500000000 -0.0868709840 -0.5404663923
344 -4.5000000000 -0.0868709840 -0.5404663923
345 -4.2500000000 -0.0868709840 -0.5404663923
346 -4.0000000000 -0.0868709840 -0.5404663923
347 -3.7500000000 -0.0868709840 -0.5404663923
348 -3.5000000000 -0.0868709840 -0.5404663923
349 -3.2500000000 -0.0868709840 -0.5404663923
350 -4.7500000000 -0.1213908062 -0.5448617734
351 -4.5000000000 -0.1643082485 -0.5503264167
352 -4.2500000000 -0.1811019609 -0.5524647465
353 -4.0000000000 -0.1860700735 -0.5530973323
354 -3.7500000000 -0.1811019609 -0.5524647465
355 -3.5000000000 -0.1643082485 -0.5503264167
356 -3.2500000000 -0.1213908062 -0.5448617734
357 -4.7500000000 -0.0751082778 -0.2970118468
358 -4.5000000000 -0.0319178578 -0.2944905786
359 -4.2500000000 -0.0150173284 -0.2935039995
360 -4.0000000000 -0.0100176159 -0.2932121381
361 -3.7500000000 -0.0150173284 -0.2935039995
362 -3.5000000000 -0.0319178578 -0.2944905786
363 -3.2500000000 -0.0751082778 -0.2970118468
364 -4.7500000000 -0.1098476644 -0.2990397805
365 -4.5000000000 -0.1098476644 -0.2990397805
366 -4.2500000000 -0.1098476644 -0.2990397805
367 -4.0000000000 -0.1098476644 -0.2990397805
368 -3.7500000000 -0.1098476644 -0.2990397805
369 -3.5000000000 -0.1098476644 -0.2990397805
370 -3.2500000000 -0.1098476644 -0.2990397805
371 -4.7500000000 -0.1445870511 -0.3010677143
372 -4.5000000000 -0.1877774711 -0.3035889824
373 -4.2500000000 -0.2046780004 -0.3045755616
374 -4.0000000000 -0.2096777129 -0.3048674229
375 -3.7500000000 -0.2046780004 -0.3045755616
376 -3.5000000000 -0.1877774711 -0.3035889824
377 -3.2500000000 -0.1445870511 -0.3010677143
378 -4.7500000000 -0.0836225254 0.0000000000
379 -4.5000000000 -0.0403585777 0.0000000000
380 -4.2500000000 -0.0234292767 0.0000000000
381 -4.0000000000 -0.0184210526 0.0000000000
382 -3.7500000000 -0.0234292767 0.0000000000
383 -3.5000000000 -0.0403585777 0.0000000000
384 -3.2500000000 -0.0836225254 0.0000000000
385 -4.7500000000 -0.1184210526 0.0000000000
386 -4.5000000000 -0.1184210526 0.0000000000
387 -4.2500000000 -0.1184210526 0.0000000000
388 -4.0000000000 -0.1184210526 0.0000000000
389 -3.7500000000 -0.1184210526 0.0000000000
390 -3.5000000000 -0.1184210526 0.0000000000
391 -3.2500000000 -0.1184210526 0.0000000000
392 -4.7500000000 -0.1532195799 0.0000000000
393 -4.5000000000 -0.1964835276 0.0000000000
394 -4.2500000000 -0.2134128286 0.0000000000
395 -4.0000000000 -0.2184210526 0.0000000000
396 -3.7500000000 -0.2134128286 0.0000000000
397 -3.5000000000 -0.1964835276 0.0000000000
398 -3.2500000000 -0.1532195799 0.0000000000
399 -4.7500000000 -0.0836225254 0.0000000000
400 -4.5000000000 -0.0403585777 0.0000000000
401 -4.2500000000 -0.0234292767 0.0000000000
402 -4.0000000000 -0.0184210526 0.0000000000
403 -3.7500000000 -0.0234292767 0.0000000000
404 -3.5000000000 -0.0403585777 0.0000000000
405 -3.2500000000 -0.0836225254 0.0000000000
406 -4.7500000000 -0.1184210526 0.0000000000
407 -4.5000000000 -0.1184210526 0.0000000000
408 -4.2500000000 -0.1184210526 0.0000000000
409 -4.0000000000 -0.1184210526 0.0000000000
410 -3.7500000000 -0.1184210526 0.0000000000
411 -3.5000000000 -0.1184210526 0.0000000000
412 -3.2500000000 -0.1184210526 0.0000000000
413 -4.7500000000 -0.1532195799 0.0000000000
414 -4.5000000000 -0.1964835276 0.0000000000
415 -4.2500000000 -0.2134128286 0.0000000000
416 -4.0000000000 -0.2184210526 0.0000000000
417 -3.7500000000 -0.2134128286 0.0000000000
418 -3.5000000000 -0.1964835276 0.0000000000
419 -3.2500000000 -0.1532195799 0.0000000000
420 -4.7500000000 -0.0751082778 0.2970118468
421 -4.5000000000 -0.0319178578 0.2944905786
422 -4.2500000000 -0.0150173284 0.2935039995
423 -4.0000000000 -0.0100176159 0.2932121381
424 -3.7500000000 -0.0150173284 0.2935039995
425 -3.5000000000 -0.0319178578 0.2944905786
426 -3.2500000000 -0.0751082778 0.2970118468
427 -4.7500000000 -0.1098476644 0.2990397805
428 -4.5000000000 -0.1098476644 0.2990397805
429 -4.2500000000 -0.1098476644 0.2990397805
430 -4.0000000000 -0.1098476644 0.2990397805
431 -3.7500000000 -0.1098476644 0.2990397805
432 -3.5000000000 -0.1098476644 0.2990397805
433 -3.2500000000 -0.1098476644 0.2990397805
434 -4.7500000000 -0.1445870511 0.3010677143
435 -4.5000000000 -0.1877774711 0.3035889824
436 -4.2500000000 -0.2046780004 0.3045755616
437 -4.0000000000 -0.2096777129 0.3048674229
438 -3.7500000000 -0.2046780004 0.3045755616
439 -3.5000000000 -0.1877774711 0.3035889824
440 -3.2500000000 -0.1445870511 0.3010677143
441 -4.7500000000 -0.0523511618 0.5360710112
442 -4.5000000000 -0.0094337196 0.5306063680
443 -4.2500000000 0.0073599928 0.5284680381
444 -4.0000000000 0.0123281054 0.5278354524
445 -3.7500000000 0.0073599928 0.5284680381
446 -3.5000000000 -0.0094337196 0.5306063680
447 -3.2500000000 -0.0523511618 0.5360710112
448 -4.7500000000 -0.0868709840 0.5404663923
449 -4.5000000000 -0.0868709840 0.5404663923
450 -4.2500000000 -0.0868709840 0.5404663923
451 -4.0000000000 -0.0868709840 0.5404663923
452 -3.7500000000 -0.0868709840 0.5404663923
453 -3.5000000000 -0.0868709840 0.5404663923
454 -3.2500000000 -0.0868709840 0.5404663923
455 -4.7500000000 -0.1213908062 0.5448617734
456 -4.5000000000 -0.1643082485 0.5503264167
457 -4.2500000000 -0.1811019609 0.5524647465
458 -4.0000000000 -0.1860700735 0.5530973323
459 -3.7500000000 -0.1811019609 0.5524647465
460 -3.5000000000 -0.1643082485 0.5503264167
461 -3.2500000000 -0.1213908062 0.5448617734
462 -4.7500000000 -0.0194409947 0.7341321353
463 -4.5000000000 0.0230356101 0.7259158578
464 -4.2500000000 0.0396568216 0.7227008059
465 -4.0000000000 0.0445739030 0.7217496916
466 -3.7500000000 0.0396568216 0.7227008059
467 -3.5000000000 0.0230356101 0.7259158578
468 -3.2500000000 -0.0194409947 0.7341321353
469 -4.7500000000 -0.0536062378 0.7407407407
470 -4.5000000000 -0.0536062378 0.7407407407
471 -4.2500000000 -0.0536062378 0.7407407407
472 -4.0000000000 -0.0536062378 0.7407407407
473 -3.7500000000 -0.0536062378 0.7407407407
474 -3.5000000000 -0.0536062378 0.7407407407
475 -3.2500000000 -0.0536062378 0.7407407407
476 -4.7500000000 -0.0877714809 0.7473493462
477 -4.5000000000 -0.1302480857 0.7555656237
478 -4.2500000000 -0.1468692972 0.7587806756
479 -4.0000000000 -0.1517863786 0.7597317899
480 -3.7500000000 -0.1468692972 0.7587806756
481 -3.5000000000 -0.1302480857 0.7555656237
482 -3.2500000000 -0.0877714809 0.7473493462
483 -4.7500000000 0.0196994941 0.9083308486
484 -4.5000000000 0.0618067275 0.8983935416
485 -4.2500000000 0.0782834030 0.8945050461
486 -4.0000000000 0.0831577260 0.8933547059
487 -3.7500000000 0.0782834030 0.8945050461
488 -3.5000000000 0.0618067275 0.8983935416
489 -3.2500000000 0.0196994941 0.9083308486
490 -4.7500000000 -0.0141686521 0.9163237311
491 -4.5000000000 -0.0141686521 0.9163237311
492 -4.2500000000 -0.0141686521 0.9163237311
493 -4.0000000000 -0.0141686521 0.9163237311
494 -3.7500000000 -0.0141686521 0.9163237311
495 -3.5000000000 -0.0141686521 0.9163237311
496 -3.2500000000 -0.0141686521 0.9163237311
497 -4.7500000000 -0.0480367983 0.9243166136
498 -4.5000000000 -0.0901440317 0.9342539207
499 -4.2500000000 -0.1066207071 0.9381424161
500 -4.0000000000 -0.1114950302 0.9392927564
501 -3.7500000000 -0.1066207071 0.9381424161
502 -3.5000000000 -0.0901440317 0.9342539207
503 -3.2500000000 -0.0480367983 0.9243166136
504 -4.7500000000 0.0611946931 1.0756833864
505 -4.5000000000 0.1033019264 1.0657460793
506 -4.2500000000 0.1197786019 1.0618575839
507 -4.0000000000 0.1246529249 1.0607072436
508 -3.7500000000 0.1197786019 1.0618575839
509 -3.5000000000 0.1033019264 1.0657460793
510 -3.2500000000 0.0611946931 1.0756833864
511 -4.7500000000 0.0273265468 1.0836762689
512 -4.5000000000 0.0273265468 1.0836762689
513 -4.2500000000 0.0273265468 1.0836762689
514 -4.0000000000 0.0273265468 1.0836762689
515 -3.7500000000 0.0273265468 1.0836762689
516 -3.5000000000 0.0273265468 1.0836762689
517 -3.2500000000 0.0273265468 1.0836762689
518 -4.7500000000 -0.0065415994 1.0916691514
519 -4.5000000000 -0.0486488328 1.1016064584
520 -4.2500000000 -0.0651255082 1.1054949539
521 -4.0000000000 -0.0699998313 1.1066452941
522 -3.7500000000 -0.0651255082 1.1054949539
523 -3.5000000000 -0.0486488328 1.1016064584
524 -3.2500000000 -0.0065415994 1.0916691514
525 -4.7500000000 0.1009293756 1.2526506538
526 -4.5000000000 0.1434059804 1.2444343763
527 -4.2500000000 0.1600271920 1.2412193244
528 -4.0000000000 0.1649442734 1.2402682101
529 -3.7500000000 0.1600271920 1.2412193244
530 -3.5000000000 0.1434059804 1.2444343763
531 -3.2500000000 0.1009293756 1.2526506538
532 -4.7500000000 0.0667641326 1.2592592593
533 -4.5000000000 0.0667641326 1.2592592593
534 -4.2500000000 0.0667641326 1.2592592593
535 -4.0000000000 0.0667641326 1.2592592593
536 -3.7500000000 0.0667641326 1.2592592593
537 -3.5000000000 0.0667641326 1.2592592593
538 -3.2500000000 0.0667641326 1.2592592593
539 -4.7500000000 0.0325988895 1.2658678647
540 -4.5000000000 -0.0098777153 1.2740841422
541 -4.2500000000 -0.0264989269 1.2772991941
542 -4.0000000000 -0.0314160083 1.2782503084
543 -3.7500000000 -0.0264989269 1.2772991941
544 -3.5000000000 -0.0098777153 1.2740841422
545 -3.2500000000 0.0325988895 1.2658678647
546 -4.7500000000 0.1345487010 1.4551382266
547 -4.5000000000 0.1774661432 1.4496735833
548 -4.2500000000 0.1942598556 1.4475352535
549 -4.0000000000 0.1992279683 1.4469026677
550 -3.7500000000 0.1942598556 1.4475352535
551 -3.5000000000 0.1774661432 1.4496735833
552 -3.2500000000 0.1345487010 1.4551382266
553 -4.7500000000 0.1000288788 1.4595336077
554 -4.5000000000 0.1000288788 1.4595336077
555 -4.2500000000 0.1000288788 1.4595336077
556 -4.0000000000 0.1000288788 1.4595336077
557 -3.7500000000 0.1000288788 1.4595336077
558 -3.5000000000 0.1000288788 1.4595336077
559 -3.2500000000 0.1000288788 1.4595336077
560 -4.7500000000 0.0655090566 1.4639289888
561 -4.5000000000 0.0225916144 1.4693936320
562 -4.2500000000 0.0057979019 1.4715319619
563 -4.0000000000 0.0008297893 1.4721645476
564 -3.7500000000 0.0057979019 1.4715319619
565 -3.5000000000 0.0225916144 1.4693936320
566 -3.2500000000 0.0655090566 1.4639289888
567 -4.7500000000 0.1577449458 1.6989322857
568 -4.5000000000 0.2009353658 1.6964110176
569 -4.2500000000 0.2178358952 1.6954244384
570 -4.0000000000 0.2228356077 1.6951325771
571 -3.7500000000 0.2178358952 1.6954244384
572 -3.5000000000 0.2009353658 1.6964110176
573 -3.2500000000 0.1577449458 1.6989322857
574 -4.7500000000 0.1230055592 1.7009602195
575 -4.5000000000 0.1230055592 1.7009602195
576 -4.2500000000 0.1230055592 1.7009602195
577 -4.0000000000 0.1230055592 1.7009602195
578 -3.7500000000 0.1230055592 1.7009602195
579 -3.5000000000 0.1230055592 1.7009602195
580 -3.2500000000 0.1230055592 1.7009602195
581 -4.7500000000 0.0882661725 1.7029881532
582 -4.5000000000 0.0450757525 1.7055094214
583 -4.2500000000 0.0281752232 1.7064960005
584 -4.0000000000 0.0231755107 1.7067878619
585 -3.7500000000 0.0281752232 1.7064960005
586 -3.5000000000 0.0450757525 1.7055094214
587 -3.2500000000 0.0882661725 1.7029881532
588 -4.7500000000 0.1663774746 2.0000000000
589 -4.5000000000 0.2096414223 2.0000000000
590 -4.2500000000 0.2265707233 2.0000000000
591 -4.0000000000 0.2315789474 2.0000000000
592 -3.7500000000 0.2265707233 2.0000000000
593 -3.5000000000 0.2096414223 2.0000000000
594 -3.2500000000 0.1663774746 2.0000000000
595 -4.7500000000 0.1315789474 2.0000000000
596 -4.5000000000 0.1315789474 2.0000000000
597 -4.2500000000 0.1315789474 2.0000000000
598 -4.0000000000 0.1315789474 2.0000000000
599 -3.7500000000 0.1315789474 2.0000000000
600 -3.5000000000 0.1315789474 2.0000000000
601 -3.2500000000 0.1315789474 2.0000000000
602 -4.7500000000 0.0967804201 2.0000000000
603 -4.5000000000 0.0535164724 2.0000000000
604 -4.2500000000 0.0365871714 2.0000000000
605 -4.0000000000 0.0315789474 2.0000000000
606 -3.7500000000 0.0365871714 2.0000000000
607 -3.5000000000 0.0535164724 2.0000000000
608 -3.2500000000 0.0967804201 2.0000000000
609 -4.7500000000 0.1577449458 2.3010677143
610 -4.5000000000 0.2009353658 2.3035889824
611 -4.2500000000 0.2178358952 2.3045755616
612 -4.0000000000 0.2228356077 2.3048674229
613 -3.7500000000 0.2178358952 2.3045755616
614 -3.5000000000 0.2009353658 2.3035889824
615 -3.2500000000 0.1577449458 2.3010677143
616 -4.7500000000 0.1230055592 2.2990397805
617 -4.5000000000 0.1230055592 2.2990397805
618 -4.2500000000 0.1230055592 2.2990397805
619 -4.0000000000 0.1230055592 2.2990397805
620 -3.7500000000 0.1230055592 2.2990397805
621 -3.5000000000 0.1230055592 2.2990397805
622 -3.2500000000 0.1230055592 2.2990397805
623 -4.7500000000 0.0882661725 2.2970118468
624 -4.5000000000 0.0450757525 2.2944905786
625 -4.2500000000 0.0281752232 2.2935039995
626 -4.0000000000 0.0231755107 2.2932121381
627 -3.7500000000 0.0281752232 2.2935039995
628 -3.5000000000 0.0450757525 2.2944905786
629 -3.2500000000 0.0882661725 2.2970118468
630 -4.7500000000 0.1345487010 2.5448617734
631 -4.5000000000 0.1774661432 2.5503264167
632 -4.2500000000 0.1942598556 2.5524647465
633 -4.0000000000 0.1992279683 2.5530973323
634 -3.7500000000 0.1942598556 2.5524647465
635 -3.5000000000 0.1774661432 2.5503264167
636 -3.2500000000 0.1345487010 2.5448617734
637 -4.7500000000 0.1000288788 2.5404663923
638 -4.5000000000 0.1000288788 2.5404663923
639 -4.2500000000 0.1000288788 2.5404663923
640 -4.0000000000 0.1000288788 2.5404663923
641 -3.7500000000 0.1000288788 2.5404663923
642 -3.5000000000 0.1000288788 2.5404663923
643 -3.2500000000 0.1000288788 2.5404663923
644 -4.7500000000 0.0655090566 2.5360710112
645 -4.5000000000 0.0225916144 2.5306063680
646 -4.2500000000 0.0057979019 2.5284680381
647 -4.0000000000 0.0008297893 2.5278354524
648 -3.7500000000 0.0057979019 2.5284680381
649 -3.5000000000 0.0225916144 2.5306063680
650 -3.2500000000 0.0655090566 2.5360710112
651 -4.7500000000 0.1009293756 2.7473493462
652 -4.5000000000 0.1434059804 2.7555656237
653 -4.2500000000 0.1600271920 2.7587806756
654 -4.0000000000 0.1649442734 2.7597317899
655 -3.7500000000 0.1600271920 2.7587806756
656 -3.5000000000 0.1434059804 2.7555656237
657 -3.2500000000 0.1009293756 2.7473493462
658 -4.7500000000 0.0667641326 2.7407407407
659 -4.5000000000 0.0667641326 2.7407407407
660 -4.2500000000 0.0667641326 2.7407407407
661 -4.0000000000 0.0667641326 2.7407407407
662 -3.7500000000 0.0667641326 2.7407407407
663 -3.5000000000 0.0667641326 2.7407407407
664 -3.2500000000 0.0667641326 2.7407407407
665 -4.7500000000 0.0325988895 2.7341321353
666 -4.5000000000 -0.0098777153 2.7259158578
667 -4.2500000000 -0.0264989269 2.7227008059
668 -4.0000000000 -0.0314160083 2.7217496916
669 -3.7500000000 -0.0264989269 2.7227008059
670 -3.5000000000 -0.0098777153 2.7259158578
671 -3.2500000000 0.0325988895 2.7341321353
672 -4.7500000000 0.0611946931 2.9243166136
673 -4.5000000000 0.1033019264 2.9342539207
674 -4.2500000000 0.1197786019 2.9381424161
675 -4.0000000000 0.1246529249 2.9392927564
676 -3.7500000000 0.1197786019 2.9381424161
677 -3.5000000000 0.1033019264 2.9342539207
678 -3.2500000000 0.0611946931 2.9243166136
679 -4.7500000000 0.0273265468 2.9163237311
680 -4.5000000000 0.0273265468 2.9163237311
681 -4.2500000000 0.0273265468 2.9163237311
682 -4.0000000000 0.0273265468 2.9163237311
683 -3.7500000000 0.0273265468 2.9163237311
684 -3.5000000000 0.0273265468 2.9163237311
685 -3.2500000000 0.0273265468 2.9163237311
686 -4.7500000000 -0.0065415994 2.9083308486
687 -4.5000000000 -0.0486488328 2.8983935416
688 -4.2500000000 -0.0651255082 2.8945050461
689 -4.0000000000 -0.0699998313 2.8933547059
690 -3.7500000000 -0.0651255082 2.8945050461
691 -3.5000000000 -0.0486488328 2.8983935416
692 -3.2500000000 -0.0065415994 2.9083308486
693 -4.7500000000 0.0196994941 3.0916691514
694 -4.5000000000 0.0618067275 3.1016064584
695 -4.2500000000 0.0782834030 3.1054949539
696 -4.0000000000 0.0831577260 3.1066452941
697 -3.7500000000 0.0782834030 3.1054949539
698 -3.5000000000 0.0618067275 3.1016064584
699 -3.2500000000 0.0196994941 3.0916691514
700 -4.7500000000 -0.0141686521 3.0836762689
701 -4.5000000000 -0.0141686521 3.0836762689
702 -4.2500000000 -0.0141686521 3.0836762689
703 -4.0000000000 -0.0141686521 3.0836762689
704 -3.7500000000 -0.0141686521 3.0836762689
705 -3.5000000000 -0.0141686521 3.0836762689
706 -3.2500000000 -0.0141686521 3.0836762689
707 -4.7500000000 -0.0480367983 3.0756833864
708 -4.5000000000 -0.0901440317 3.0657460793
709 -4.2500000000 -0.1066207071 3.0618575839
710 -4.0000000000 -0.1114950302 3.0607072436
711 -3.7500000000 -0.1066207071 3.0618575839
712 -3.5000000000 -0.0901440317 3.0657460793
713 -3.2500000000 -0.0480367983 3.0756833864
714 -4.7500000000 -0.0194409947 3.2658678647
715 -4.5000000000 0.0230356101 3.2740841422
716 -4.2500000000 0.0396568216 3.2772991941
717 -4.0000000000 0.0445739030 3.2782503084
718 -3.7500000000 0.0396568216 3.2772991941
719 -3.5000000000 0.0230356101 3.2740841422
720 -3.2500000000 -0.0194409947 3.2658678647
721 -4.7500000000 -0.0536062378 3.2592592593
722 -4.5000000000 -0.0536062378 3.2592592593
723 -4.2500000000 -0.0536062378 3.2592592593
724 -4.0000000000 -0.0536062378 3.2592592593
725 -3.7500000000 -0.0536062378 3.2592592593
726 -3.5000000000 -0.0536062378 3.2592592593
727 -3.2500000000 -0.0536062378 3.2592592593
728 -4.7500000000 -0.0877714809 3.2526506538
729 -4.5000000000 -0.1302480857 3.2444343763
730 -4.2500000000 -0.1468692972 3.2412193244
731 -4.0000000000 -0.1517863786 3.2402682101
732 -3.7500000000 -0.1468692972 3.2412193244
733 -3.5000000000 -0.1302480857 3.2444343763
734 -3.2500000000 -0.0877714809 3.2526506538
735 -4.7500000000 -0.0523511618 3.4639289888
736 -4.5000000000 -0.0094337196 3.4693936320
737 -4.2500000000 0.0073599928 3.4715319619
738 -4.0000000000 0.0123281054 3.4721645476
739 -3.7500000000 0.0073599928 3.4715319619
740 -3.5000000000 -0.0094337196 3.4693936320
741 -3.2500000000 -0.0523511618 3.4639289888
742 -4.7500000000 -0.0868709840 3.4595336077
743 -4.5000000000 -0.0868709840 3.4595336077
744 -4.2500000000 -0.0868709840 3.4595336077
745 -4.0000000000 -0.0868709840 3.4595336077
746 -3.7500000000 -0.0868709840 3.4595336077
747 -3.5000000000 -0.0868709840 3.4595336077
748 -3.2500000000 -0.0868709840 3.4595336077
749 -4.7500000000 -0.1213908062 3.4551382266
750 -4.5000000000 -0.1643082485 3.4496735833
751 -4.2500000000 -0.1811019609 3.4475352535
752 -4.0000000000 -0.1860700735 3.4469026677
753 -3.7500000000 -0.1811019609 3.4475352535
754 -3.5000000000 -0.1643082485 3.4496735833
755 -3.2500000000 -0.1213908062 3.4551382266
756 -4.7500000000 -0.0751082778 3.7029881532
757 -4.5000000000 -0.0319178578 3.7055094214
758 -4.2500000000 -0.0150173284 3.7064960005
759 -4.0000000000 -0.0100176159 3.7067878619
760 -3.7500000000 -0.0150173284 3.7064960005
761 -3.5000000000 -0.0319178578 3.7055094214
762 -3.2500000000 -0.0751082778 3.7029881532
763 -4.7500000000 -0.1098476644 3.7009602195
764 -4.5000000000 -0.1098476644 3.7009602195
765 -4.2500000000 -0.1098476644 3.7009602195
766 -4.0000000000 -0.1098476644 3.7009602195
767 -3.7500000000 -0.1098476644 3.7009602195
768 -3.5000000000 -0.1098476644 3.7009602195
769 -3.2500000000 -0.1098476644 3.7009602195
770 -4.7500000000 -0.1445870511 3.6989322857
771 -4.5000000000 -0.1877774711 3.6964110176
772 -4.2500000000 -0.2046780004 3.6954244384
773 -4.0000000000 -0.2096777129 3.6951325771
774 -3.7500000000 -0.2046780004 3.6954244384
775 -3.5000000000 -0.1877774711 3.6964110176
776 -3.2500000000 -0.1445870511 3.6989322857
777 -4.7500000000 -0.0836225254 4.0000000000
778 -4.5000000000 -0.0403585777 4.0000000000
779 -4.2500000000 -0.0234292767 4.0000000000
780 -4.0000000000 -0.0184210526 4.0000000000
781 -3.7500000000 -0.0234292767 4.0000000000
782 -3.5000000000 -0.0403585777 4.0000000000
783 -3.2500000000 -0.0836225254 4.0000000000
784 -4.7500000000 -0.1184210526 4.0000000000
785 -4.5000000000 -0.1184210526 4.0000000000
786 -4.2500000000 -0.1184210526 4.0000000000
787 -4.0000000000 -0.1184210526 4.0000000000
788 -3.7500000000 -0.1184210526 4.0000000000
789 -3.5000000000 -0.1184210526 4.0000000000
790 -3.2500000000 -0.1184210526 4.0000000000
791 -4.7500000000 -0.1532195799 4.0000000000
792 -4.5000000000 -0.1964835276 4.0000000000
793 -4.2500000000 -0.2134128286 4.0000000000
794 -4.0000000000 -0.2184210526 4.0000000000
795 -3.7500000000 -0.2134128286 4.0000000000
796 -3.5000000000 -0.1964835276 4.0000000000
797 -3.2500000000 -0.1532195799 4.0000000000
798 -2.7500000000 0.1532195799 -4.0000000000
799 -2.5000000000 0.1964835276 -4.0000000000
800 -2.2500000000 0.2134128286 -4.0000000000
801 -2.0000000000 0.2184210526 -4.0000000000
802 -1.7500000000 0.2134128286 -4.0000000000
803 -1.5000000000 0.1964835276 -4.0000000000
804 -1.2500000000 0.1532195799 -4.0000000000
805 -2.7500000000 0.1184210526 -4.0000000000
806 -2.5000000000 0.1184210526 -4.0000000000
807 -2.2500000000 0.1184210526 -4.0000000000
808 -2.0000000000 0.1184210526 -4.0000000000
809 -1.7500000000 0.1184210526 -4.0000000000
810 -1.5000000000 0.1184210526 -4.0000000000
811 -1.2500000000 0.1184210526 -4.0000000000
812 -2.7500000000 0.0836225254 -4.0000000000
813 -2.5000000000 0.0403585777 -4.0000000000
814 -2.2500000000 0.0234292767 -4.0000000000
815 -2.0000000000 0.0184210526 -4.0000000000
816 -1.7500000000 0.0234292767 -4.0000000000
817 -1.5000000000 0.0403585777 -4.0000000000
818 -1.2500000000 0.0836225254 -4.0000000000
819 -2.7500000000 0.1445870511 -3.6989322857
820 -2.5000000000 0.1877774711 -3.6964110176
821 -2.2500000000 0.2046780004 -3.6954244384
822 -2.0000000000 0.2096777129 -3.6951325771
823 -1.7500000000 0.2046780004 -3.6954244384
824 -1.5000000000 0.1877774711 -3.6964110176
825 -1.2500000000 0.1445870511 -3.6989322857
826 -2.7500000000 0.1098476644 -3.7009602195
827 -2.5000000000 0.1098476644 -3.7009602195
828 -2.2500000000 0.1098476644 -3.7009602195
829 -2.0000000000 0.1098476644 -3.7009602195
830 -1.7500000000 0.1098476644 -3.7009602195
831 -1.5000000000 0.1098476644 -3.7009602195
832 -1.2500000000 0.1098476644 -3.7009602195
833 -2.7500000000 0.0751082778 -3.7029881532
834 -2.5000000000 0.0319178578 -3.7055094214
835 -2.2500000000 0.0150173284 -3.7064960005
836 -2.0000000000 0.0100176159 -3.7067878619
837 -1.7500000000 0.0150173284 -3.7064960005
838 -1.5000000000 0.0319178578 -3.7055094214
839 -1.2500000000 0.0751082778 -3.7029881532
840 -2.7500000000 0.1213908062 -3.4551382266
841 -2.5000000000 0.1643082485 -3.4496735833
842 -2.2500000000 0.1811019609 -3.4475352535
843 -2.0000000000 0.1860700735 -3.4469026677
844 -1.7500000000 0.1811019609 -3.4475352535
845 -1.5000000000 0.1643082485 -3.4496735833
846 -1.2500000000 0.1213908062 -3.4551382266
847 -2.7500000000 0.0868709840 -3.4595336077
848 -2.5000000000 0.0868709840 -3.4595336077
849 -2.2500000000 0.0868709840 -3.4595336077
850 -2.0000000000 0.0868709840 -3.4595336077
851 -1.7500000000 0.0868709840 -3.4595336077
852 -1.5000000000 0.0868709840 -3.4595336077
853 -1.2500000000 0.0868709840 -3.4595336077
854 -2.7500000000 0.0523511618 -3.4639289888
855 -2.5000000000 0.0094337196 -3.4693936320
856 -2.2500000000 -0.0073599928 -3.4715319619
857 -2.0000000000 -0.0123281054 -3.4721645476
858 -1.7500000000 -0.0073599928 -3.4715319619
859 -1.5000000000 0.0094337196 -3.4693936320
860 -1.2500000000 0.0523511618 -3.4639289888
861 -2.7500000000 0.0877714809 -3.2526506538
862 -2.5000000000 0.1302480857 -3.2444343763
863 -2.2500000000 0.1468692972 -3.2412193244
864 -2.0000000000 0.1517863786 -3.2402682101
865 -1.7500000000 0.1468692972 -3.2412193244
866 -1.5000000000 0.1302480857 -3.2444343763
867 -1.2500000000 0.0877714809 -3.2526506538
868 -2.7500000000 0.0536062378 -3.2592592593
869 -2.5000000000 0.0536062378 -3.2592592593
870 -2.2500000000 0.0536062378 -3.2592592593
871 -2.0000000000 0.0536062378 -3.2592592593
872 -1.7500000000 0.0536062378 -3.2592592593
873 -1.5000000000 0.0536062378 -3.2592592593
874 -1.2500000000 0.0536062378 -3.2592592593
875 -2.7500000000 0.0194409947 -3.2658678647
876 -2.5000000000 -0.0230356101 -3.2740841422
877 -2.2500000000 -0.0396568216 -3.2772991941
878 -2.0000000000 -0.0445739030 -3.2782503084
879 -1.7500000000 -0.0396568216 -3.2772991941
880 -1.5000000000 -0.0230356101 -3.2740841422
881 -1.2500000000 0.0194409947 -3.2658678647
882 -2.7500000000 0.0480367983 -3.0756833864
883 -2.5000000000 0.0901440317 -3.0657460793
884 -2.2500000000 0.1066207071 -3.0618575839
885 -2.0000000000 0.1114950302 -3.0607072436
886 -1.7500000000 0.1066207071 -3.0618575839
887 -1.5000000000 0.0901440317 -3.0657460793
888 -1.2500000000 0.0480367983 -3.0756833864
889 -2.7500000000 0.0141686521 -3.0836762689
890 -2.5000000000 0.0141686521 -3.0836762689
891 -2.2500000000 0.0141686521 -3.0836762689
892 -2.0000000000 0.0141686521 -3.0836762689
893 -1.7500000000 0.0141686521 -3.0836762689
894 -1.5000000000 0.0141686521 -3.0836762689
895 -1.2500000000 0.0141686521 -3.0836762689
896 -2.7500000000 -0.0196994941 -3.0916691514
897 -2.5000000000 -0.0618067275 -3.1016064584
898 -2.2500000000 -0.0782834030 -3.1054949539
899 -2.0000000000 -0.0831577260 -3.1066452941
900 -1.7500000000 -0.0782834030 -3.1054949539
901 -1.5000000000 -0.0618067275 -3.1016064584
902 -1.2500000000 -0.0196994941 -3.0916691514
903 -2.7500000000 0.0065415994 -2.9083308486
904 -2.5000000000 0.0486488328 -2.8983935416
905 -2.2500000000 0.0651255082 -2.8945050461
906 -2.0000000000 0.0699998313 -2.8933547059
907 -1.7500000000 0.0651255082 -2.8945050461
908 -1.5000000000 0.0486488328 -2.8983935416
909 -1.2500000000 0.0065415994 -2.9083308486
910 -2.7500000000 -0.0273265468 -2.9163237311
911 -2.5000000000 -0.0273265468 -2.9163237311
912 -2.2500000000 -0.0273265468 -2.9163237311
913 -2.0000000000 -0.0273265468 -2.9163237311
914 -1.7500000000 -0.0273265468 -2.9163237311
915 -1.5000000000 -0.0273265468 -2.9163237311
916 -1.2500000000 -0.0273265468 -2.9163237311
917 -2.7500000000 -0.0611946931 -2.9243166136
918 -2.5000000000 -0.1033019264 -2.9342539207
919 -2.2500000000 -0.1197786019 -2.9381424161
920 -2.0000000000 -0.1246529249 -2.9392927564
921 -1.7500000000 -0.1197786019 -2.9381424161
922 -1.5000000000 -0.1033019264 -2.9342539207
923 -1.2500000000 -0.0611946931 -2.9243166136
924 -2.7500000000 -0.0325988895 -2.7341321353
925 -2.5000000000 0.0098777153 -2.7259158578
926 -2.2500000000 0.0264989269 -2.7227008059
927 -2.0000000000 0.0314160083 -2.7217496916
928 -1.7500000000 0.0264989269 -2.7227008059
929 -1.5000000000 0.0098777153 -2.7259158578
930 -1.2500000000 -0.0325988895 -2.7341321353
931 -2.7500000000 -0.0667641326 -2.7407407407
932 -2.5000000000 -0.0667641326 -2.7407407407
933 -2.2500000000 -0.0667641326 -2.7407407407
934 -2.0000000000 -0.0667641326 -2.7407407407
935 -1.7500000000 -0.0667641326 -2.7407407407
936 -1.5000000000 -0.0667641326 -2.7407407407
937 -1.2500000000 -0.0667641326 -2.7407407407
938 -2.7500000000 -0.1009293756 -2.7473493462
939 -2.5000000000 -0.1434059804 -2.7555656237
940 -2.2500000000 -0.1600271920 -2.7587806756
941 -2.0000000000 -0.1649442734 -2.7597317899
942 -1.7500000000 -0.1600271920 -2.7587806756
943 -1.5000000000 -0.1434059804 -2.7555656237
944 -1.2500000000 -0.1009293756 -2.7473493462
945 -2.7500000000 -0.0655090566 -2.5360710112
946 -2.5000000000 -0.0225916144 -2.5306063680
947 -2.2500000000 -0.0057979019 -2.5284680381
948 -2.0000000000 -0.0008297893 -2.5278354524
949 -1.7500000000 -0.0057979019 -2.5284680381
950 -1.5000000000 -0.0225916144 -2.5306063680
951 -1.2500000000 -0.0655090566 -2.5360710112
952 -2.7500000000 -0.1000288788 -2.5404663923
953 -2.5000000000 -0.1000288788 -2.5404663923
954 -2.2500000000 -0.1000288788 -2.5404663923
955 -2.0000000000 -0.1000288788 -2.5404663923
956 -1.7500000000 -0.1000288788 -2.5404663923
957 -1.5000000000 -0.1000288788 -2.5404663923
958 -1.2500000000 -0.1000288788 -2.5404663923
959 -2.7500000000 -0.1345487010 -2.5448617734
960 -2.5000000000 -0.1774661432 -2.5503264167
961 -2.2500000000 -0.1942598556 -2.5524647465
962 -2.0000000000 -0.1992279683 -2.5530973323
963 -1.7500000000 -0.1942598556 -2.5524647465
964 -1.5000000000 -0.1774661432 -2.5503264167
965 -1.2500000000 -0.1345487010 -2.5448617734
966 -2.7500000000 -0.0882661725 -2.2970118468
967 -2.5000000000 -0.0450757525 -2.2944905786
968 -2.2500000000 -0.0281752232 -2.2935039995
969 -2.0000000000 -0.0231755107 -2.2932121381
970 -1.7500000000 -0.0281752232 -2.2935039995
971 -1.5000000000 -0.0450757525 -2.2944905786
972 -1.2500000000 -0.0882661725 -2.2970118468
973 -2.7500000000 -0.1230055592 -2.2990397805
974 -2.5000000000 -0.1230055592 -2.2990397805
975 -2.2500000000 -0.1230055592 -2.2990397805
976 -2.0000000000 -0.1230055592 -2.2990397805
977 -1.7500000000 -0.1230055592 -2.2990397805
978 -1.5000000000 -0.1230055592 -2.2990397805
979 -1.2500000000 -0.1230055592 -2.2990397805
980 -2.7500000000 -0.1577449458 -2.3010677143
981 -2.5000000000 -0.2009353658 -2.3035889824
982 -2.2500000000 -0.2178358952 -2.3045755616
983 -2.0000000000 -0.2228356077 -2.3048674229
984 -1.7500000000 -0.2178358952 -2.3045755616
985 -1.5000000000 -0.2009353658 -2.3035889824
986 -1.2500000000 -0.1577449458 -2.3010677143
987 -2.7500000000 -0.0967804201 -2.0000000000
988 -2.5000000000 -0.0535164724 -2.0000000000
989 -2.2500000000 -0.0365871714 -2.0000000000
990 -2.0000000000 -0.0315789474 -2.0000000000
991 -1.7500000000 -0.0365871714 -2.0000000000
992 -1.5000000000 -0.0535164724 -2.0000000000
993 -1.2500000000 -0.0967804201 -2.0000000000
994 -2.7500000000 -0.1315789474 -2.0000000000
995 -2.5000000000 -0.1315789474 -2.0000000000
996 -2.2500000000 -0.1315789474 -2.0000000000
997 -2.0000000000 -0.1315789474 -2.0000000000
998 -1.7500000000 -0.1315789474 -2.0000000000
999 -1.5000000000 -0.1315789474 -2.0000000000
1000 -1.2500000000 -0.1315789474 -2.0000000000
1001 -2.7500000000 -0.1663774746 -2.0000000000
1002 -2.5000000000 -0.2096414223 -2.0000000000
1003 -2.2500000000 -0.2265707233 -2.0000000000
1004 -2.0000000000 -0.2315789474 -2.0000000000
1005 -1.7500000000 -0.2265707233 -2.0000000000
1006 -1.5000000000 -0.2096414223 -2.0000000000
1007 -1.2500000000 -0.1663774746 -2.0000000000
1008 -2.7500000000 -0.0882661725 -1.7029881532
1009 -2.5000000000 -0.0450757525 -1.7055094214
1010 -2.2500000000 -0.0281752232 -1.7064960005
1011 -2.0000000000 -0.0231755107 -1.7067878619
1012 -1.7500000000 -0.0281752232 -1.7064960005
1013 -1.5000000000 -0.0450757525 -1.7055094214
1014 -1.2500000000 -0.0882661725 -1.7029881532
1015 -2.7500000000 -0.1230055592 -1.7009602195
1016 -2.5000000000 -0.1230055592 -1.7009602195
1017 -2.2500000000 -0.1230055592 -1.7009602195
1018 -2.0000000000 -0.1230055592 -1.7009602195
1019 -1.7500000000 -0.1230055592 -1.7009602195
1020 -1.5000000000 -0.1230055592 -1.7009602195
1021 -1.2500000000 -0.1230055592 -1.7009602195
1022 -2.7500000000 -0.1577449458 -1.6989322857
1023 -2.5000000000 -0.2009353658 -1.6964110176
1024 -2.2500000000 -0.2178358952 -1.6954244384
1025 -2.0000000000 -0.2228356077 -1.6951325771
1026 -1.7500000000 -0.2178358952 -1.6954244384
1027 -1.5000000000 -0.2009353658 -1.6964110176
1028 -1.2500000000 -0.1577449458 -1.6989322857
1029 -2.7500000000 -0.0655090566 -1.4639289888
1030 -2.5000000000 -0.0225916144 -1.4693936320
1031 -2.2500000000 -0.0057979019 -1.4715319619
1032 -2.0000000000 -0.0008297893 -1.4721645476
1033 -1.7500000000 -0.0057979019 -1.4715319619
1034 -1.5000000000 -0.0225916144 -1.4693936320
1035 -1.2500000000 -0.0655090566 -1.4639289888
1036 -2.7500000000 -0.1000288788 -1.4595336077
1037 -2.5000000000 -0.1000288788 -1.4595336077
1038 -2.2500000000 -0.1000288788 -1.4595336077
1039 -2.0000000000 -0.1000288788 -1.4595336077
1040 -1.7500000000 -0.1000288788 -1.4595336077
1041 -1.5000000000 -0.1000288788 -1.4595336077
1042 -1.2500000000 -0.1000288788 -1.4595336077
1043 -2.7500000000 -0.1345487010 -1.4551382266
1044 -2.5000000000 -0.1774661432 -1.4496735833
1045 -2.2500000000 -0.1942598556 -1.4475352535
1046 -2.0000000000 -0.1992279683 -1.4469026677
1047 -1.7500000000 -0.1942598556 -1.4475352535
1048 -1.5000000000 -0.1774661432 -1.4496735833
1049 -1.2500000000 -0.1345487010 -1.4551382266
1050 -2.7500000000 -0.0325988895 -1.2658678647
1051 -2.5000000000 0.0098777153 -1.2740841422
1052 -2.2500000000 0.0264989269 -1.2772991941
1053 -2.0000000000 0.0314160083 -1.2782503084
1054 -1.7500000000 0.0264989269 -1.2772991941
1055 -1.5000000000 0.0098777153 -1.2740841422
1056 -1.2500000000 -0.0325988895 -1.2658678647
1057 -2.7500000000 -0.0667641326 -1.2592592593
1058 -2.5000000000 -0.0667641326 -1.2592592593
1059 -2.2500000000 -0.0667641326 -1.2592592593
1060 -2.0000000000 -0.0667641326 -1.2592592593
1061 -1.7500000000 -0.0667641326 -1.2592592593
1062 -1.5000000000 -0.0667641326 -1.2592592593
1063 -1.2500000000 -0.0667641326 -1.2592592593
1064 -2.7500000000 -0.1009293756 -1.2526506538
1065 -2.5000000000 -0.1434059804 -1.2444343763
1066 -2.2500000000 -0.1600271920 -1.2412193244
1067 -2.0000000000 -0.1649442734 -1.2402682101
1068 -1.7500000000 -0.1600271920 -1.2412193244
1069 -1.5000000000 -0.1434059804 -1.2444343763
1070 -1.2500000000 -0.1009293756 -1.2526506538
1071 -2.7500000000 0.0065415994 -1.0916691514
1072 -2.5000000000 0.0486488328 -1.1016064584
1073 -2.2500000000 0.0651255082 -1.1054949539
1074 -2.0000000000 0.0699998313 -1.1066452941
1075 -1.7500000000 0.0651255082 -1.1054949539
1076 -1.5000000000 0.0486488328 -1.1016064584
1077 -1.2500000000 0.0065415994 -1.0916691514
1078 -2.7500000000 -0.0273265468 -1.0836762689
1079 -2.5000000000 -0.0273265468 -1.0836762689
1080 -2.2500000000 -0.0273265468 -1.0836762689
1081 -2.0000000000 -0.0273265468 -1.0836762689
1082 -1.7500000000 -0.0273265468 -1.0836762689
1083 -1.5000000000 -0.0273265468 -1.0836762689
1084 -1.2500000000 -0.0273265468 -1.0836762689
1085 -2.7500000000 -0.0611946931 -1.0756833864
1086 -2.5000000000 -0.1033019264 -1.0657460793
1087 -2.2500000000 -0.1197786019 -1.0618575839
1088 -2.0000000000 -0.1246529249 -1.0607072436
1089 -1.7500000000 -0.1197786019 -1.0618575839
1090 -1.5000000000 -0.1033019264 -1.0657460793
1091 -1.2500000000 -0.0611946931 -1.0756833864
1092 -2.7500000000 0.0480367983 -0.9243166136
1093 -2.5000000000 0.0901440317 -0.9342539207
1094 -2.2500000000 0.1066207071 -0.9381424161
1095 -2.0000000000 0.1114950302 -0.9392927564
1096 -1.7500000000 0.1066207071 -0.9381424161
1097 -1.5000000000 0.0901440317 -0.9342539207
1098 -1.2500000000 0.0480367983 -0.9243166136
1099 -2.7500000000 0.0141686521 -0.9163237311
1100 -2.5000000000 0.0141686521 -0.9163237311
1101 -2.2500000000 0.0141686521 -0.9163237311
1102 -2.0000000000 0.0141686521 -0.9163237311
1103 -1.7500000000 0.0141686521 -0.9163237311
1104 -1.5000000000 0.0141686521 -0.9163237311
1105 -1.2500000000 0.0141686521 -0.9163237311
1106 -2.7500000000 -0.0196994941 -0.9083308486
1107 -2.5000000000 -0.0618067275 -0.8983935416
1108 -2.2500000000 -0.0782834030 -0.8945050461
1109 -2.0000000000 -0.0831577260 -0.8933547059
1110 -1.7500000000 -0.0782834030 -0.8945050461
1111 -1.5000000000 -0.0618067275 -0.8983935416
1112 -1.2500000000 -0.0196994941 -0.9083308486
1113 -2.7500000000 0.0877714809 -0.7473493462
1114 -2.5000000000 0.1302480857 -0.7555656237
1115 -2.2500000000 0.1468692972 -0.7587806756
1116 -2.0000000000 0.1517863786 -0.7597317899
1117 -1.7500000000 0.1468692972 -0.7587806756
1118 -1.5000000000 0.1302480857 -0.7555656237
1119 -1.2500000000 0.0877714809 -0.7473493462
1120 -2.7500000000 0.0536062378 -0.7407407407
1121 -2.5000000000 0.0536062378 -0.7407407407
1122 -2.2500000000 0.0536062378 -0.7407407407
1123 -2.0000000000 0.0536062378 -0.7407407407
1124 -1.7500000000 0.0536062378 -0.7407407407
1125 -1.5000000000 0.0536062378 -0.7407407407
1126 -1.2500000000 0.0536062378 -0.7407407407
1127 -2.7500000000 0.0194409947 -0.7341321353
1128 -2.5000000000 -0.0230356101 -0.7259158578
1129 -2.2500000000 -0.0396568216 -0.7227008059
1130 -2.0000000000 -0.0445739030 -0.7217496916
1131 -1.7500000000 -0.0396568216 -0.7227008059
1132 -1.5000000000 -0.0230356101 -0.7259158578
1133 -1.2500000000 0.0194409947 -0.7341321353
1134 -2.7500000000 0.1213908062 -0.5448617734
1135 -2.5000000000 0.1643082485 -0.5503264167
1136 -2.2500000000 0.1811019609 -0.5524647465
1137 -2.0000000000 0.1860700735 -0.5530973323
1138 -1.7500000000 0.1811019609 -0.5524647465
1139 -1.5000000000 0.1643082485 -0.5503264167
1140 -1.2500000000 0.1213908062 -0.5448617734
1141 -2.7500000000 0.0868709840 -0.5404663923
1142 -2.5000000000 0.0868709840 -0.5404663923
1143 -2.2500000000 0.0868709840 -0.5404663923
1144 -2.0000000000 0.0868709840 -0.5404663923
1145 -1.7500000000 0.0868709840 -0.5404663923
1146 -1.5000000000 0.0868709840 -0.5404663923
1147 -1.2500000000 0.0868709840 -0.5404663923
1148 -2.7500000000 0.0523511618 -0.5360710112
1149 -2.5000000000 0.0094337196 -0.5306063680
1150 -2.2500000000 -0.0073599928 -0.5284680381
1151 -2.0000000000 -0.0123281054 -0.5278354524
1152 -1.7500000000 -0.0073599928 -0.5284680381
1153 -1.5000000000 0.0094337196 -0.5306063680
1154 -1.2500000000 0.0523511618 -0.5360710112
1155 -2.7500000000 0.1445870511 -0.3010677143
1156 -2.5000000000 0.1877774711 -0.3035889824
1157 -2.2500000000 0.2046780004 -0.3045755616
1158 -2.0000000000 0.2096777129 -0.3048674229
1159 -1.7500000000 0.2046780004 -0.3045755616
1160 -1.5000000000 0.1877774711 -0.3035889824
1161 -1.2500000000 0.1445870511 -0.3010677143
1162 -2.7500000000 0.1098476644 -0.2990397805
1163 -2.5000000000 0.1098476644 -0.2990397805
1164 -2.2500000000 0.1098476644 -0.2990397805
1165 -2.0000000000 0.1098476644 -0.2990397805
1166 -1.7500000000 0.1098476644 -0.2990397805
1167 -1.5000000000 0.1098476644 -0.2990397805
1168 -1.2500000000 0.1098476644 -0.2990397805
1169 -2.7500000000 0.0751082778 -0.2970118468
1170 -2.5000000000 0.0319178578 -0.2944905786
1171 -2.2500000000 0.0150173284 -0.2935039995
1172 -2.0000000000 0.0100176159 -0.2932121381
1173 -1.7500000000 0.0150173284 -0.2935039995
1174 -1.5000000000 0.0319178578 -0.2944905786
1175 -1.2500000000 0.0751082778 -0.2970118468
1176 -2.7500000000 0.1532195799 -0.0000000000
1177 -2.5000000000 0.1964835276 -0.0000000000
1178 -2.2500000000 0.2134128286 -0.0000000000
1179 -2.0000000000 0.2184210526 -0.0000000000
1180 -1.7500000000 0.2134128286 -0.0000000000
1181 -1.5000000000 0.1964835276 -0.0000000000
1182 -1.2500000000 0.1532195799 -0.0000000000
1183 -2.7500000000 0.1184210526 -0.0000000000
1184 -2.5000000000 0.1184210526 -0.0000000000
1185 -2.2500000000 0.1184210526 -0.0000000000
1186 -2.0000000000 0.1184210526 -0.0000000000
1187 -1.7500000000 0.1184210526 -0.0000000000
1188 -1.5000000000 0.1184210526 -0.0000000000
1189 -1.2500000000 0.1184210526 -0.0000000000
1190 -2.7500000000 0.0836225254 -0.0000000000
1191 -2.5000000000 0.0403585777 -0.0000000000
1192 -2.2500000000 0.0234292767 -0.0000000000
1193 -2.0000000000 0.0184210526 -0.0000000000
1194 -1.7500000000 0.0234292767 -0.0000000000
1195 -1.5000000000 0.0403585777 -0.0000000000
1196 -1.2500000000 0.0836225254 -0.0000000000
1197 -2.7500000000 0.1532195799 -0.0000000000
1198 -2.5000000000 0.1964835276 -0.0000000000
1199 -2.2500000000 0.2134128286 -0.0000000000
1200 -2.0000000000 0.2184210526 -0.0000000000
1201 -1.7500000000 0.2134128286 -0.0000000000
1202 -1.5000000000 0.1964835276 -0.0000000000
1203 -1.2500000000 0.1532195799 -0.0000000000
1204 -2.7500000000 0.1184210526 -0.0000000000
1205 -2.5000000000 0.1184210526 -0.0000000000
1206 -2.2500000000 0.1184210526 -0.0000000000
1207 -2.0000000000 0.1184210526 -0.0000000000
1208 -1.7500000000 0.1184210526 -0.0000000000
1209 -1.5000000000 0.1184210526 -0.0000000000
1210 -1.2500000000 0.1184210526 -0.0000000000
1211 -2.7500000000 0.0836225254 -0.0000000000
1212 -2.5000000000 0.0403585777 -0.0000000000
1213 -2.2500000000 0.0234292767 -0.0000000000
1214 -2.0000000000 0.0184210526 -0.0000000000
1215 -1.7500000000 0.0234292767 -0.0000000000
1216 -1.5000000000 0.0403585777 -0.0000000000
1217 -1.2500000000 0.0836225254 -0.0000000000
1218 -2.7500000000 0.1445870511 0.3010677143
1219 -2.5000000000 0.1877774711 0.3035889824
1220 -2.2500000000 0.2046780004 0.3045755616
1221 -2.0000000000 0.2096777129 0.3048674229
1222 -1.7500000000 0.2046780004 0.3045755616
1223 -1.5000000000 0.1877774711 0.3035889824
1224 -1.2500000000 0.1445870511 0.3010677143
1225 -2.7500000000 0.1098476644 0.2990397805
1226 -2.5000000000 0.1098476644 0.2990397805
1227 -2.2500000000 0.1098476644 0.2990397805
1228 -2.0000000000 0.1098476644 0.2990397805
1229 -1.7500000000 0.1098476644 0.2990397805
1230 -1.5000000000 0.1098476644 0.2990397805
1231 -1.2500000000 0.1098476644 0.2990397805
1232 -2.7500000000 0.0751082778 0.2970118468
1233 -2.5000000000 0.0319178578 0.2944905786
1234 -2.2500000000 0.0150173284 0.2935039995
1235 -2.0000000000 0.0100176159 0.2932121381
1236 -1.7500000000 0.0150173284 0.2935039995
1237 -1.5000000000 0.0319178578 0.2944905786
1238 -1.2500000000 0.0751082778 0.2970118468
1239 -2.7500000000 0.1213908062 0.5448617734
1240 -2.5000000000 0.1643082485 0.5503264167
1241 -2.2500000000 0.1811019609 0.5524647465
1242 -2.0000000000 0.1860700735 0.5530973323
1243 -1.7500000000 0.1811019609 0.5524647465
1244 -1.5000000000 0.1643082485 0.5503264167
1245 -1.2500000000 0.1213908062 0.5448617734
1246 -2.7500000000 0.0868709840 0.5404663923
1247 -2.5000000000 0.0868709840 0.5404663923
1248 -2.2500000000 0.0868709840 0.5404663923
1249 -2.0000000000 0.0868709840 0.5404663923
1250 -1.7500000000 0.0868709840 0.5404663923
1251 -1.5000000000 0.0868709840 0.5404663923
1252 -1.2500000000 0.0868709840 0.5404663923
1253 -2.7500000000 0.0523511618 0.5360710112
1254 -2.5000000000 0.0094337196 0.5306063680
1255 -2.2500000000 -0.0073599928 0.5284680381
1256 -2.0000000000 -0.0123281054 0.5278354524
1257 -1.7500000000 -0.0073599928 0.5284680381
1258 -1.5000000000 0.0094337196 0.5306063680
1259 -1.2500000000 0.0523511618 0.5360710112
1260 -2.7500000000 0.0877714809 0.7473493462
1261 -2.5000000000 0.1302480857 0.7555656237
1262 -2.2500000000 0.1468692972 0.7587806756
1263 -2.0000000000 0.1517863786 0.7597317899
1264 -1.7500000000 0.1468692972 0.7587806756
1265 -1.5000000000 0.1302480857 0.7555656237
1266 -1.2500000000 0.0877714809 0.7473493462
1267 -2.7500000000 0.0536062378 0.7407407407
1268 -2.5000000000 0.0536062378 0.7407407407
1269 -2.2500000000 0.0536062378 0.7407407407
1270 -2.0000000000 0.0536062378 0.7407407407
1271 -1.7500000000 0.0536062378 0.7407407407
1272 -1.5000000000 0.0536062378 0.7407407407
1273 -1.2500000000 0.0536062378 0.7407407407
1274 -2.7500000000 0.0194409947 0.7341321353
1275 -2.5000000000 -0.0230356101 0.7259158578
1276 -2.2500000000 -0.0396568216 0.7227008059
1277 -2.0000000000 -0.0445739030 0.7217496916
1278 -1.7500000000 -0.0396568216 0.7227008059
1279 -1.5000000000 -0.0230356101 0.7259158578
1280 -1.2500000000 0.0194409947 0.7341321353
1281 -2.7500000000 0.0480367983 0.9243166136
1282 -2.5000000000 0.0901440317 0.9342539207
1283 -2.2500000000 0.1066207071 0.9381424161
1284 -2.0000000000 0.1114950302 0.9392927564
1285 -1.7500000000 0.1066207071 0.9381424161
1286 -1.5000000000 0.0901440317 0.9342539207
1287 -1.2500000000 0.0480367983 0.9243166136
1288 -2.7500000000 0.0141686521 0.9163237311
1289 -2.5000000000 0.0141686521 0.9163237311
1290 -2.2500000000 0.0141686521 0.9163237311
1291 -2.0000000000 0.0141686521 0.9163237311
1292 -1.7500000000 0.0141686521 0.9163237311
1293 -1.5000000000 0.0141686521 0.9163237311
1294 -1.2500000000 0.0141686521 0.9163237311
1295 -2.7500000000 -0.0196994941 0.9083308486
1296 -2.5000000000 -0.0618067275 0.8983935416
1297 -2.2500000000 -0.0782834030 0.8945050461
1298 -2.0000000000 -0.0831577260 0.8933547059
1299 -1.7500000000 -0.0782834030 0.8945050461
1300 -1.5000000000 -0.0618067275 0.8983935416
1301 -1.2500000000 -0.0196994941 0.9083308486
1302 -2.7500000000 0.0065415994 1.0916691514
1303 -2.5000000000 0.0486488328 1.1016064584
1304 -2.2500000000 0.0651255082 1.1054949539
1305 -2.0000000000 0.0699998313 1.1066452941
1306 -1.7500000000 0.0651255082 1.1054949539
1307 -1.5000000000 0.0486488328 1.1016064584
1308 -1.2500000000 0.0065415994 1.0916691514
1309 -2.7500000000 -0.0273265468 1.0836762689
1310 -2.5000000000 -0.0273265468 1.0836762689
1311 -2.2500000000 -0.0273265468 1.0836762689
1312 -2.0000000000 -0.0273265468 1.0836762689
1313 -1.7500000000 -0.0273265468 1.0836762689
1314 -1.5000000000 -0.0273265468 1.0836762689
1315 -1.2500000000 -0.0273265468 1.0836762689
1316 -2.7500000000 -0.0611946931 1.0756833864
1317 -2.5000000000 -0.1033019264 1.0657460793
1318 -2.2500000000 -0.1197786019 1.0618575839
1319 -2.0000000000 -0.1246529249 1.0607072436
1320 -1.7500000000 -0.1197786019 1.0618575839
1321 -1.5000000000 -0.1033019264 1.0657460793
1322 -1.2500000000 -0.0611946931 1.0756833864
1323 -2.7500000000 -0.0325988895 1.2658678647
1324 -2.5000000000 0.0098777153 1.2740841422
1325 -2.2500000000 0.0264989269 1.2772991941
1326 -2.0000000000 0.0314160083 1.2782503084
1327 -1.7500000000 0.0264989269 1.2772991941
1328 -1.5000000000 0.0098777153 1.2740841422
1329 -1.2500000000 -0.0325988895 1.2658678647
1330 -2.7500000000 -0.0667641326 1.2592592593
1331 -2.5000000000 -0.0667641326 1.2592592593
1332 -2.2500000000 -0.0667641326 1.2592592593
1333 -2.0000000000 -0.0667641326 1.2592592593
1334 -1.7500000000 -0.0667641326 1.2592592593
1335 -1.5000000000 -0.0667641326 1.2592592593
1336 -1.2500000000 -0.0667641326 1.2592592593
1337 -2.7500000000 -0.1009293756 1.2526506538
1338 -2.5000000000 -0.1434059804 1.2444343763
1339 -2.2500000000 -0.1600271920 1.2412193244
1340 -2.0000000000 -0.1649442734 1.2402682101
1341 -1.7500000000 -0.1600271920 1.2412193244
1342 -1.5000000000 -0.1434059804 1.2444343763
1343 -1.2500000000 -0.1009293756 1.2526506538
1344 -2.7500000000 -0.0655090566 1.4639289888
1345 -2.5000000000 -0.0225916144 1.4693936320
1346 -2.2500000000 -0.0057979019 1.4715319619
1347 -2.0000000000 -0.0008297893 1.4721645476
1348 -1.7500000000 -0.0057979019 1.4715319619
1349 -1.5000000000 -0.0225916144 1.4693936320
1350 -1.2500000000 -0.0655090566 1.4639289888
1351 -2.7500000000 -0.1000288788 1.4595336077
1352 -2.5000000000 -0.1000288788 1.4595336077
1353 -2.2500000000 -0.1000288788 1.4595336077
1354 -2.0000000000 -0.1000288788 1.4595336077
1355 -1.7500000000 -0.1000288788 1.4595336077
1356 -1.5000000000 -0.1000288788 1.4595336077
1357 -1.2500000000 -0.1000288788 1.4595336077
1358 -2.7500000000 -0.1345487010 1.4551382266
1359 -2.5000000000 -0.1774661432 1.4496735833
1360 -2.2500000000 -0.1942598556 1.4475352535
1361 -2.0000000000 -0.1992279683 1.4469026677
1362 -1.7500000000 -0.1942598556 1.4475352535
1363 -1.5000000000 -0.1774661432 1.4496735833
1364 -1.2500000000 -0.1345487010 1.4551382266
1365 -2.7500000000 -0.0882661725 1.7029881532
1366 -2.5000000000 -0.0450757525 1.7055094214
1367 -2.2500000000 -0.0281752232 1.7064960005
1368 -2.0000000000 -0.0231755107 1.7067878619
1369 -1.7500000000 -0.0281752232 1.7064960005
1370 -1.5000000000 -0.0450757525 1.7055094214
1371 -1.2500000000 -0.0882661725 1.7029881532
1372 -2.7500000000 -0.1230055592 1.7009602195
1373 -2.5000000000 -0.1230055592 1.7009602195
1374 -2.2500000000 -0.1230055592 1.7009602195
1375 -2.0000000000 -0.1230055592 1.7009602195
1376 -1.7500000000 -0.1230055592 1.7009602195
1377 -1.5000000000 -0.1230055592 1.7009602195
1378 -1.2500000000 -0.1230055592 1.7009602195
1379 -2.7500000000 -0.1577449458 1.6989322857
1380 -2.5000000000 -0.2009353658 1.6964110176
1381 -2.2500000000 -0.2178358952 1.6954244384
1382 -2.0000000000 -0.2228356077 1.6951325771
1383 -1.7500000000 -0.2178358952 1.6954244384
1384 -1.5000000000 -0.2009353658 1.6964110176
1385 -1.2500000000 -0.1577449458 1.6989322857
1386 -2.7500000000 -0.0967804201 2.0000000000
1387 -2.5000000000 -0.0535164724 2.0000000000
1388 -2.2500000000 -0.0365871714 2.0000000000
1389 -2.0000000000 -0.0315789474 2.0000000000
1390 -1.7500000000 -0.0365871714 2.0000000000
1391 -1.5000000000 -0.0535164724 2.0000000000
1392 -1.2500000000 -0.0967804201 2.0000000000
1393 -2.7500000000 -0.1315789474 2.0000000000
1394 -2.5000000000 -0.1315789474 2.0000000000
1395 -2.2500000000 -0.1315789474 2.0000000000
1396 -2.0000000000 -0.1315789474 2.0000000000
1397 -1.7500000000 -0.1315789474 2.0000000000
1398 -1.5000000000 -0.1315789474 2.0000000000
1399 -1.2500000000 -0.1315789474 2.0000000000
1400 -2.7500000000 -0.1663774746 2.0000000000
1401 -2.5000000000 -0.2096414223 2.0000000000
1402 -2.2500000000 -0.2265707233 2.0000000000
1403 -2.0000000000 -0.2315789474 2.0000000000
1404 -1.7500000000 -0.2265707233 2.0000000000
1405 -1.5000000000 -0.2096414223 2.0000000000
1406 -1.2500000000 -0.1663774746 2.0000000000
1407 -2.7500000000 -0.0882661725 2.2970118468
1408 -2.5000000000 -0.0450757525 2.2944905786
1409 -2.2500000000 -0.0281752232 2.2935039995
1410 -2.0000000000 -0.0231755107 2.2932121381
1411 -1.7500000000 -0.0281752232 2.2935039995
1412 -1.5000000000 -0.0450757525 2.2944905786
1413 -1.2500000000 -0.0882661725 2.2970118468
1414 -2.7500000000 -0.1230055592 2.2990397805
1415 -2.5000000000 -0.1230055592 2.2990397805
1416 -2.2500000000 -0.1230055592 2.2990397805
1417 -2.0000000000 -0.1230055592 2.2990397805
1418 -1.7500000000 -0.1230055592 2.2990397805
1419 -1.5000000000 -0.1230055592 2.2990397805
1420 -1.2500000000 -0.1230055592 2.2990397805
1421 -2.7500000000 -0.1577449458 2.3010677143
1422 -2.5000000000 -0.2009353658 2.3035889824
1423 -2.2500000000 -0.2178358952 2.3045755616
1424 -2.0000000000 -0.2228356077 2.3048674229
1425 -1.7500000000 -0.2178358952 2.3045755616
1426 -1.5000000000 -0.2009353658 2.3035889824
1427 -1.2500000000 -0.1577449458 2.3010677143
1428 -2.7500000000 -0.0655090566 2.5360710112
1429 -2.5000000000 -0.0225916144 2.5306063680
1430 -2.2500000000 -0.0057979019 2.5284680381
1431 -2.0000000000 -0.0008297893 2.5278354524
1432 -1.7500000000 -0.0057979019 2.5284680381
1433 -1.5000000000 -0.0225916144 2.5306063680
1434 -1.2500000000 -0.0655090566 2.5360710112
1435 -2.7500000000 -0.1000288788 2.5404663923
1436 -2.5000000000 -0.1000288788 2.5404663923
1437 -2.2500000000 -0.1000288788 2.5404663923
1438 -2.0000000000 -0.1000288788 2.5404663923
1439 -1.7500000000 -0.1000288788 2.5404663923
1440 -1.5000000000 -0.1000288788 2.5404663923
1441 -1.2500000000 -0.1000288788 2.5404663923
1442 -2.7500000000 -0.1345487010 2.5448617734
1443 -2.5000000000 -0.1774661432 2.5503264167
1444 -2.2500000000 -0.1942598556 2.5524647465
1445 -2.0000000000 -0.1992279683 2.5530973323
1446 -1.7500000000 -0.1942598556 2.5524647465
1447 -1.5000000000 -0.1774661432 2.5503264167
1448 -1.2500000000 -0.1345487010 2.5448617734
1449 -2.7500000000 -0.0325988895 2.7341321353
1450 -2.5000000000 0.0098777153 2.7259158578
1451 -2.2500000000 0.0264989269 2.7227008059
1452 -2.0000000000 0.0314160083 2.7217496916
1453 -1.7500000000 0.0264989269 2.7227008059
1454 -1.5000000000 0.0098777153 2.7259158578
1455 -1.2500000000 -0.0325988895 2.7341321353
1456 -2.7500000000 -0.0667641326 2.7407407407
1457 -2.5000000000 -0.0667641326 2.7407407407
1458 -2.2500000000 -0.0667641326 2.7407407407
1459 -2.0000000000 -0.0667641326 2.7407407407
1460 -1.7500000000 -0.0667641326 2.7407407407
1461 -1.5000000000 -0.0667641326 2.7407407407
1462 -1.2500000000 -0.0667641326 2.7407407407
1463 -2.7500000000 -0.1009293756 2.7473493462
1464 -2.5000000000 -0.1434059804 2.7555656237
1465 -2.2500000000 -0.1600271920 2.7587806756
1466 -2.0000000000 -0.1649442734 2.7597317899
1467 -1.7500000000 -0.1600271920 2.7587806756
1468 -1.5000000000 -0.1434059804 2.7555656237
1469 -1.2500000000 -0.1009293756 2.7473493462
1470 -2.7500000000 0.0065415994 2.9083308486
1471 -2.5000000000 0.0486488328 2.8983935416
1472 -2.2500000000 0.0651255082 2.8945050461
1473 -2.0000000000 0.0699998313 2.8933547059
1474 -1.7500000000 0.0651255082 2.8945050461
1475 -1.5000000000 0.0486488328 2.8983935416
1476 -1.2500000000 0.0065415994 2.9083308486
1477 -2.7500000000 -0.0273265468 2.9163237311
1478 -2.5000000000 -0.0273265468 2.9163237311
1479 -2.2500000000 -0.0273265468 2.9163237311
1480 -2.0000000000 -0.0273265468 2.9163237311
1481 -1.7500000000 -0.0273265468 2.9163237311
1482 -1.5000000000 -0.0273265468 2.9163237311
1483 -1.2500000000 -0.0273265468 2.9163237311
1484 -2.7500000000 -0.0611946931 2.9243166136
1485 -2.5000000000 -0.1033019264 2.9342539207
1486 -2.2500000000 -0.1197786019 2.9381424161
1487 -2.0000000000 -0.1246529249 2.9392927564
1488 -1.7500000000 -0.1197786019 2.9381424161
1489 -1.5000000000 -0.1033019264 2.9342539207
1490 -1.2500000000 -0.0611946931 2.9243166136
1491 -2.7500000000 0.0480367983 3.0756833864
1492 -2.5000000000 0.0901440317 3.0657460793
1493 -2.2500000000 0.1066207071 3.0618575839
1494 -2.0000000000 0.1114950302 3.0607072436
1495 -1.7500000000 0.1066207071 3.0618575839
1496 -1.5000000000 0.0901440317 3.0657460793
1497 -1.2500000000 0.0480367983 3.0756833864
1498 -2.7500000000 0.0141686521 3.0836762689
1499 -2.5000000000 0.0141686521 3.0836762689
1500 -2.2500000000 0.0141686521 3.0836762689
1501 -2.0000000000 0.0141686521 3.0836762689
1502 -1.7500000000 0.0141686521 3.0836762689
1503 -1.5000000000 0.0141686521 3.0836762689
1504 -1.2500000000 0.0141686521 3.0836762689
1505 -2.7500000000 -0.0196994941 3.0916691514
1506 -2.5000000000 -0.0618067275 3.1016064584
1507 -2.2500000000 -0.0782834030 3.1054949539
1508 -2.0000000000 -0.0831577260 3.1066452941
1509 -1.7500000000 -0.0782834030 3.1054949539
1510 -1.5000000000 -0.0618067275 3.1016064584
1511 -1.2500000000 -0.0196994941 3.0916691514
1512 -2.7500000000 0.0877714809 3.2526506538
1513 -2.5000000000 0.1302480857 3.2444343763
1514 -2.2500000000 0.1468692972 3.2412193244
1515 -2.0000000000 0.1517863786 3.2402682101
1516 -1.7500000000 0.1468692972 3.2412193244
1517 -1.5000000000 0.1302480857 3.2444343763
1518 -1.2500000000 0.0877714809 3.2526506538
1519 -2.7500000000 0.0536062378 3.2592592593
1520 -2.5000000000 0.0536062378 3.2592592593
1521 -2.2500000000 0.0536062378 3.2592592593
1522 -2.0000000000 0.0536062378 3.2592592593
1523 -1.7500000000 0.0536062378 3.2592592593
1524 -1.5000000000 0.0536062378 3.2592592593
1525 -1.2500000000 0.0536062378 3.2592592593
1526 -2.7500000000 0.0194409947 3.2658678647
1527 -2.5000000000 -0.0230356101 3.2740841422
1528 -2.2500000000 -0.0396568216 3.2772991941
1529 -2.0000000000 -0.0445739030 3.2782503084
1530 -1.7500000000 -0.0396568216 3.2772991941
1531 -1.5000000000 -0.0230356101 3.2740841422
1532 -1.2500000000 0.0194409947 3.2658678647
1533 -2.7500000000 0.1213908062 3.4551382266
1534 -2.5000000000 0.1643082485 3.4496735833
1535 -2.2500000000 0.1811019609 3.4475352535
1536 -2.0000000000 0.1860700735 3.4469026677
1537 -1.7500000000 0.1811019609 3.4475352535
1538 -1.5000000000 0.1643082485 3.4496735833
1539 -1.2500000000 0.1213908062 3.4551382266
1540 -2.7500000000 0.0868709840 3.4595336077
1541 -2.5000000000 0.0868709840 3.4595336077
1542 -2.2500000000 0.0868709840 3.4595336077
1543 -2.0000000000 0.0868709840 3.4595336077
1544 -1.7500000000 0.0868709840 3.4595336077
1545 -1.5000000000 0.0868709840 3.4595336077
1546 -1.2500000000 0.0868709840 3.4595336077
1547 -2.7500000000 0.0523511618 3.4639289888
1548 -2.5000000000 0.0094337196 3.4693936320
1549 -2.2500000000 -0.0073599928 3.4715319619
1550 -2.0000000000 -0.0123281054 3.4721645476
1551 -1.7500000000 -0.0073599928 3.4715319619
1552 -1.5000000000 0.0094337196 3.4693936320
1553 -1.2500000000 0.0523511618 3.4639289888
1554 -2.7500000000 0.1445870511 3.6989322857
1555 -2.5000000000 0.1877774711 3.6964110176
1556 -2.2500000000 0.2046780004 3.6954244384
1557 -2.0000000000 0.2096777129 3.6951325771
1558 -1.7500000000 0.2046780004 3.6954244384
1559 -1.5000000000 0.1877774711 3.6964110176
1560 -1.2500000000 0.1445870511 3.6989322857
1561 -2.7500000000 0.1098476644 3.7009602195
1562 -2.5000000000 0.1098476644 3.7009602195
1563 -2.2500000000 0.1098476644 3.7009602195
1564 -2.0000000000 0.1098476644 3.7009602195
1565 -1.7500000000 0.1098476644 3.7009602195
1566 -1.5000000000 0.1098476644 3.7009602195
1567 -1.2500000000 0.1098476644 3.7009602195
1568 -2.7500000000 0.0751082778 3.7029881532
1569 -2.5000000000 0.0319178578 3.7055094214
1570 -2.2500000000 0.0150173284 3.7064960005
1571 -2.0000000000 0.0100176159 3.7067878619
1572 -1.7500000000 0.0150173284 3.7064960005
1573 -1.5000000000 0.0319178578 3.7055094214
1574 -1.2500000000 0.0751082778 3.7029881532
1575 -2.7500000000 0.1532195799 4.0000000000
1576 -2.5000000000 0.1964835276 4.0000000000
1577 -2.2500000000 0.2134128286 4.0000000000
1578 -2.0000000000 0.2184210526 4.0000000000
1579 -1.7500000000 0.2134128286 4.0000000000
1580 -1.5000000000 0.1964835276 4.0000000000
1581 -1.2500000000 0.1532195799 4.0000000000
1582 -2.7500000000 0.1184210526 4.0000000000
1583 -2.5000000000 0.1184210526 4.0000000000
1584 -2.2500000000 0.1184210526 4.0000000000
1585 -2.0000000000 0.1184210526 4.0000000000
1586 -1.7500000000 0.1184210526 4.0000000000
1587 -1.5000000000 0.1184210526 4.0000000000
1588 -1.2500000000 0.1184210526 4.0000000000
1589 -2.7500000000 0.0836225254 4.0000000000
1590 -2.5000000000 0.0403585777 4.0000000000
1591 -2.2500000000 0.0234292767 4.0000000000
1592 -2.0000000000 0.0184210526 4.0000000000
1593 -1.7500000000 0.0234292767 4.0000000000
1594 -1.5000000000 0.0403585777 4.0000000000
1595 -1.2500000000 0.0836225254 4.0000000000
1596 -0.7500000000 -0.0836225254 -4.0000000000
1597 -0.5000000000 -0.0403585777 -4.0000000000
1598 -0.2500000000 -0.0234292767 -4.0000000000
1599 -0.0000000000 -0.0184210526 -4.0000000000
1600 0.2500000000 -0.0234292767 -4.0000000000
1601 0.5000000000 -0.0403585777 -4.0000000000
1602 0.7500000000 -0.0836225254 -4.0000000000
1603 -0.7500000000 -0.1184210526 -4.0000000000
1604 -0.5000000000 -0.1184210526 -4.0000000000
1605 -0.2500000000 -0.1184210526 -4.0000000000
1606 -0.0000000000 -0.1184210526 -4.0000000000
1607 0.2500000000 -0.1184210526 -4.0000000000
1608 0.5000000000 -0.1184210526 -4.0000000000
1609 0.7500000000 -0.1184210526 -4.0000000000
1610 -0.7500000000 -0.1532195799 -4.0000000000
1611 -0.5000000000 -0.1964835276 -4.0000000000
1612 -0.2500000000 -0.2134128286 -4.0000000000
1613 -0.0000000000 -0.2184210526 -4.0000000000
1614 0.2500000000 -0.2134128286 -4.0000000000
1615 0.5000000000 -0.1964835276 -4.0000000000
1616 0.7500000000 -0.1532195799 -4.0000000000
1617 -0.7500000000 -0.0751082778 -3.7029881532
1618 -0.5000000000 -0.0319178578 -3.7055094214
1619 -0.2500000000 -0.0150173284 -3.7064960005
1620 -0.0000000000 -0.0100176159 -3.7067878619
1621 0.2500000000 -0.0150173284 -3.7064960005
1622 0.5000000000 -0.0319178578 -3.7055094214
1623 0.7500000000 -0.0751082778 -3.7029881532
1624 -0.7500000000 -0.1098476644 -3.7009602195
1625 -0.5000000000 -0.1098476644 -3.7009602195
1626 -0.2500000000 -0.1098476644 -3.7009602195
1627 -0.0000000000 -0.1098476644 -3.7009602195
1628 0.2500000000 -0.1098476644 -3.7009602195
1629 0.5000000000 -0.1098476644 -3.7009602195
1630 0.7500000000 -0.1098476644 -3.7009602195
1631 -0.7500000000 -0.1445870511 -3.6989322857
1632 -0.5000000000 -0.1877774711 -3.6964110176
1633 -0.2500000000 -0.2046780004 -3.6954244384
1634 -0.0000000000 -0.2096777129 -3.6951325771
1635 0.2500000000 -0.2046780004 -3.6954244384
1636 0.5000000000 -0.1877774711 -3.6964110176
1637 0.7500000000 -0.1445870511 -3.6989322857
1638 -0.7500000000 -0.0523511618 -3.4639289888
1639 -0.5000000000 -0.0094337196 -3.4693936320
1640 -0.2500000000 0.0073599928 -3.4715319619
1641 -0.0000000000 0.0123281054 -3.4721645476
1642 0.2500000000 0.0073599928 -3.4715319619
1643 0.5000000000 -0.0094337196 -3.4693936320
1644 0.7500000000 -0.0523511618 -3.4639289888
1645 -0.7500000000 -0.0868709840 -3.4595336077
1646 -0.5000000000 -0.0868709840 -3.4595336077
1647 -0.2500000000 -0.0868709840 -3.4595336077
1648 -0.0000000000 -0.0868709840 -3.4595336077
1649 0.2500000000 -0.0868709840 -3.4595336077
1650 0.5000000000 -0.0868709840 -3.4595336077
1651 0.7500000000 -0.0868709840 -3.4595336077
1652 -0.7500000000 -0.1213908062 -3.4551382266
1653 -0.5000000000 -0.1643082485 -3.4496735833
1654 -0.2500000000 -0.1811019609 -3.4475352535
1655 -0.0000000000 -0.1860700735 -3.4469026677
1656 0.2500000000 -0.1811019609 -3.4475352535
1657 0.5000000000 -0.1643082485 -3.4496735833
1658 0.7500000000 -0.1213908062 -3.4551382266
1659 -0.7500000000 -0.0194409947 -3.2658678647
1660 -0.5000000000 0.0230356101 -3.2740841422
1661 -0.2500000000 0.0396568216 -3.2772991941
1662 -0.0000000000 0.0445739030 -3.2782503084
1663 0.2500000000 0.0396568216 -3.2772991941
1664 0.5000000000 0.0230356101 -3.2740841422
1665 0.7500000000 -0.0194409947 -3.2658678647
1666 -0.7500000000 -0.0536062378 -3.2592592593
1667 -0.5000000000 -0.0536062378 -3.2592592593
1668 -0.2500000000 -0.0536062378 -3.2592592593
1669 -0.0000000000 -0.0536062378 -3.2592592593
1670 0.2500000000 -0.0536062378 -3.2592592593
1671 0.5000000000 -0.0536062378 -3.2592592593
1672 0.7500000000 -0.0536062378 -3.2592592593
1673 -0.7500000000 -0.0877714809 -3.2526506538
1674 -0.5000000000 -0.1302480857 -3.2444343763
1675 -0.2500000000 -0.1468692972 -3.2412193244
1676 -0.0000000000 -0.1517863786 -3.2402682101
1677 0.2500000000 -0.1468692972 -3.2412193244
1678 0.5000000000 -0.1302480857 -3.2444343763
1679 0.7500000000 -0.0877714809 -3.2526506538
1680 -0.7500000000 0.0196994941 -3.0916691514
1681 -0.5000000000 0.0618067275 -3.1016064584
1682 -0.2500000000 0.0782834030 -3.1054949539
1683 -0.0000000000 0.0831577260 -3.1066452941
1684 0.2500000000 0.0782834030 -3.1054949539
1685 0.5000000000 0.0618067275 -3.1016064584
1686 0.7500000000 0.0196994941 -3.0916691514
1687 -0.7500000000 -0.0141686521 -3.0836762689
1688 -0.5000000000 -0.0141686521 -3.0836762689
1689 -0.2500000000 -0.0141686521 -3.0836762689
1690 -0.0000000000 -0.0141686521 -3.0836762689
1691 0.2500000000 -0.0141686521 -3.0836762689
1692 0.5000000000 -0.0141686521 -3.0836762689
1693 0.7500000000 -0.0141686521 -3.0836762689
1694 -0.7500000000 -0.0480367983 -3.0756833864
1695 -0.5000000000 -0.0901440317 -3.0657460793
1696 -0.2500000000 -0.1066207071 -3.0618575839
1697 -0.0000000000 -0.1114950302 -3.0607072436
1698 0.2500000000 -0.1066207071 -3.0618575839
1699 0.5000000000 -0.0901440317 -3.0657460793
1700 0.7500000000 -0.0480367983 -3.0756833864
1701 -0.7500000000 0.0611946931 -2.9243166136
1702 -0.5000000000 0.1033019264 -2.9342539207
1703 -0.2500000000 0.1197786019 -2.9381424161
1704 -0.0000000000 0.1246529249 -2.9392927564
1705 0.2500000000 0.1197786019 -2.9381424161
1706 0.5000000000 0.1033019264 -2.9342539207
1707 0.7500000000 0.0611946931 -2.9243166136
1708 -0.7500000000 0.0273265468 -2.9163237311
1709 -0.5000000000 0.0273265468 -2.9163237311
1710 -0.2500000000 0.0273265468 -2.9163237311
1711 -0.0000000000 0.0273265468 -2.9163237311
1712 0.2500000000 0.0273265468 -2.9163237311
1713 0.5000000000 0.0273265468 -2.9163237311
1714 0.7500000000 0.0273265468 -2.9163237311
1715 -0.7500000000 -0.0065415994 -2.9083308486
1716 -0.5000000000 -0.0486488328 -2.8983935416
1717 -0.2500000000 -0.0651255082 -2.8945050461
1718 -0.0000000000 -0.0699998313 -2.8933547059
1719 0.2500000000 -0.0651255082 -2.8945050461
1720 0.5000000000 -0.0486488328 -2.8983935416
1721 0.7500000000 -0.0065415994 -2.9083308486
1722 -0.7500000000 0.1009293756 -2.7473493462
1723 -0.5000000000 0.1434059804 -2.7555656237
1724 -0.2500000000 0.1600271920 -2.7587806756
1725 -0.0000000000 0.1649442734 -2.7597317899
1726 0.2500000000 0.1600271920 -2.7587806756
1727 0.5000000000 0.1434059804 -2.7555656237
1728 0.7500000000 0.1009293756 -2.7473493462
1729 -0.7500000000 0.0667641326 -2.7407407407
1730 -0.5000000000 0.0667641326 -2.7407407407
1731 -0.2500000000 0.0667641326 -2.7407407407
1732 -0.0000000000 0.0667641326 -2.7407407407
1733 0.2500000000 0.0667641326 -2.7407407407
1734 0.5000000000 0.0667641326 -2.7407407407
1735 0.7500000000 0.0667641326 -2.7407407407
1736 -0.7500000000 0.0325988895 -2.7341321353
1737 -0.5000000000 -0.0098777153 -2.7259158578
1738 -0.2500000000 -0.0264989269 -2.7227008059
1739 -0.0000000000 -0.0314160083 -2.7217496916
1740 0.2500000000 -0.0264989269 -2.7227008059
1741 0.5000000000 -0.0098777153 -2.7259158578
1742 0.7500000000 0.0325988895 -2.7341321353
1743 -0.7500000000 0.1345487010 -2.5448617734
1744 -0.5000000000 0.1774661432 -2.5503264167
1745 -0.2500000000 0.1942598556 -2.5524647465
1746 -0.0000000000 0.1992279683 -2.5530973323
1747 0.2500000000 0.1942598556 -2.5524647465
1748 0.5000000000 0.1774661432 -2.5503264167
1749 0.7500000000 0.1345487010 -2.5448617734
1750 -0.7500000000 0.1000288788 -2.5404663923
1751 -0.5000000000 0.1000288788 -2.5404663923
1752 -0.2500000000 0.1000288788 -2.5404663923
1753 -0.0000000000 0.1000288788 -2.5404663923
1754 0.2500000000 0.1000288788 -2.5404663923
1755 0.5000000000 0.1000288788 -2.5404663923
1756 0.7500000000 0.1000288788 -2.5404663923
1757 -0.7500000000 0.0655090566 -2.5360710112
1758 -0.5000000000 0.0225916144 -2.5306063680
1759 -0.2500000000 0.0057979019 -2.5284680381
1760 -0.0000000000 0.0008297893 -2.5278354524
1761 0.2500000000 0.0057979019 -2.5284680381
1762 0.5000000000 0.0225916144 -2.5306063680
1763 0.7500000000 0.0655090566 -2.5360710112
1764 -0.7500000000 0.1577449458 -2.3010677143
1765 -0.5000000000 0.2009353658 -2.3035889824
1766 -0.2500000000 0.2178358952 -2.3045755616
1767 -0.0000000000 0.2228356077 -2.3048674229
1768 0.2500000000 0.2178358952 -2.3045755616
1769 0.5000000000 0.2009353658 -2.3035889824
1770 0.7500000000 0.1577449458 -2.3010677143
1771 -0.7500000000 0.1230055592 -2.2990397805
1772 -0.5000000000 0.1230055592 -2.2990397805
1773 -0.2500000000 0.1230055592 -2.2990397805
1774 -0.0000000000 0.1230055592 -2.2990397805
1775 0.2500000000 0.1230055592 -2.2990397805
1776 0.5000000000 0.1230055592 -2.2990397805
1777 0.7500000000 0.1230055592 -2.2990397805
1778 -0.7500000000 0.0882661725 -2.2970118468
1779 -0.5000000000 0.0450757525 -2.2944905786
1780 -0.2500000000 0.0281752232 -2.2935039995
1781 -0.0000000000 0.0231755107 -2.2932121381
1782 0.2500000000 0.0281752232 -2.2935039995
1783 0.5000000000 0.0450757525 -2.2944905786
1784 0.7500000000 0.0882661725 -2.2970118468
1785 -0.7500000000 0.1663774746 -2.0000000000
1786 -0.5000000000 0.2096414223 -2.0000000000
1787 -0.2500000000 0.2265707233 -2.0000000000
1788 -0.0000000000 0.2315789474 -2.0000000000
1789 0.2500000000 0.2265707233 -2.0000000000
1790 0.5000000000 0.2096414223 -2.0000000000
1791 0.7500000000 0.1663774746 -2.0000000000
1792 -0.7500000000 0.1315789474 -2.0000000000
1793 -0.5000000000 0.1315789474 -2.0000000000
1794 -0.2500000000 0.1315789474 -2.0000000000
1795 -0.0000000000 0.1315789474 -2.0000000000
1796 0.2500000000 0.1315789474 -2.0000000000
1797 0.5000000000 0.1315789474 -2.0000000000
1798 0.7500000000 0.1315789474 -2.0000000000
1799 -0.7500000000 0.0967804201 -2.0000000000
1800 -0.5000000000 0.0535164724 -2.0000000000
1801 -0.2500000000 0.0365871714 -2.0000000000
1802 -0.0000000000 0.0315789474 -2.0000000000
1803 0.2500000000 0.0365871714 -2.0000000000
1804 0.5000000000 0.0535164724 -2.0000000000
1805 0.7500000000 0.0967804201 -2.0000000000
1806 -0.7500000000 0.1577449458 -1.6989322857
1807 -0.5000000000 0.2009353658 -1.6964110176
1808 -0.2500000000 0.2178358952 -1.6954244384
1809 -0.0000000000 0.2228356077 -1.6951325771
1810 0.2500000000 0.2178358952 -1.6954244384
1811 0.5000000000 0.2009353658 -1.6964110176
1812 0.7500000000 0.1577449458 -1.6989322857
1813 -0.7500000000 0.1230055592 -1.7009602195
1814 -0.5000000000 0.1230055592 -1.7009602195
1815 -0.2500000000 0.1230055592 -1.7009602195
1816 -0.0000000000 0.1230055592 -1.7009602195
1817 0.2500000000 0.1230055592 -1.7009602195
1818 0.5000000000 0.1230055592 -1.7009602195
1819 0.7500000000 0.1230055592 -1.7009602195
1820 -0.7500000000 0.0882661725 -1.7029881532
1821 -0.5000000000 0.0450757525 -1.7055094214
1822 -0.2500000000 0.0281752232 -1.7064960005
1823 -0.0000000000 0.0231755107 -1.7067878619
1824 0.2500000000 0.0281752232 -1.7064960005
1825 0.5000000000 0.0450757525 -1.7055094214
1826 0.7500000000 0.0882661725 -1.7029881532
1827 -0.7500000000 0.1345487010 -1.4551382266
1828 -0.5000000000 0.1774661432 -1.4496735833
1829 -0.2500000000 0.1942598556 -1.4475352535
1830 -0.0000000000 0.1992279683 -1.4469026677
1831 0.2500000000 0.1942598556 -1.4475352535
1832 0.5000000000 0.1774661432 -1.4496735833
1833 0.7500000000 0.1345487010 -1.4551382266
1834 -0.7500000000 0.1000288788 -1.4595336077
1835 -0.5000000000 0.1000288788 -1.4595336077
1836 -0.2500000000 0.1000288788 -1.4595336077
1837 -0.0000000000 0.1000288788 -1.4595336077
1838 0.2500000000 0.1000288788 -1.4595336077
1839 0.5000000000 0.1000288788 -1.4595336077
1840 0.7500000000 0.1000288788 -1.4595336077
1841 -0.7500000000 0.0655090566 -1.4639289888
1842 -0.5000000000 0.0225916144 -1.4693936320
1843 -0.2500000000 0.0057979019 -1.4715319619
1844 -0.0000000000 0.0008297893 -1.4721645476
1845 0.2500000000 0.0057979019 -1.4715319619
1846 0.5000000000 0.0225916144 -1.4693936320
1847 0.7500000000 0.0655090566 -1.4639289888
1848 -0.7500000000 0.1009293756 -1.2526506538
1849 -0.5000000000 0.1434059804 -1.2444343763
1850 -0.2500000000 0.1600271920 -1.2412193244
1851 -0.0000000000 0.1649442734 -1.2402682101
1852 0.2500000000 0.1600271920 -1.2412193244
1853 0.5000000000 0.1434059804 -1.2444343763
1854 0.7500000000 0.1009293756 -1.2526506538
1855 -0.7500000000 0.0667641326 -1.2592592593
1856 -0.5000000000 0.0667641326 -1.2592592593
1857 -0.2500000000 0.0667641326 -1.2592592593
1858 -0.0000000000 0.0667641326 -1.2592592593
1859 0.2500000000 0.0667641326 -1.2592592593
1860 0.5000000000 0.0667641326 -1.2592592593
1861 0.7500000000 0.0667641326 -1.2592592593
1862 -0.7500000000 0.0325988895 -1.2658678647
1863 -0.5000000000 -0.0098777153 -1.2740841422
1864 -0.2500000000 -0.0264989269 -1.2772991941
1865 -0.0000000000 -0.0314160083 -1.2782503084
1866 0.2500000000 -0.0264989269 -1.2772991941
1867 0.5000000000 -0.0098777153 -1.2740841422
1868 0.7500000000 0.0325988895 -1.2658678647
1869 -0.7500000000 0.0611946931 -1.0756833864
1870 -0.5000000000 0.1033019264 -1.0657460793
1871 -0.2500000000 0.1197786019 -1.0618575839
1872 -0.0000000000 0.1246529249 -1.0607072436
1873 0.2500000000 0.1197786019 -1.0618575839
1874 0.5000000000 0.1033019264 -1.0657460793
1875 0.7500000000 0.0611946931 -1.0756833864
1876 -0.7500000000 0.0273265468 -1.0836762689
1877 -0.5000000000 0.0273265468 -1.0836762689
1878 -0.2500000000 0.0273265468 -1.0836762689
1879 -0.0000000000 0.0273265468 -1.0836762689
1880 0.2500000000 0.0273265468 -1.0836762689
1881 0.5000000000 0.0273265468 -1.0836762689
1882 0.7500000000 0.0273265468 -1.0836762689
1883 -0.7500000000 -0.0065415994 -1.0916691514
1884 -0.5000000000 -0.0486488328 -1.1016064584
1885 -0.2500000000 -0.0651255082 -1.1054949539
1886 -0.0000000000 -0.0699998313 -1.1066452941
1887 0.2500000000 -0.0651255082 -1.1054949539
1888 0.5000000000 -0.0486488328 -1.1016064584
1889 0.7500000000 -0.0065415994 -1.0916691514
1890 -0.7500000000 0.0196994941 -0.9083308486
1891 -0.5000000000 0.0618067275 -0.8983935416
1892 -0.2500000000 0.0782834030 -0.8945050461
1893 -0.0000000000 0.0831577260 -0.8933547059
1894 0.2500000000 0.0782834030 -0.8945050461
1895 0.5000000000 0.0618067275 -0.8983935416
1896 0.7500000000 0.0196994941 -0.9083308486
1897 -0.7500000000 -0.0141686521 -0.9163237311
1898 -0.5000000000 -0.0141686521 -0.9163237311
1899 -0.2500000000 -0.0141686521 -0.9163237311
1900 -0.0000000000 -0.0141686521 -0.9163237311
1901 0.2500000000 -0.0141686521 -0.9163237311
1902 0.5000000000 -0.0141686521 -0.9163237311
1903 0.7500000000 -0.0141686521 -0.9163237311
1904 -0.7500000000 -0.0480367983 -0.9243166136
1905 -0.5000000000 -0.0901440317 -0.9342539207
1906 -0.2500000000 -0.1066207071 -0.9381424161
1907 -0.0000000000 -0.1114950302 -0.9392927564
1908 0.2500000000 -0.1066207071 -0.9381424161
1909 0.5000000000 -0.0901440317 -0.9342539207
1910 0.7500000000 -0.0480367983 -0.9243166136
1911 -0.7500000000 -0.0194409947 -0.7341321353
1912 -0.5000000000 0.0230356101 -0.7259158578
1913 -0.2500000000 0.0396568216 -0.7227008059
1914 -0.0000000000 0.0445739030 -0.7217496916
1915 0.2500000000 0.0396568216 -0.7227008059
1916 0.5000000000 0.0230356101 -0.7259158578
1917 0.7500000000 -0.0194409947 -0.7341321353
1918 -0.7500000000 -0.0536062378 -0.7407407407
1919 -0.5000000000 -0.0536062378 -0.7407407407
1920 -0.2500000000 -0.0536062378 -0.7407407407
1921 -0.0000000000 -0.0536062378 -0.7407407407
1922 0.2500000000 -0.0536062378 -0.7407407407
1923 0.5000000000 -0.0536062378 -0.7407407407
1924 0.7500000000 -0.0536062378 -0.7407407407
1925 -0.7500000000 -0.0877714809 -0.7473493462
1926 -0.5000000000 -0.1302480857 -0.7555656237
1927 -0.2500000000 -0.1468692972 -0.7587806756
1928 -0.0000000000 -0.1517863786 -0.7597317899
1929 0.2500000000 -0.1468692972 -0.7587806756
1930 0.5000000000 -0.1302480857 -0.7555656237
1931 0.7500000000 -0.0877714809 -0.7473493462
1932 -0.7500000000 -0.0523511618 -0.5360710112
1933 -0.5000000000 -0.0094337196 -0.5306063680
1934 -0.2500000000 0.0073599928 -0.5284680381
1935 -0.0000000000 0.0123281054 -0.5278354524
1936 0.2500000000 0.0073599928 -0.5284680381
1937 0.5000000000 -0.0094337196 -0.5306063680
1938 0.7500000000 -0.0523511618 -0.5360710112
1939 -0.7500000000 -0.0868709840 -0.5404663923
1940 -0.5000000000 -0.0868709840 -0.5404663923
1941 -0.2500000000 -0.0868709840 -0.5404663923
1942 -0.0000000000 -0.0868709840 -0.5404663923
1943 0.2500000000 -0.0868709840 -0.5404663923
1944 0.5000000000 -0.0868709840 -0.5404663923
1945 0.7500000000 -0.0868709840 -0.5404663923
1946 -0.7500000000 -0.1213908062 -0.5448617734
1947 -0.5000000000 -0.1643082485 -0.5503264167
1948 -0.2500000000 -0.1811019609 -0.5524647465
1949 -0.0000000000 -0.1860700735 -0.5530973323
1950 0.2500000000 -0.1811019609 -0.5524647465
1951 0.5000000000 -0.1643082485 -0.5503264167
1952 0.7500000000 -0.1213908062 -0.5448617734
1953 -0.7500000000 -0.0751082778 -0.2970118468
1954 -0.5000000000 -0.0319178578 -0.2944905786
1955 -0.2500000000 -0.0150173284 -0.2935039995
1956 -0.0000000000 -0.0100176159 -0.2932121381
1957 0.2500000000 -0.0150173284 -0.2935039995
1958 0.5000000000 -0.0319178578 -0.2944905786
1959 0.7500000000 -0.0751082778 -0.2970118468
1960 -0.7500000000 -0.1098476644 -0.2990397805
1961 -0.5000000000 -0.1098476644 -0.2990397805
1962 -0.2500000000 -0.1098476644 -0.2990397805
1963 -0.0000000000 -0.1098476644 -0.2990397805
1964 0.2500000000 -0.1098476644 -0.2990397805
1965 0.5000000000 -0.1098476644 -0.2990397805
1966 0.7500000000 -0.1098476644 -0.2990397805
1967 -0.7500000000 -0.1445870511 -0.3010677143
1968 -0.5000000000 -0.1877774711 -0.3035889824
1969 -0.2500000000 -0.2046780004 -0.3045755616
1970 -0.0000000000 -0.2096777129 -0.3048674229
1971 0.2500000000 -0.2046780004 -0.3045755616
1972 0.5000000000 -0.1877774711 -0.3035889824
1973 0.7500000000 -0.1445870511 -0.3010677143
1974 -0.7500000000 -0.0836225254 0.0000000000
1975 -0.5000000000 -0.0403585777 0.0000000000
1976 -0.2500000000 -0.0234292767 0.0000000000
1977 -0.0000000000 -0.0184210526 0.0000000000
1978 0.2500000000 -0.0234292767 0.0000000000
1979 0.5000000000 -0.0403585777 0.0000000000
1980 0.7500000000 -0.0836225254 0.0000000000
1981 -0.7500000000 -0.1184210526 0.0000000000
1982 -0.5000000000 -0.1184210526 0.0000000000
1983 -0.2500000000 -0.1184210526 0.0000000000
1984 -0.0000000000 -0.1184210526 0.0000000000
1985 0.2500000000 -0.1184210526 0.0000000000
1986 0.5000000000 -0.1184210526 0.0000000000
1987 0.7500000000 -0.1184210526 0.0000000000
1988 -0.7500000000 -0.1532195799 0.0000000000
1989 -0.5000000000 -0.1964835276 0.0000000000
1990 -0.2500000000 -0.2134128286 0.0000000000
1991 -0.0000000000 -0.2184210526 0.0000000000
1992 0.2500000000 -0.2134128286 0.0000000000
1993 0.5000000000 -0.1964835276 0.0000000000
1994 0.7500000000 -0.1532195799 0.0000000000
1995 -0.7500000000 -0.0836225254 0.0000000000
1996 -0.5000000000 -0.0403585777 0.0000000000
1997 -0.2500000000 -0.0234292767 0.0000000000
1998 -0.0000000000 -0.0184210526 0.0000000000
1999 0.2500000000 -0.0234292767 0.0000000000
2000 0.5000000000 -0.0403585777 0.0000000000
2001 0.7500000000 -0.0836225254 0.0000000000
2002 -0.7500000000 -0.1184210526 0.0000000000
2003 -0.5000000000 -0.1184210526 0.0000000000
2004 -0.2500000000 -0.1184210526 0.0000000000
2005 -0.0000000000 -0.1184210526 0.0000000000
2006 0.2500000000 -0.1184210526 0.0000000000
2007 0.5000000000 -0.1184210526 0.0000000000
2008 0.7500000000 -0.1184210526 0.0000000000
2009 -0.7500000000 -0.1532195799 0.0000000000
2010 -0.5000000000 -0.1964835276 0.0000000000
2011 -0.2500000000 -0.2134128286 0.0000000000
2012 -0.0000000000 -0.2184210526 0.0000000000
2013 0.2500000000 -0.2134128286 0.0000000000
2014 0.5000000000 -0.1964835276 0.0000000000
2015 0.7500000000 -0.1532195799 0.0000000000
2016 -0.7500000000 -0.0751082778 0.2970118468
2017 -0.5000000000 -0.0319178578 0.2944905786
2018 -0.2500000000 -0.0150173284 0.2935039995
2019 -0.0000000000 -0.0100176159 0.2932121381
2020 0.2500000000 -0.0150173284 0.2935039995
2021 0.5000000000 -0.0319178578 0.2944905786
2022 0.7500000000 -0.0751082778 0.2970118468
2023 -0.7500000000 -0.1098476644 0.2990397805
2024 -0.5000000000 -0.1098476644 0.2990397805
2025 -0.2500000000 -0.1098476644 0.2990397805
2026 -0.0000000000 -0.1098476644 0.2990397805
2027 0.2500000000 -0.1098476644 0.2990397805
2028 0.5000000000 -0.1098476644 0.2990397805
2029 0.7500000000 -0.1098476644 0.2990397805
2030 -0.7500000000 -0.1445870511 0.3010677143
2031 -0.5000000000 -0.1877774711 0.3035889824
2032 -0.2500000000 -0.2046780004 0.3045755616
2033 -0.0000000000 -0.2096777129 0.3048674229
2034 0.2500000000 -0.2046780004 0.3045755616
2035 0.5000000000 -0.1877774711 0.3035889824
2036 0.7500000000 -0.1445870511 0.3010677143
2037 -0.7500000000 -0.0523511618 0.5360710112
2038 -0.5000000000 -0.0094337196 0.5306063680
2039 -0.2500000000 0.0073599928 0.5284680381
2040 -0.0000000000 0.0123281054 0.5278354524
2041 0.2500000000 0.0073599928 0.5284680381
2042 0.5000000000 -0.0094337196 0.5306063680
2043 0.7500000000 -0.0523511618 0.5360710112
2044 -0.7500000000 -0.0868709840 0.5404663923
2045 -0.5000000000 -0.0868709840 0.5404663923
2046 -0.2500000000 -0.0868709840 0.5404663923
2047 -0.0000000000 -0.0868709840 0.5404663923
2048 0.2500000000 -0.0868709840 0.5404663923
2049 0.5000000000 -0.0868709840 0.5404663923
2050 0.7500000000 -0.0868709840 0.5404663923
2051 -0.7500000000 -0.1213908062 0.5448617734
2052 -0.5000000000 -0.1643082485 0.5503264167
2053 -0.2500000000 -0.1811019609 0.5524647465
2054 -0.0000000000 -0.1860700735 0.5530973323
2055 0.2500000000 -0.1811019609 0.5524647465
2056 0.5000000000 -0.1643082485 0.5503264167
2057 0.7500000000 -0.1213908062 0.5448617734
2058 -0.7500000000 -0.0194409947 0.7341321353
2059 -0.5000000000 0.0230356101 0.7259158578
2060 -0.2500000000 0.0396568216 0.7227008059
2061 -0.0000000000 0.0445739030 0.7217496916
2062 0.2500000000 0.0396568216 0.7227008059
2063 0.5000000000 0.0230356101 0.7259158578
2064 0.7500000000 -0.0194409947 0.7341321353
2065 -0.7500000000 -0.0536062378 0.7407407407
2066 -0.5000000000 -0.0536062378 0.7407407407
2067 -0.2500000000 -0.0536062378 0.7407407407
2068 -0.0000000000 -0.0536062378 0.7407407407
2069 0.2500000000 -0.0536062378 0.7407407407
2070 0.5000000000 -0.0536062378 0.7407407407
2071 0.7500000000 -0.0536062378 0.7407407407
2072 -0.7500000000 -0.0877714809 0.7473493462
2073 -0.5000000000 -0.1302480857 0.7555656237
2074 -0.2500000000 -0.1468692972 0.7587806756
2075 -0.0000000000 -0.1517863786 0.7597317899
2076 0.2500000000 -0.1468692972 0.7587806756
2077 0.5000000000 -0.1302480857 0.7555656237
2078 0.7500000000 -0.0877714809 0.7473493462
2079 -0.7500000000 0.0196994941 0.9083308486
2080 -0.5000000000 0.0618067275 0.8983935416
2081 -0.2500000000 0.0782834030 0.8945050461
2082 -0.0000000000 0.0831577260 0.8933547059
2083 0.2500000000 0.0782834030 0.8945050461
2084 0.5000000000 0.0618067275 0.8983935416
2085 0.7500000000 0.0196994941 0.9083308486
2086 -0.7500000000 -0.0141686521 0.9163237311
2087 -0.5000000000 -0.0141686521 0.9163237311
2088 -0.2500000000 -0.0141686521 0.9163237311
2089 -0.0000000000 -0.0141686521 0.9163237311
2090 0.2500000000 -0.0141686521 0.9163237311
2091 0.5000000000 -0.0141686521 0.9163237311
2092 0.7500000000 -0.0141686521 0.9163237311
2093 -0.7500000000 -0.0480367983 0.9243166136
2094 -0.5000000000 -0.0901440317 0.9342539207
2095 -0.2500000000 -0.1066207071 0.9381424161
2096 -0.0000000000 -0.1114950302 0.9392927564
2097 0.2500000000 -0.1066207071 0.9381424161
2098 0.5000000000 -0.0901440317 0.9342539207
2099 0.7500000000 -0.0480367983 0.9243166136
2100 -0.7500000000 0.0611946931 1.0756833864
2101 -0.5000000000 0.1033019264 1.0657460793
2102 -0.2500000000 0.1197786019 1.0618575839
2103 -0.0000000000 0.1246529249 1.0607072436
2104 0.2500000000 0.1197786019 1.0618575839
2105 0.5000000000 0.1033019264 1.0657460793
2106 0.7500000000 0.0611946931 1.0756833864
2107 -0.7500000000 0.0273265468 1.0836762689
2108 -0.5000000000 0.0273265468 1.0836762689
2109 -0.2500000000 0.0273265468 1.0836762689
2110 -0.0000000000 0.0273265468 1.0836762689
2111 0.2500000000 0.0273265468 1.0836762689
2112 0.5000000000 0.0273265468 1.0836762689
2113 0.7500000000 0.0273265468 1.0836762689
2114 -0.7500000000 -0.0065415994 1.0916691514
2115 -0.5000000000 -0.0486488328 1.1016064584
2116 -0.2500000000 -0.0651255082 1.1054949539
2117 -0.0000000000 -0.0699998313 1.1066452941
2118 0.2500000000 -0.0651255082 1.1054949539
2119 0.5000000000 -0.0486488328 1.1016064584
2120 0.7500000000 -0.0065415994 1.0916691514
2121 -0.7500000000 0.1009293756 1.2526506538
2122 -0.5000000000 0.1434059804 1.2444343763
2123 -0.2500000000 0.1600271920 1.2412193244
2124 -0.0000000000 0.1649442734 1.2402682101
2125 0.2500000000 0.1600271920 1.2412193244
2126 0.5000000000 0.1434059804 1.2444343763
2127 0.7500000000 0.1009293756 1.2526506538
2128 -0.7500000000 0.0667641326 1.2592592593
2129 -0.5000000000 0.0667641326 1.2592592593
2130 -0.2500000000 0.0667641326 1.2592592593
2131 -0.0000000000 0.0667641326 1.2592592593
2132 0.2500000000 0.0667641326 1.2592592593
2133 0.5000000000 0.0667641326 1.2592592593
2134 0.7500000000 0.0667641326 1.2592592593
2135 -0.7500000000 0.0325988895 1.2658678647
2136 -0.5000000000 -0.0098777153 1.2740841422
2137 -0.2500000000 -0.0264989269 1.2772991941
2138 -0.0000000000 -0.0314160083 1.2782503084
2139 0.2500000000 -0.0264989269 1.2772991941
2140 0.5000000000 -0.0098777153 1.2740841422
2141 0.7500000000 0.0325988895 1.2658678647
2142 -0.7500000000 0.1345487010 1.4551382266
2143 -0.5000000000 0.1774661432 1.4496735833
2144 -0.2500000000 0.1942598556 1.4475352535
2145 -0.0000000000 0.1992279683 1.4469026677
2146 0.2500000000 0.1942598556 1.4475352535
2147 0.5000000000 0.1774661432 1.4496735833
2148 0.7500000000 0.1345487010 1.4551382266
2149 -0.7500000000 0.1000288788 1.4595336077
2150 -0.5000000000 0.1000288788 1.4595336077
2151 -0.2500000000 0.1000288788 1.4595336077
2152 -0.0000000000 0.1000288788 1.4595336077
2153 0.2500000000 0.1000288788 1.4595336077
2154 0.5000000000 0.1000288788 1.4595336077
2155 0.7500000000 0.1000288788 1.4595336077
2156 -0.7500000000 0.0655090566 1.4639289888
2157 -0.5000000000 0.0225916144 1.4693936320
2158 -0.2500000000 0.0057979019 1.4715319619
2159 -0.0000000000 0.0008297893 1.4721645476
2160 0.2500000000 0.0057979019 1.4715319619
2161 0.5000000000 0.0225916144 1.4693936320
2162 0.7500000000 0.0655090566 1.4639289888
2163 -0.7500000000 0.1577449458 1.6989322857
2164 -0.5000000000 0.2009353658 1.6964110176
2165 -0.2500000000 0.2178358952 1.6954244384
2166 -0.0000000000 0.2228356077 1.6951325771
2167 0.2500000000 0.2178358952 1.6954244384
2168 0.5000000000 0.2009353658 1.6964110176
2169 0.7500000000 0.1577449458 1.6989322857
2170 -0.7500000000 0.1230055592 1.7009602195
2171 -0.5000000000 0.1230055592 1.7009602195
2172 -0.2500000000 0.1230055592 1.7009602195
2173 -0.0000000000 0.1230055592 1.7009602195
2174 0.2500000000 0.1230055592 1.7009602195
2175 0.5000000000 0.1230055592 1.7009602195
2176 0.7500000000 0.1230055592 1.7009602195
2177 -0.7500000000 0.0882661725 1.7029881532
2178 -0.5000000000 0.0450757525 1.7055094214
2179 -0.2500000000 0.0281752232 1.7064960005
2180 -0.0000000000 0.0231755107 1.7067878619
2181 0.2500000000 0.0281752232 1.7064960005
2182 0.5000000000 0.0450757525 1.7055094214
2183 0.7500000000 0.0882661725 1.7029881532
2184 -0.7500000000 0.1663774746 2.0000000000
2185 -0.5000000000 0.2096414223 2.0000000000
2186 -0.2500000000 0.2265707233 2.0000000000
2187 -0.0000000000 0.2315789474 2.0000000000
2188 0.2500000000 0.2265707233 2.0000000000
2189 0.5000000000 0.2096414223 2.0000000000
2190 0.7500000000 0.1663774746 2.0000000000
2191 -0.7500000000 0.1315789474 2.0000000000
2192 -0.5000000000 0.1315789474 2.0000000000
2193 -0.2500000000 0.1315789474 2.0000000000
2194 -0.0000000000 0.1315789474 2.0000000000
2195 0.2500000000 0.1315789474 2.0000000000
2196 0.5000000000 0.1315789474 2.0000000000
2197 0.7500000000 0.1315789474 2.0000000000
2198 -0.7500000000 0.0967804201 2.0000000000
2199 -0.5000000000 0.0535164724 2.0000000000
2200 -0.2500000000 0.0365871714 2.0000000000
2201 -0.0000000000 0.0315789474 2.0000000000
2202 0.2500000000 0.0365871714 2.0000000000
2203 0.5000000000 0.0535164724 2.0000000000
2204 0.7500000000 0.0967804201 2.0000000000
2205 -0.7500000000 0.1577449458 2.3010677143
2206 -0.5000000000 0.2009353658 2.3035889824
2207 -0.2500000000 0.2178358952 2.3045755616
2208 -0.0000000000 0.2228356077 2.3048674229
2209 0.2500000000 0.2178358952 2.3045755616
2210 0.5000000000 0.2009353658 2.3035889824
2211 0.7500000000 0.1577449458 2.3010677143
2212 -0.7500000000 0.1230055592 2.2990397805
2213 -0.5000000000 0.1230055592 2.2990397805
2214 -0.2500000000 0.1230055592 2.2990397805
2215 -0.0000000000 0.1230055592 2.2990397805
2216 0.2500000000 0.1230055592 2.2990397805
2217 0.5000000000 0.1230055592 2.2990397805
2218 0.7500000000 0.1230055592 2.2990397805
2219 -0.7500000000 0.0882661725 2.2970118468
2220 -0.5000000000 0.0450757525 2.2944905786
2221 -0.2500000000 0.0281752232 2.2935039995
2222 -0.0000000000 0.0231755107 2.2932121381
2223 0.2500000000 0.0281752232 2.2935039995
2224 0.5000000000 0.0450757525 2.2944905786
2225 0.7500000000 0.0882661725 2.2970118468
2226 -0.7500000000 0.1345487010 2.5448617734
2227 -0.5000000000 0.1774661432 2.5503264167
2228 -0.2500000000 0.1942598556 2.5524647465
2229 -0.0000000000 0.1992279683 2.5530973323
2230 0.2500000000 0.1942598556 2.5524647465
2231 0.5000000000 0.1774661432 2.5503264167
2232 0.7500000000 0.1345487010 2.5448617734
2233 -0.7500000000 0.1000288788 2.5404663923
2234 -0.5000000000 0.1000288788 2.5404663923
2235 -0.2500000000 0.1000288788 2.5404663923
2236 -0.0000000000 0.1000288788 2.5404663923
2237 0.2500000000 0.1000288788 2.5404663923
2238 0.5000000000 0.1000288788 2.5404663923
2239 0.7500000000 0.1000288788 2.5404663923
2240 -0.7500000000 0.0655090566 2.5360710112
2241 -0.5000000000 0.0225916144 2.5306063680
2242 -0.2500000000 0.0057979019 2.5284680381
2243 -0.0000000000 0.0008297893 2.5278354524
2244 0.2500000000 0.0057979019 2.5284680381
2245 0.5000000000 0.0225916144 2.5306063680
2246 0.7500000000 0.0655090566 2.5360710112
2247 -0.7500000000 0.1009293756 2.7473493462
2248 -0.5000000000 0.1434059804 2.7555656237
2249 -0.2500000000 0.1600271920 2.7587806756
2250 -0.0000000000 0.1649442734 2.7597317899
2251 0.2500000000 0.1600271920 2.7587806756
2252 0.5000000000 0.1434059804 2.7555656237
2253 0.7500000000 0.1009293756 2.7473493462
2254 -0.7500000000 0.0667641326 2.7407407407
2255 -0.5000000000 0.0667641326 2.7407407407
2256 -0.2500000000 0.0667641326 2.7407407407
2257 -0.0000000000 0.0667641326 2.7407407407
2258 0.2500000000 0.0667641326 2.7407407407
2259 0.5000000000 0.0667641326 2.7407407407
2260 0.7500000000 0.0667641326 2.7407407407
2261 -0.7500000000 0.0325988895 2.7341321353
2262 -0.5000000000 -0.0098777153 2.7259158578
2263 -0.2500000000 -0.0264989269 2.7227008059
2264 -0.0000000000 -0.0314160083 2.7217496916
2265 0.2500000000 -0.0264989269 2.7227008059
2266 0.5000000000 -0.0098777153 2.7259158578
2267 0.7500000000 0.0325988895 2.7341321353
2268 -0.7500000000 0.0611946931 2.9243166136
2269 -0.5000000000 0.1033019264 2.9342539207
2270 -0.2500000000 0.1197786019 2.9381424161
2271 -0.0000000000 0.1246529249 2.9392927564
2272 0.2500000000 0.1197786019 2.9381424161
2273 0.5000000000 0.1033019264 2.9342539207
2274 0.7500000000 0.0611946931 2.9243166136
2275 -0.7500000000 0.0273265468 2.9163237311
2276 -0.5000000000 0.0273265468 2.9163237311
2277 -0.2500000000 0.0273265468 2.9163237311
2278 -0.0000000000 0.0273265468 2.9163237311
2279 0.2500000000 0.0273265468 2.9163237311
2280 0.5000000000 0.0273265468 2.9163237311
2281 0.7500000000 0.0273265468 2.9163237311
2282 -0.7500000000 -0.0065415994 2.9083308486
2283 -0.5000000000 -0.0486488328 2.8983935416
2284 -0.2500000000 -0.0651255082 2.8945050461
2285 -0.0000000000 -0.0699998313 2.8933547059
2286 0.2500000000 -0.0651255082 2.8945050461
2287 0.5000000000 -0.0486488328 2.8983935416
2288 0.7500000000 -0.0065415994 2.9083308486
2289 -0.7500000000 0.0196994941 3.0916691514
2290 -0.5000000000 0.0618067275 3.1016064584
2291 -0.2500000000 0.0782834030 3.1054949539
2292 -0.0000000000 0.0831577260 3.1066452941
2293 0.2500000000 0.0782834030 3.1054949539
2294 0.5000000000 0.0618067275 3.1016064584
2295 0.7500000000 0.0196994941 3.0916691514
2296 -0.7500000000 -0.0141686521 3.0836762689
2297 -0.5000000000 -0.0141686521 3.0836762689
2298 -0.2500000000 -0.0141686521 3.0836762689
2299 -0.0000000000 -0.0141686521 3.0836762689
2300 0.2500000000 -0.0141686521 3.0836762689
2301 0.5000000000 -0.0141686521 3.0836762689
2302 0.7500000000 -0.0141686521 3.0836762689
2303 -0.7500000000 -0.0480367983 3.0756833864
2304 -0.5000000000 -0.0901440317 3.0657460793
2305 -0.2500000000 -0.1066207071 3.0618575839
2306 -0.0000000000 -0.1114950302 3.0607072436
2307 0.2500000000 -0.1066207071 3.0618575839
2308 0.5000000000 -0.0901440317 3.0657460793
2309 0.7500000000 -0.0480367983 3.0756833864
2310 -0.7500000000 -0.0194409947 3.2658678647
2311 -0.5000000000 0.0230356101 3.2740841422
2312 -0.2500000000 0.0396568216 3.2772991941
2313 -0.0000000000 0.0445739030 3.2782503084
2314 0.2500000000 0.0396568216 3.2772991941
2315 0.5000000000 0.0230356101 3.2740841422
2316 0.7500000000 -0.0194409947 3.2658678647
2317 -0.7500000000 -0.0536062378 3.2592592593
2318 -0.5000000000 -0.0536062378 3.2592592593
2319 -0.2500000000 -0.0536062378 3.2592592593
2320 -0.0000000000 -0.0536062378 3.2592592593
2321 0.2500000000 -0.0536062378 3.2592592593
2322 0.5000000000 -0.0536062378 3.2592592593
2323 0.7500000000 -0.0536062378 3.2592592593
2324 -0.7500000000 -0.0877714809 3.2526506538
2325 -0.5000000000 -0.1302480857 3.2444343763
2326 -0.2500000000 -0.1468692972 3.2412193244
2327 -0.0000000000 -0.1517863786 3.2402682101
2328 0.2500000000 -0.1468692972 3.2412193244
2329 0.5000000000 -0.1302480857 3.2444343763
2330 0.7500000000 -0.0877714809 3.2526506538
2331 -0.7500000000 -0.0523511618 3.4639289888
2332 -0.5000000000 -0.0094337196 3.4693936320
2333 -0.2500000000 0.0073599928 3.4715319619
2334 -0.0000000000 0.0123281054 3.4721645476
2335 0.2500000000 0.0073599928 3.4715319619
2336 0.5000000000 -0.0094337196 3.4693936320
2337 0.7500000000 -0.0523511618 3.4639289888
2338 -0.7500000000 -0.0868709840 3.4595336077
2339 -0.5000000000 -0.0868709840 3.4595336077
2340 -0.2500000000 -0.0868709840 3.4595336077
2341 -0.0000000000 -0.0868709840 3.4595336077
2342 0.2500000000 -0.0868709840 3.4595336077
2343 0.5000000000 -0.0868709840 3.4595336077
2344 0.7500000000 -0.0868709840 3.4595336077
2345 -0.7500000000 -0.1213908062 3.4551382266
2346 -0.5000000000 -0.1643082485 3.4496735833
2347 -0.2500000000 -0.1811019609 3.4475352535
2348 -0.0000000000 -0.1860700735 3.4469026677
2349 0.2500000000 -0.1811019609 3.4475352535
2350 0.5000000000 -0.1643082485 3.4496735833
2351 0.7500000000 -0.1213908062 3.4551382266
2352 -0.7500000000 -0.0751082778 3.7029881532
2353 -0.5000000000 -0.0319178578 3.7055094214
2354 -0.2500000000 -0.0150173284 3.7064960005
2355 -0.0000000000 -0.0100176159 3.7067878619
2356 0.2500000000 -0.0150173284 3.7064960005
2357 0.5000000000 -0.0319178578 3.7055094214
2358 0.7500000000 -0.0751082778 3.7029881532
2359 -0.7500000000 -0.1098476644 3.7009602195
2360 -0.5000000000 -0.1098476644 3.7009602195
2361 -0.2500000000 -0.1098476644 3.7009602195
2362 -0.0000000000 -0.1098476644 3.7009602195
2363 0.2500000000 -0.1098476644 3.7009602195
2364 0.5000000000 -0.1098476644 3.7009602195
2365 0.7500000000 -0.1098476644 3.7009602195
2366 -0.7500000000 -0.1445870511 3.6989322857
2367 -0.5000000000 -0.1877774711 3.6964110176
2368 -0.2500000000 -0.2046780004 3.6954244384
2369 -0.0000000000 -0.2096777129 3.6951325771
2370 0.2500000000 -0.2046780004 3.6954244384
2371 0.5000000000 -0.1877774711 3.6964110176
2372 0.7500000000 -0.1445870511 3.6989322857
2373 -0.7500000000 -0.0836225254 4.0000000000
2374 -0.5000000000 -0.0403585777 4.0000000000
2375 -0.2500000000 -0.0234292767 4.0000000000
2376 -0.0000000000 -0.0184210526 4.0000000000
2377 0.2500000000 -0.0234292767 4.0000000000
2378 0.5000000000 -0.0403585777 4.0000000000
2379 0.7500000000 -0.0836225254 4.0000000000
2380 -0.7500000000 -0.1184210526 4.0000000000
2381 -0.5000000000 -0.1184210526 4.0000000000
2382 -0.2500000000 -0.1184210526 4.0000000000
2383 -0.0000000000 -0.1184210526 4.0000000000
2384 0.2500000000 -0.1184210526 4.0000000000
2385 0.5000000000 -0.1184210526 4.0000000000
2386 0.7500000000 -0.1184210526 4.0000000000
2387 -0.7500000000 -0.1532195799 4.0000000000
2388 -0.5000000000 -0.1964835276 4.0000000000
2389 -0.2500000000 -0.2134128286 4.0000000000
2390 -0.0000000000 -0.2184210526 4.0000000000
2391 0.2500000000 -0.2134128286 4.0000000000
2392 0.5000000000 -0.1964835276 4.0000000000
2393 0.7500000000 -0.1532195799 4.0000000000
2394 1.2500000000 0.1532195799 -4.0000000000
2395 1.5000000000 0.1964835276 -4.0000000000
2396 1.7500000000 0.2134128286 -4.0000000000
2397 2.0000000000 0.2184210526 -4.0000000000
2398 2.2500000000 0.2134128286 -4.0000000000
2399 2.5000000000 0.1964835276 -4.0000000000
2400 2.7500000000 0.1532195799 -4.0000000000
2401 1.2500000000 0.1184210526 -4.0000000000
2402 1.5000000000 0.1184210526 -4.0000000000
2403 1.7500000000 0.1184210526 -4.0000000000
2404 2.0000000000 0.1184210526 -4.0000000000
2405 2.2500000000 0.1184210526 -4.0000000000
2406 2.5000000000 0.1184210526 -4.0000000000
2407 2.7500000000 0.1184210526 -4.0000000000
2408 1.2500000000 0.0836225254 -4.0000000000
2409 1.5000000000 0.0403585777 -4.0000000000
2410 1.7500000000 0.0234292767 -4.0000000000
2411 2.0000000000 0.0184210526 -4.0000000000
2412 2.2500000000 0.0234292767 -4.0000000000
2413 2.5000000000 0.0403585777 -4.0000000000
2414 2.7500000000 0.0836225254 -4.0000000000
2415 1.2500000000 0.1445870511 -3.6989322857
2416 1.5000000000 0.1877774711 -3.6964110176
2417 1.7500000000 0.2046780004 -3.6954244384
2418 2.0000000000 0.2096777129 -3.6951325771
2419 2.2500000000 0.2046780004 -3.6954244384
2420 2.5000000000 0.1877774711 -3.6964110176
2421 2.7500000000 0.1445870511 -3.6989322857
2422 1.2500000000 0.1098476644 -3.7009602195
2423 1.5000000000 0.1098476644 -3.7009602195
2424 1.7500000000 0.1098476644 -3.7009602195
2425 2.0000000000 0.1098476644 -3.7009602195
2426 2.2500000000 0.1098476644 -3.7009602195
2427 2.5000000000 0.1098476644 -3.7009602195
2428 2.7500000000 0.1098476644 -3.7009602195
2429 1.2500000000 0.0751082778 -3.7029881532
2430 1.5000000000 0.0319178578 -3.7055094214
2431 1.7500000000 0.0150173284 -3.7064960005
2432 2.0000000000 0.0100176159 -3.7067878619
2433 2.2500000000 0.0150173284 -3.7064960005
2434 2.5000000000 0.0319178578 -3.7055094214
2435 2.7500000000 0.0751082778 -3.7029881532
2436 1.2500000000 0.1213908062 -3.4551382266
2437 1.5000000000 0.1643082485 -3.4496735833
2438 1.7500000000 0.1811019609 -3.4475352535
2439 2.0000000000 0.1860700735 -3.4469026677
2440 2.2500000000 0.1811019609 -3.4475352535
2441 2.5000000000 0.1643082485 -3.4496735833
2442 2.7500000000 0.1213908062 -3.4551382266
2443 1.2500000000 0.0868709840 -3.4595336077
2444 1.5000000000 0.0868709840 -3.4595336077
2445 1.7500000000 0.0868709840 -3.4595336077
2446 2.0000000000 0.0868709840 -3.4595336077
2447 2.2500000000 0.0868709840 -3.4595336077
2448 2.5000000000 0.0868709840 -3.4595336077
2449 2.7500000000 0.0868709840 -3.4595336077
2450 1.2500000000 0.0523511618 -3.4639289888
2451 1.5000000000 0.0094337196 -3.4693936320
2452 1.7500000000 -0.0073599928 -3.4715319619
2453 2.0000000000 -0.0123281054 -3.4721645476
2454 2.2500000000 -0.0073599928 -3.4715319619
2455 2.5000000000 0.0094337196 -3.4693936320
2456 2.7500000000 0.0523511618 -3.4639289888
2457 1.2500000000 0.0877714809 -3.2526506538
2458 1.5000000000 0.1302480857 -3.2444343763
2459 1.7500000000 0.1468692972 -3.2412193244
2460 2.0000000000 0.1517863786 -3.2402682101
2461 2.2500000000 0.1468692972 -3.2412193244
2462 2.5000000000 0.1302480857 -3.2444343763
2463 2.7500000000 0.0877714809 -3.2526506538
2464 1.2500000000 0.0536062378 -3.2592592593
2465 1.5000000000 0.0536062378 -3.2592592593
2466 1.7500000000 0.0536062378 -3.2592592593
2467 2.0000000000 0.0536062378 -3.2592592593
2468 2.2500000000 0.0536062378 -3.2592592593
2469 2.5000000000 0.0536062378 -3.2592592593
2470 2.7500000000 0.0536062378 -3.2592592593
2471 1.2500000000 0.0194409947 -3.2658678647
2472 1.5000000000 -0.0230356101 -3.2740841422
2473 1.7500000000 -0.0396568216 -3.2772991941
2474 2.0000000000 -0.0445739030 -3.2782503084
2475 2.2500000000 -0.0396568216 -3.2772991941
2476 2.5000000000 -0.0230356101 -3.2740841422
2477 2.7500000000 0.0194409947 -3.2658678647
2478 1.2500000000 0.0480367983 -3.0756833864
2479 1.5000000000 0.0901440317 -3.0657460793
2480 1.7500000000 0.1066207071 -3.0618575839
2481 2.0000000000 0.1114950302 -3.0607072436
2482 2.2500000000 0.1066207071 -3.0618575839
2483 2.5000000000 0.0901440317 -3.0657460793
2484 2.7500000000 0.0480367983 -3.0756833864
2485 1.2500000000 0.0141686521 -3.0836762689
2486 1.5000000000 0.0141686521 -3.0836762689
2487 1.7500000000 0.0141686521 -3.0836762689
2488 2.0000000000 0.0141686521 -3.0836762689
2489 2.2500000000 0.0141686521 -3.0836762689
2490 2.5000000000 0.0141686521 -3.0836762689
2491 2.7500000000 0.0141686521 -3.0836762689
2492 1.2500000000 -0.0196994941 -3.0916691514
2493 1.5000000000 -0.0618067275 -3.1016064584
2494 1.7500000000 -0.0782834030 -3.1054949539
2495 2.0000000000 -0.0831577260 -3.1066452941
2496 2.2500000000 -0.0782834030 -3.1054949539
2497 2.5000000000 -0.0618067275 -3.1016064584
2498 2.7500000000 -0.0196994941 -3.0916691514
2499 1.2500000000 0.0065415994 -2.9083308486
2500 1.5000000000 0.0486488328 -2.8983935416
2501 1.7500000000 0.0651255082 -2.8945050461
2502 2.0000000000 0.0699998313 -2.8933547059
2503 2.2500000000 0.0651255082 -2.8945050461
2504 2.5000000000 0.0486488328 -2.8983935416
2505 2.7500000000 0.0065415994 -2.9083308486
2506 1.2500000000 -0.0273265468 -2.9163237311
2507 1.5000000000 -0.0273265468 -2.9163237311
2508 1.7500000000 -0.0273265468 -2.9163237311
2509 2.0000000000 -0.0273265468 -2.9163237311
2510 2.2500000000 -0.0273265468 -2.9163237311
2511 2.5000000000 -0.0273265468 -2.9163237311
2512 2.7500000000 -0.0273265468 -2.9163237311
2513 1.2500000000 -0.0611946931 -2.9243166136
2514 1.5000000000 -0.1033019264 -2.9342539207
2515 1.7500000000 -0.1197786019 -2.9381424161
2516 2.0000000000 -0.1246529249 -2.9392927564
2517 2.2500000000 -0.1197786019 -2.9381424161
2518 2.5000000000 -0.1033019264 -2.9342539207
2519 2.7500000000 -0.0611946931 -2.9243166136
2520 1.2500000000 -0.0325988895 -2.7341321353
2521 1.5000000000 0.0098777153 -2.7259158578
2522 1.7500000000 0.0264989269 -2.7227008059
2523 2.0000000000 0.0314160083 -2.7217496916
2524 2.2500000000 0.0264989269 -2.7227008059
2525 2.5000000000 0.0098777153 -2.7259158578
2526 2.7500000000 -0.0325988895 -2.7341321353
2527 1.2500000000 -0.0667641326 -2.7407407407
2528 1.5000000000 -0.0667641326 -2.7407407407
2529 1.7500000000 -0.0667641326 -2.7407407407
2530 2.0000000000 -0.0667641326 -2.7407407407
2531 2.2500000000 -0.0667641326 -2.7407407407
2532 2.5000000000 -0.0667641326 -2.7407407407
2533 2.7500000000 -0.0667641326 -2.7407407407
2534 1.2500000000 -0.1009293756 -2.7473493462
2535 1.5000000000 -0.1434059804 -2.7555656237
2536 1.7500000000 -0.1600271920 -2.7587806756
2537 2.0000000000 -0.1649442734 -2.7597317899
2538 2.2500000000 -0.1600271920 -2.7587806756
2539 2.5000000000 -0.1434059804 -2.7555656237
2540 2.7500000000 -0.1009293756 -2.7473493462
2541 1.2500000000 -0.0655090566 -2.5360710112
2542 1.5000000000 -0.0225916144 -2.5306063680
2543 1.7500000000 -0.0057979019 -2.5284680381
2544 2.0000000000 -0.0008297893 -2.5278354524
2545 2.2500000000 -0.0057979019 -2.5284680381
2546 2.5000000000 -0.0225916144 -2.5306063680
2547 2.7500000000 -0.0655090566 -2.5360710112
2548 1.2500000000 -0.1000288788 -2.5404663923
2549 1.5000000000 -0.1000288788 -2.5404663923
2550 1.7500000000 -0.1000288788 -2.5404663923
2551 2.0000000000 -0.1000288788 -2.5404663923
2552 2.2500000000 -0.1000288788 -2.5404663923
2553 2.5000000000 -0.1000288788 -2.5404663923
2554 2.7500000000 -0.1000288788 -2.5404663923
2555 1.2500000000 -0.1345487010 -2.5448617734
2556 1.5000000000 -0.1774661432 -2.5503264167
2557 1.7500000000 -0.1942598556 -2.5524647465
2558 2.0000000000 -0.1992279683 -2.5530973323
2559 2.2500000000 -0.1942598556 -2.5524647465
2560 2.5000000000 -0.1774661432 -2.5503264167
2561 2.7500000000 -0.1345487010 -2.5448617734
2562 1.2500000000 -0.0882661725 -2.2970118468
2563 1.5000000000 -0.0450757525 -2.2944905786
2564 1.7500000000 -0.0281752232 -2.2935039995
2565 2.0000000000 -0.0231755107 -2.2932121381
2566 2.2500000000 -0.0281752232 -2.2935039995
2567 2.5000000000 -0.0450757525 -2.2944905786
2568 2.7500000000 -0.0882661725 -2.2970118468
2569 1.2500000000 -0.1230055592 -2.2990397805
2570 1.5000000000 -0.1230055592 -2.2990397805
2571 1.7500000000 -0.1230055592 -2.2990397805
2572 2.0000000000 -0.1230055592 -2.2990397805
2573 2.2500000000 -0.1230055592 -2.2990397805
2574 2.5000000000 -0.1230055592 -2.2990397805
2575 2.7500000000 -0.1230055592 -2.2990397805
2576 1.2500000000 -0.1577449458 -2.3010677143
2577 1.5000000000 -0.2009353658 -2.3035889824
2578 1.7500000000 -0.2178358952 -2.3045755616
2579 2.0000000000 -0.2228356077 -2.3048674229
2580 2.2500000000 -0.2178358952 -2.3045755616
2581 2.5000000000 -0.2009353658 -2.3035889824
2582 2.7500000000 -0.1577449458 -2.3010677143
2583 1.2500000000 -0.0967804201 -2.0000000000
2584 1.5000000000 -0.0535164724 -2.0000000000
2585 1.7500000000 -0.0365871714 -2.0000000000
2586 2.0000000000 -0.0315789474 -2.0000000000
2587 2.2500000000 -0.0365871714 -2.0000000000
2588 2.5000000000 -0.0535164724 -2.0000000000
2589 2.7500000000 -0.0967804201 -2.0000000000
2590 1.2500000000 -0.1315789474 -2.0000000000
2591 1.5000000000 -0.1315789474 -2.0000000000
2592 1.7500000000 -0.1315789474 -2.0000000000
2593 2.0000000000 -0.1315789474 -2.0000000000
2594 2.2500000000 -0.1315789474 -2.0000000000
2595 2.5000000000 -0.1315789474 -2.0000000000
2596 2.7500000000 -0.1315789474 -2.0000000000
2597 1.2500000000 -0.1663774746 -2.0000000000
2598 1.5000000000 -0.2096414223 -2.0000000000
2599 1.7500000000 -0.2265707233 -2.0000000000
2600 2.0000000000 -0.2315789474 -2.0000000000
2601 2.2500000000 -0.2265707233 -2.0000000000
2602 2.5000000000 -0.2096414223 -2.0000000000
2603 2.7500000000 -0.1663774746 -2.0000000000
2604 1.2500000000 -0.0882661725 -1.7029881532
2605 1.5000000000 -0.0450757525 -1.7055094214
2606 1.7500000000 -0.0281752232 -1.7064960005
2607 2.0000000000 -0.0231755107 -1.7067878619
2608 2.2500000000 -0.0281752232 -1.7064960005
2609 2.5000000000 -0.0450757525 -1.7055094214
2610 2.7500000000 -0.0882661725 -1.7029881532
2611 1.2500000000 -0.1230055592 -1.7009602195
2612 1.5000000000 -0.1230055592 -1.7009602195
2613 1.7500000000 -0.1230055592 -1.7009602195
2614 2.0000000000 -0.1230055592 -1.7009602195
2615 2.2500000000 -0.1230055592 -1.7009602195
2616 2.5000000000 -0.1230055592 -1.7009602195
2617 2.7500000000 -0.1230055592 -1.7009602195
2618 1.2500000000 -0.1577449458 -1.6989322857
2619 1.5000000000 -0.2009353658 -1.6964110176
2620 1.7500000000 -0.2178358952 -1.6954244384
2621 2.0000000000 -0.2228356077 -1.6951325771
2622 2.2500000000 -0.2178358952 -1.6954244384
2623 2.5000000000 -0.2009353658 -1.6964110176
2624 2.7500000000 -0.1577449458 -1.6989322857
2625 1.2500000000 -0.0655090566 -1.4639289888
2626 1.5000000000 -0.0225916144 -1.4693936320
2627 1.7500000000 -0.0057979019 -1.4715319619
2628 2.0000000000 -0.0008297893 -1.4721645476
2629 2.2500000000 -0.0057979019 -1.4715319619
2630 2.5000000000 -0.0225916144 -1.4693936320
2631 2.7500000000 -0.0655090566 -1.4639289888
2632 1.2500000000 -0.1000288788 -1.4595336077
2633 1.5000000000 -0.1000288788 -1.4595336077
2634 1.7500000000 -0.1000288788 -1.4595336077
2635 2.0000000000 -0.1000288788 -1.4595336077
2636 2.2500000000 -0.1000288788 -1.4595336077
2637 2.5000000000 -0.1000288788 -1.4595336077
2638 2.7500000000 -0.1000288788 -1.4595336077
2639 1.2500000000 -0.1345487010 -1.4551382266
2640 1.5000000000 -0.1774661432 -1.4496735833
2641 1.7500000000 -0.1942598556 -1.4475352535
2642 2.0000000000 -0.1992279683 -1.4469026677
2643 2.2500000000 -0.1942598556 -1.4475352535
2644 2.5000000000 -0.1774661432 -1.4496735833
2645 2.7500000000 -0.1345487010 -1.4551382266
2646 1.2500000000 -0.0325988895 -1.2658678647
2647 1.5000000000 0.0098777153 -1.2740841422
2648 1.7500000000 0.0264989269 -1.2772991941
2649 2.0000000000 0.0314160083 -1.2782503084
2650 2.2500000000 0.0264989269 -1.2772991941
2651 2.5000000000 0.0098777153 -1.2740841422
2652 2.7500000000 -0.0325988895 -1.2658678647
2653 1.2500000000 -0.0667641326 -1.2592592593
2654 1.5000000000 -0.0667641326 -1.2592592593
2655 1.7500000000 -0.0667641326 -1.2592592593
2656 2.0000000000 -0.0667641326 -1.2592592593
2657 2.2500000000 -0.0667641326 -1.2592592593
2658 2.5000000000 -0.0667641326 -1.2592592593
2659 2.7500000000 -0.0667641326 -1.2592592593
2660 1.2500000000 -0.1009293756 -1.2526506538
2661 1.5000000000 -0.1434059804 -1.2444343763
2662 1.7500000000 -0.1600271920 -1.2412193244
2663 2.0000000000 -0.1649442734 -1.2402682101
2664 2.2500000000 -0.1600271920 -1.2412193244
2665 2.5000000000 -0.1434059804 -1.2444343763
2666 2.7500000000 -0.1009293756 -1.2526506538
2667 1.2500000000 0.0065415994 -1.0916691514
2668 1.5000000000 0.0486488328 -1.1016064584
2669 1.7500000000 0.0651255082 -1.1054949539
2670 2.0000000000 0.0699998313 -1.1066452941
2671 2.2500000000 0.0651255082 -1.1054949539
2672 2.5000000000 0.0486488328 -1.1016064584
2673 2.7500000000 0.0065415994 -1.0916691514
2674 1.2500000000 -0.0273265468 -1.0836762689
2675 1.5000000000 -0.0273265468 -1.0836762689
2676 1.7500000000 -0.0273265468 -1.0836762689
2677 2.0000000000 -0.0273265468 -1.0836762689
2678 2.2500000000 -0.0273265468 -1.0836762689
2679 2.5000000000 -0.0273265468 -1.0836762689
2680 2.7500000000 -0.0273265468 -1.0836762689
2681 1.2500000000 -0.0611946931 -1.0756833864
2682 1.5000000000 -0.1033019264 -1.0657460793
2683 1.7500000000 -0.1197786019 -1.0618575839
2684 2.0000000000 -0.1246529249 -1.0607072436
2685 2.2500000000 -0.1197786019 -1.0618575839
2686 2.5000000000 -0.1033019264 -1.0657460793
2687 2.7500000000 -0.0611946931 -1.0756833864
2688 1.2500000000 0.0480367983 -0.9243166136
2689 1.5000000000 0.0901440317 -0.9342539207
2690 1.7500000000 0.1066207071 -0.9381424161
2691 2.0000000000 0.1114950302 -0.9392927564
2692 2.2500000000 0.1066207071 -0.9381424161
2693 2.5000000000 0.0901440317 -0.9342539207
2694 2.7500000000 0.0480367983 -0.9243166136
2695 1.2500000000 0.0141686521 -0.9163237311
2696 1.5000000000 0.0141686521 -0.9163237311
2697 1.7500000000 0.0141686521 -0.9163237311
2698 2.0000000000 0.0141686521 -0.9163237311
2699 2.2500000000 0.0141686521 -0.9163237311
2700 2.5000000000 0.0141686521 -0.9163237311
2701 2.7500000000 0.0141686521 -0.9163237311
2702 1.2500000000 -0.0196994941 -0.9083308486
2703 1.5000000000 -0.0618067275 -0.8983935416
2704 1.7500000000 -0.0782834030 -0.8945050461
2705 2.0000000000 -0.0831577260 -0.8933547059
2706 2.2500000000 -0.0782834030 -0.8945050461
2707 2.5000000000 -0.0618067275 -0.8983935416
2708 2.7500000000 -0.0196994941 -0.9083308486
2709 1.2500000000 0.0877714809 -0.7473493462
2710 1.5000000000 0.1302480857 -0.7555656237
2711 1.7500000000 0.1468692972 -0.7587806756
2712 2.0000000000 0.1517863786 -0.7597317899
2713 2.2500000000 0.1468692972 -0.7587806756
2714 2.5000000000 0.1302480857 -0.7555656237
2715 2.7500000000 0.0877714809 -0.7473493462
2716 1.2500000000 0.0536062378 -0.7407407407
2717 1.5000000000 0.0536062378 -0.7407407407
2718 1.7500000000 0.0536062378 -0.7407407407
2719 2.0000000000 0.0536062378 -0.7407407407
2720 2.2500000000 0.0536062378 -0.7407407407
2721 2.5000000000 0.0536062378 -0.7407407407
2722 2.7500000000 0.0536062378 -0.7407407407
2723 1.2500000000 0.0194409947 -0.7341321353
2724 1.5000000000 -0.0230356101 -0.7259158578
2725 1.7500000000 -0.0396568216 -0.7227008059
2726 2.0000000000 -0.0445739030 -0.7217496916
2727 2.2500000000 -0.0396568216 -0.7227008059
2728 2.5000000000 -0.0230356101 -0.7259158578
2729 2.7500000000 0.0194409947 -0.7341321353
2730 1.2500000000 0.1213908062 -0.5448617734
2731 1.5000000000 0.1643082485 -0.5503264167
2732 1.7500000000 0.1811019609 -0.5524647465
2733 2.0000000000 0.1860700735 -0.5530973323
2734 2.2500000000 0.1811019609 -0.5524647465
2735 2.5000000000 0.1643082485 -0.5503264167
2736 2.7500000000 0.1213908062 -0.5448617734
2737 1.2500000000 0.0868709840 -0.5404663923
2738 1.5000000000 0.0868709840 -0.5404663923
2739 1.7500000000 0.0868709840 -0.5404663923
2740 2.0000000000 0.0868709840 -0.5404663923
2741 2.2500000000 0.0868709840 -0.5404663923
2742 2.5000000000 0.0868709840 -0.5404663923
2743 2.7500000000 0.0868709840 -0.5404663923
2744 1.2500000000 0.0523511618 -0.5360710112
2745 1.5000000000 0.0094337196 -0.5306063680
2746 1.7500000000 -0.0073599928 -0.5284680381
2747 2.0000000000 -0.0123281054 -0.5278354524
2748 2.2500000000 -0.0073599928 -0.5284680381
2749 2.5000000000 0.0094337196 -0.5306063680
2750 2.7500000000 0.0523511618 -0.5360710112
2751 1.2500000000 0.1445870511 -0.3010677143
2752 1.5000000000 0.1877774711 -0.3035889824
2753 1.7500000000 0.2046780004 -0.3045755616
2754 2.0000000000 0.2096777129 -0.3048674229
2755 2.2500000000 0.2046780004 -0.3045755616
2756 2.5000000000 0.1877774711 -0.3035889824
2757 2.7500000000 0.1445870511 -0.3010677143
2758 1.2500000000 0.1098476644 -0.2990397805
2759 1.5000000000 0.1098476644 -0.2990397805
2760 1.7500000000 0.1098476644 -0.2990397805
2761 2.0000000000 0.1098476644 -0.2990397805
2762 2.2500000000 0.1098476644 -0.2990397805
2763 2.5000000000 0.1098476644 -0.2990397805
2764 2.7500000000 0.1098476644 -0.2990397805
2765 1.2500000000 0.0751082778 -0.2970118468
2766 1.5000000000 0.0319178578 -0.2944905786
2767 1.7500000000 0.0150173284 -0.2935039995
2768 2.0000000000 0.0100176159 -0.2932121381
2769 2.2500000000 0.0150173284 -0.2935039995
2770 2.5000000000 0.0319178578 -0.2944905786
2771 2.7500000000 0.0751082778 -0.2970118468
2772 1.2500000000 0.1532195799 -0.0000000000
2773 1.5000000000 0.1964835276 -0.0000000000
2774 1.7500000000 0.2134128286 -0.0000000000
2775 2.0000000000 0.2184210526 -0.0000000000
2776 2.2500000000 0.2134128286 -0.0000000000
2777 2.5000000000 0.1964835276 -0.0000000000
2778 2.7500000000 0.1532195799 -0.0000000000
2779 1.2500000000 0.1184210526 -0.0000000000
2780 1.5000000000 0.1184210526 -0.0000000000
2781 1.7500000000 0.1184210526 -0.0000000000
2782 2.0000000000 0.1184210526 -0.0000000000
2783 2.2500000000 0.1184210526 -0.0000000000
2784 2.5000000000 0.1184210526 -0.0000000000
2785 2.7500000000 0.1184210526 -0.0000000000
2786 1.2500000000 0.0836225254 -0.0000000000
2787 1.5000000000 0.0403585777 -0.0000000000
2788 1.7500000000 0.0234292767 -0.0000000000
2789 2.0000000000 0.0184210526 -0.0000000000
2790 2.2500000000 0.0234292767 -0.0000000000
2791 2.5000000000 0.0403585777 -0.0000000000
2792 2.7500000000 0.0836225254 -0.0000000000
2793 1.2500000000 0.1532195799 -0.0000000000
2794 1.5000000000 0.1964835276 -0.0000000000
2795 1.7500000000 0.2134128286 -0.0000000000
2796 2.0000000000 0.2184210526 -0.0000000000
2797 2.2500000000 0.2134128286 -0.0000000000
2798 2.5000000000 0.1964835276 -0.0000000000
2799 2.7500000000 0.1532195799 -0.0000000000
2800 1.2500000000 0.1184210526 -0.0000000000
2801 1.5000000000 0.1184210526 -0.0000000000
2802 1.7500000000 0.1184210526 -0.0000000000
2803 2.0000000000 0.1184210526 -0.0000000000
2804 2.2500000000 0.1184210526 -0.0000000000
2805 2.5000000000 0.1184210526 -0.0000000000
2806 2.7500000000 0.1184210526 -0.0000000000
2807 1.2500000000 0.0836225254 -0.0000000000
2808 1.5000000000 0.0403585777 -0.0000000000
2809 1.7500000000 0.0234292767 -0.0000000000
2810 2.0000000000 0.0184210526 -0.0000000000
2811 2.2500000000 0.0234292767 -0.0000000000
2812 2.5000000000 0.0403585777 -0.0000000000
2813 2.7500000000 0.0836225254 -0.0000000000
2814 1.2500000000 0.1445870511 0.3010677143
2815 1.5000000000 0.1877774711 0.3035889824
2816 1.7500000000 0.2046780004 0.3045755616
2817 2.0000000000 0.2096777129 0.3048674229
2818 2.2500000000 0.2046780004 0.3045755616
2819 2.5000000000 0.1877774711 0.3035889824
2820 2.7500000000 0.1445870511 0.3010677143
2821 1.2500000000 0.1098476644 0.2990397805
2822 1.5000000000 0.1098476644 0.2990397805
2823 1.7500000000 0.1098476644 0.2990397805
2824 2.0000000000 0.1098476644 0.2990397805
2825 2.2500000000 0.1098476644 0.2990397805
2826 2.5000000000 0.1098476644 0.2990397805
2827 2.7500000000 0.1098476644 0.2990397805
2828 1.2500000000 0.0751082778 0.2970118468
2829 1.5000000000 0.0319178578 0.2944905786
2830 1.7500000000 0.0150173284 0.2935039995
2831 2.0000000000 0.0100176159 0.2932121381
2832 2.2500000000 0.0150173284 0.2935039995
2833 2.5000000000 0.0319178578 0.2944905786
2834 2.7500000000 0.0751082778 0.2970118468
2835 1.2500000000 0.1213908062 0.5448617734
2836 1.5000000000 0.1643082485 0.5503264167
2837 1.7500000000 0.1811019609 0.5524647465
2838 2.0000000000 0.1860700735 0.5530973323
2839 2.2500000000 0.1811019609 0.5524647465
2840 2.5000000000 0.1643082485 0.5503264167
2841 2.7500000000 0.1213908062 0.5448617734
2842 1.2500000000 0.0868709840 0.5404663923
2843 1.5000000000 0.0868709840 0.5404663923
2844 1.7500000000 0.0868709840 0.5404663923
2845 2.0000000000 0.0868709840 0.5404663923
2846 2.2500000000 0.0868709840 0.5404663923
2847 2.5000000000 0.0868709840 0.5404663923
2848 2.7500000000 0.0868709840 0.5404663923
2849 1.2500000000 0.0523511618 0.5360710112
2850 1.5000000000 0.0094337196 0.5306063680
2851 1.7500000000 -0.0073599928 0.5284680381
2852 2.0000000000 -0.0123281054 0.5278354524
2853 2.2500000000 -0.0073599928 0.5284680381
2854 2.5000000000 0.0094337196 0.5306063680
2855 2.7500000000 0.0523511618 0.5360710112
2856 1.2500000000 0.0877714809 0.7473493462
2857 1.5000000000 0.1302480857 0.7555656237
2858 1.7500000000 0.1468692972 0.7587806756
2859 2.0000000000 0.1517863786 0.7597317899
2860 2.2500000000 0.1468692972 0.7587806756
2861 2.5000000000 0.1302480857 0.7555656237
2862 2.7500000000 0.0877714809 0.7473493462
2863 1.2500000000 0.0536062378 0.7407407407
2864 1.5000000000 0.0536062378 0.7407407407
2865 1.7500000000 0.0536062378 0.7407407407
2866 2.0000000000 0.0536062378 0.7407407407
2867 2.2500000000 0.0536062378 0.7407407407
2868 2.5000000000 0.0536062378 0.7407407407
2869 2.7500000000 0.0536062378 0.7407407407
2870 1.2500000000 0.0194409947 0.7341321353
2871 1.5000000000 -0.0230356101 0.7259158578
2872 1.7500000000 -0.0396568216 0.7227008059
2873 2.0000000000 -0.0445739030 0.7217496916
2874 2.2500000000 -0.0396568216 0.7227008059
2875 2.5000000000 -0.0230356101 0.7259158578
2876 2.7500000000 0.0194409947 0.7341321353
2877 1.2500000000 0.0480367983 0.9243166136
2878 1.5000000000 0.0901440317 0.9342539207
2879 1.7500000000 0.1066207071 0.9381424161
2880 2.0000000000 0.1114950302 0.9392927564
2881 2.2500000000 0.1066207071 0.9381424161
2882 2.5000000000 0.0901440317 0.9342539207
2883 2.7500000000 0.0480367983 0.9243166136
2884 1.2500000000 0.0141686521 0.9163237311
2885 1.5000000000 0.0141686521 0.9163237311
2886 1.7500000000 0.0141686521 0.9163237311
2887 2.0000000000 0.0141686521 0.9163237311
2888 2.2500000000 0.0141686521 0.9163237311
2889 2.5000000000 0.0141686521 0.9163237311
2890 2.7500000000 0.0141686521 0.9163237311
2891 1.2500000000 -0.0196994941 0.9083308486
2892 1.5000000000 -0.0618067275 0.8983935416
2893 1.7500000000 -0.0782834030 0.8945050461
2894 2.0000000000 -0.0831577260 0.8933547059
2895 2.2500000000 -0.0782834030 0.8945050461
2896 2.5000000000 -0.0618067275 0.8983935416
2897 2.7500000000 -0.0196994941 0.9083308486
2898 1.2500000000 0.0065415994 1.0916691514
2899 1.5000000000 0.0486488328 1.1016064584
2900 1.7500000000 0.0651255082 1.1054949539
2901 2.0000000000 0.0699998313 1.1066452941
2902 2.2500000000 0.0651255082 1.1054949539
2903 2.5000000000 0.0486488328 1.1016064584
2904 2.7500000000 0.0065415994 1.0916691514
2905 1.2500000000 -0.0273265468 1.0836762689
2906 1.5000000000 -0.0273265468 1.0836762689
2907 1.7500000000 -0.0273265468 1.0836762689
2908 2.0000000000 -0.0273265468 1.0836762689
2909 2.2500000000 -0.0273265468 1.0836762689
2910 2.5000000000 -0.0273265468 1.0836762689
2911 2.7500000000 -0.0273265468 1.0836762689
2912 1.2500000000 -0.0611946931 1.0756833864
2913 1.5000000000 -0.1033019264 1.0657460793
2914 1.7500000000 -0.1197786019 1.0618575839
2915 2.0000000000 -0.1246529249 1.0607072436
2916 2.2500000000 -0.1197786019 1.0618575839
2917 2.5000000000 -0.1033019264 1.0657460793
2918 2.7500000000 -0.0611946931 1.0756833864
2919 1.2500000000 -0.0325988895 1.2658678647
2920 1.5000000000 0.0098777153 1.2740841422
2921 1.7500000000 0.0264989269 1.2772991941
2922 2.0000000000 0.0314160083 1.2782503084
2923 2.2500000000 0.0264989269 1.2772991941
2924 2.5000000000 0.0098777153 1.2740841422
2925 2.7500000000 -0.0325988895 1.2658678647
2926 1.2500000000 -0.0667641326 1.2592592593
2927 1.5000000000 -0.0667641326 1.2592592593
2928 1.7500000000 -0.0667641326 1.2592592593
2929 2.0000000000 -0.0667641326 1.2592592593
2930 2.2500000000 -0.0667641326 1.2592592593
2931 2.5000000000 -0.0667641326 1.2592592593
2932 2.7500000000 -0.0667641326 1.2592592593
2933 1.2500000000 -0.1009293756 1.2526506538
2934 1.5000000000 -0.1434059804 1.2444343763
2935 1.7500000000 -0.1600271920 1.2412193244
2936 2.0000000000 -0.1649442734 1.2402682101
2937 2.2500000000 -0.1600271920 1.2412193244
2938 2.5000000000 -0.1434059804 1.2444343763
2939 2.7500000000 -0.1009293756 1.2526506538
2940 1.2500000000 -0.0655090566 1.4639289888
2941 1.5000000000 -0.0225916144 1.4693936320
2942 1.7500000000 -0.0057979019 1.4715319619
2943 2.0000000000 -0.0008297893 1.4721645476
2944 2.2500000000 -0.0057979019 1.4715319619
2945 2.5000000000 -0.0225916144 1.4693936320
2946 2.7500000000 -0.0655090566 1.4639289888
2947 1.2500000000 -0.1000288788 1.4595336077
2948 1.5000000000 -0.1000288788 1.4595336077
2949 1.7500000000 -0.1000288788 1.4595336077
2950 2.0000000000 -0.1000288788 1.4595336077
2951 2.2500000000 -0.1000288788 1.4595336077
2952 2.5000000000 -0.1000288788 1.4595336077
2953 2.7500000000 -0.1000288788 1.4595336077
2954 1.2500000000 -0.1345487010 1.4551382266
2955 1.5000000000 -0.1774661432 1.4496735833
2956 1.7500000000 -0.1942598556 1.4475352535
2957 2.0000000000 -0.1992279683 1.4469026677
2958 2.2500000000 -0.1942598556 1.4475352535
2959 2.5000000000 -0.1774661432 1.4496735833
2960 2.7500000000 -0.1345487010 1.4551382266
2961 1.2500000000 -0.0882661725 1.7029881532
2962 1.5000000000 -0.0450757525 1.7055094214
2963 1.7500000000 -0.0281752232 1.7064960005
2964 2.0000000000 -0.0231755107 1.7067878619
2965 2.2500000000 -0.0281752232 1.7064960005
2966 2.5000000000 -0.0450757525 1.7055094214
2967 2.7500000000 -0.0882661725 1.7029881532
2968 1.2500000000 -0.1230055592 1.7009602195
2969 1.5000000000 -0.1230055592 1.7009602195
2970 1.7500000000 -0.1230055592 1.7009602195
2971 2.0000000000 -0.1230055592 1.7009602195
2972 2.2500000000 -0.1230055592 1.7009602195
2973 2.5000000000 -0.1230055592 1.7009602195
2974 2.7500000000 -0.1230055592 1.7009602195
2975 1.2500000000 -0.1577449458 1.6989322857
2976 1.5000000000 -0.2009353658 1.6964110176
2977 1.7500000000 -0.2178358952 1.6954244384
2978 2.0000000000 -0.2228356077 1.6951325771
2979 2.2500000000 -0.2178358952 1.6954244384
2980 2.5000000000 -0.2009353658 1.6964110176
2981 2.7500000000 -0.1577449458 1.6989322857
2982 1.2500000000 -0.0967804201 2.0000000000
2983 1.5000000000 -0.0535164724 2.0000000000
2984 1.7500000000 -0.0365871714 2.0000000000
2985 2.0000000000 -0.0315789474 2.0000000000
2986 2.2500000000 -0.0365871714 2.0000000000
2987 2.5000000000 -0.0535164724 2.0000000000
2988 2.7500000000 -0.0967804201 2.0000000000
2989 1.2500000000 -0.1315789474 2.0000000000
2990 1.5000000000 -0.1315789474 2.0000000000
2991 1.7500000000 -0.1315789474 2.0000000000
2992 2.0000000000 -0.1315789474 2.0000000000
2993 2.2500000000 -0.1315789474 2.0000000000
2994 2.5000000000 -0.1315789474 2.0000000000
2995 2.7500000000 -0.1315789474 2.0000000000
2996 1.2500000000 -0.1663774746 2.0000000000
2997 1.5000000000 -0.2096414223 2.0000000000
2998 1.7500000000 -0.2265707233 2.0000000000
2999 2.0000000000 -0.2315789474 2.0000000000
3000 2.2500000000 -0.2265707233 2.0000000000
3001 2.5000000000 -0.2096414223 2.0000000000
3002 2.7500000000 -0.1663774746 2.0000000000
3003 1.2500000000 -0.0882661725 2.2970118468
3004 1.5000000000 -0.0450757525 2.2944905786
3005 1.7500000000 -0.0281752232 2.2935039995
3006 2.0000000000 -0.0231755107 2.2932121381
3007 2.2500000000 -0.0281752232 2.2935039995
3008 2.5000000000 -0.0450757525 2.2944905786
3009 2.7500000000 -0.0882661725 2.2970118468
3010 1.2500000000 -0.1230055592 2.2990397805
3011 1.5000000000 -0.1230055592 2.2990397805
3012 1.7500000000 -0.1230055592 2.2990397805
3013 2.0000000000 -0.1230055592 2.2990397805
3014 2.2500000000 -0.1230055592 2.2990397805
3015 2.5000000000 -0.1230055592 2.2990397805
3016 2.7500000000 -0.1230055592 2.2990397805
3017 1.2500000000 -0.1577449458 2.3010677143
3018 1.5000000000 -0.2009353658 2.3035889824
3019 1.7500000000 -0.2178358952 2.3045755616
3020 2.0000000000 -0.2228356077 2.3048674229
3021 2.2500000000 -0.2178358952 2.3045755616
3022 2.5000000000 -0.2009353658 2.3035889824
3023 2.7500000000 -0.1577449458 2.3010677143
3024 1.2500000000 -0.0655090566 2.5360710112
3025 1.5000000000 -0.0225916144 2.5306063680
3026 1.7500000000 -0.0057979019 2.5284680381
3027 2.0000000000 -0.0008297893 2.5278354524
3028 2.2500000000 -0.0057979019 2.5284680381
3029 2.5000000000 -0.0225916144 2.5306063680
3030 2.7500000000 -0.0655090566 2.5360710112
3031 1.2500000000 -0.1000288788 2.5404663923
3032 1.5000000000 -0.1000288788 2.5404663923
3033 1.7500000000 -0.1000288788 2.5404663923
3034 2.0000000000 -0.1000288788 2.5404663923
3035 2.2500000000 -0.1000288788 2.5404663923
3036 2.5000000000 -0.1000288788 2.5404663923
3037 2.7500000000 -0.1000288788 2.5404663923
3038 1.2500000000 -0.1345487010 2.5448617734
3039 1.5000000000 -0.1774661432 2.5503264167
3040 1.7500000000 -0.1942598556 2.5524647465
3041 2.0000000000 -0.1992279683 2.5530973323
3042 2.2500000000 -0.1942598556 2.5524647465
3043 2.5000000000 -0.1774661432 2.5503264167
3044 2.7500000000 -0.1345487010 2.5448617734
3045 1.2500000000 -0.0325988895 2.7341321353
3046 1.5000000000 0.0098777153 2.7259158578
3047 1.7500000000 0.0264989269 2.7227008059
3048 2.0000000000 0.0314160083 2.7217496916
3049 2.2500000000 0.0264989269 2.7227008059
3050 2.5000000000 0.0098777153 2.7259158578
3051 2.7500000000 -0.0325988895 2.7341321353
3052 1.2500000000 -0.0667641326 2.7407407407
3053 1.5000000000 -0.0667641326 2.7407407407
3054 1.7500000000 -0.0667641326 2.7407407407
3055 2.0000000000 -0.0667641326 2.7407407407
3056 2.2500000000 -0.0667641326 2.7407407407
3057 2.5000000000 -0.0667641326 2.7407407407
3058 2.7500000000 -0.0667641326 2.7407407407
3059 1.2500000000 -0.1009293756 2.7473493462
3060 1.5000000000 -0.1434059804 2.7555656237
3061 1.7500000000 -0.1600271920 2.7587806756
3062 2.0000000000 -0.1649442734 2.7597317899
3063 2.2500000000 -0.1600271920 2.7587806756
3064 2.5000000000 -0.1434059804 2.7555656237
3065 2.7500000000 -0.1009293756 2.7473493462
3066 1.2500000000 0.0065415994 2.9083308486
3067 1.5000000000 0.0486488328 2.8983935416
3068 1.7500000000 0.0651255082 2.8945050461
3069 2.0000000000 0.0699998313 2.8933547059
3070 2.2500000000 0.0651255082 2.8945050461
3071 2.5000000000 0.0486488328 2.8983935416
3072 2.7500000000 0.0065415994 2.9083308486
3073 1.2500000000 -0.0273265468 2.9163237311
3074 1.5000000000 -0.0273265468 2.9163237311
3075 1.7500000000 -0.0273265468 2.9163237311
3076 2.0000000000 -0.0273265468 2.9163237311
3077 2.2500000000 -0.0273265468 2.9163237311
3078 2.5000000000 -0.0273265468 2.9163237311
3079 2.7500000000 -0.0273265468 2.9163237311
3080 1.2500000000 -0.0611946931 2.9243166136
3081 1.5000000000 -0.1033019264 2.9342539207
3082 1.7500000000 -0.1197786019 2.9381424161
3083 2.0000000000 -0.1246529249 2.9392927564
3084 2.2500000000 -0.1197786019 2.9381424161
3085 2.5000000000 -0.1033019264 2.9342539207
3086 2.7500000000 -0.0611946931 2.9243166136
3087 1.2500000000 0.0480367983 3.0756833864
3088 1.5000000000 0.0901440317 3.0657460793
3089 1.7500000000 0.1066207071 3.0618575839
3090 2.0000000000 0.1114950302 3.0607072436
3091 2.2500000000 0.1066207071 3.0618575839
3092 2.5000000000 0.0901440317 3.0657460793
3093 2.7500000000 0.0480367983 3.0756833864
3094 1.2500000000 0.0141686521 3.0836762689
3095 1.5000000000 0.0141686521 3.0836762689
3096 1.7500000000 0.0141686521 3.0836762689
3097 2.0000000000 0.0141686521 3.0836762689
3098 2.2500000000 0.0141686521 3.0836762689
3099 2.5000000000 0.0141686521 3.0836762689
3100 2.7500000000 0.0141686521 3.0836762689
3101 1.2500000000 -0.0196994941 3.0916691514
3102 1.5000000000 -0.0618067275 3.1016064584
3103 1.7500000000 -0.0782834030 3.1054949539
3104 2.0000000000 -0.0831577260 3.1066452941
3105 2.2500000000 -0.0782834030 3.1054949539
3106 2.5000000000 -0.0618067275 3.1016064584
3107 2.7500000000 -0.0196994941 3.0916691514
3108 1.2500000000 0.0877714809 3.2526506538
3109 1.5000000000 0.1302480857 3.2444343763
3110 1.7500000000 0.1468692972 3.2412193244
3111 2.0000000000 0.1517863786 3.2402682101
3112 2.2500000000 0.1468692972 3.2412193244
3113 2.5000000000 0.1302480857 3.2444343763
3114 2.7500000000 0.0877714809 3.2526506538
3115 1.2500000000 0.0536062378 3.2592592593
3116 1.5000000000 0.0536062378 3.2592592593
3117 1.7500000000 0.0536062378 3.2592592593
3118 2.0000000000 0.0536062378 3.2592592593
3119 2.2500000000 0.0536062378 3.2592592593
3120 2.5000000000 0.0536062378 3.2592592593
3121 2.7500000000 0.0536062378 3.2592592593
3122 1.2500000000 0.0194409947 3.2658678647
3123 1.5000000000 -0.0230356101 3.2740841422
3124 1.7500000000 -0.0396568216 3.2772991941
3125 2.0000000000 -0.0445739030 3.2782503084
3126 2.2500000000 -0.0396568216 3.2772991941
3127 2.5000000000 -0.0230356101 3.2740841422
3128 2.7500000000 0.0194409947 3.2658678647
3129 1.2500000000 0.1213908062 3.4551382266
3130 1.5000000000 0.1643082485 3.4496735833
3131 1.7500000000 0.1811019609 3.4475352535
3132 2.0000000000 0.1860700735 3.4469026677
3133 2.2500000000 0.1811019609 3.4475352535
3134 2.5000000000 0.1643082485 3.4496735833
3135 2.7500000000 0.1213908062 3.4551382266
3136 1.2500000000 0.0868709840 3.4595336077
3137 1.5000000000 0.0868709840 3.4595336077
3138 1.7500000000 0.0868709840 3.4595336077
3139 2.0000000000 0.0868709840 3.4595336077
3140 2.2500000000 0.0868709840 3.4595336077
3141 2.5000000000 0.0868709840 3.4595336077
3142 2.7500000000 0.0868709840 3.4595336077
3143 1.2500000000 0.0523511618 3.4639289888
3144 1.5000000000 0.0094337196 3.4693936320
3145 1.7500000000 -0.0073599928 3.4715319619
3146 2.0000000000 -0.0123281054 3.4721645476
3147 2.2500000000 -0.0073599928 3.4715319619
3148 2.5000000000 0.0094337196 3.4693936320
3149 2.7500000000 0.0523511618 3.4639289888
3150 1.2500000000 0.1445870511 3.6989322857
3151 1.5000000000 0.1877774711 3.6964110176
3152 1.7500000000 0.2046780004 3.6954244384
3153 2.0000000000 0.2096777129 3.6951325771
3154 2.2500000000 0.2046780004 3.6954244384
3155 2.5000000000 0.1877774711 3.6964110176
3156 2.7500000000 0.1445870511 3.6989322857
3157 1.2500000000 0.1098476644 3.7009602195
3158 1.5000000000 0.1098476644 3.7009602195
3159 1.7500000000 0.1098476644 3.7009602195
3160 2.0000000000 0.1098476644 3.7009602195
3161 2.2500000000 0.1098476644 3.7009602195
3162 2.5000000000 0.1098476644 3.7009602195
3163 2.7500000000 0.1098476644 3.7009602195
3164 1.2500000000 0.0751082778 3.7029881532
3165 1.5000000000 0.0319178578 3.7055094214
3166 1.7500000000 0.0150173284 3.7064960005
3167 2.0000000000 0.0100176159 3.7067878619
3168 2.2500000000 0.0150173284 3.7064960005
3169 2.5000000000 0.0319178578 3.7055094214
3170 2.7500000000 0.0751082778 3.7029881532
3171 1.2500000000 0.1532195799 4.0000000000
3172 1.5000000000 0.1964835276 4.0000000000
3173 1.7500000000 0.2134128286 4.0000000000
3174 2.0000000000 0.2184210526 4.0000000000
3175 2.2500000000 0.2134128286 4.0000000000
3176 2.5000000000 0.1964835276 4.0000000000
3177 2.7500000000 0.1532195799 4.0000000000
3178 1.2500000000 0.1184210526 4.0000000000
3179 1.5000000000 0.1184210526 4.0000000000
3180 1.7500000000 0.1184210526 4.0000000000
3181 2.0000000000 0.1184210526 4.0000000000
3182 2.2500000000 0.1184210526 4.0000000000
3183 2.5000000000 0.1184210526 4.0000000000
3184 2.7500000000 0.1184210526 4.0000000000
3185 1.2500000000 0.0836225254 4.0000000000
3186 1.5000000000 0.0403585777 4.0000000000
3187 1.7500000000 0.0234292767 4.0000000000
3188 2.0000000000 0.0184210526 4.0000000000
3189 2.2500000000 0.0234292767 4.0000000000
3190 2.5000000000 0.0403585777 4.0000000000
3191 2.7500000000 0.0836225254 4.0000000000
3192 3.2500000000 -0.0836225254 -4.0000000000
3193 3.5000000000 -0.0403585777 -4.0000000000
3194 3.7500000000 -0.0234292767 -4.0000000000
3195 4.0000000000 -0.0184210526 -4.0000000000
3196 4.2500000000 -0.0234292767 -4.0000000000
3197 4.5000000000 -0.0403585777 -4.0000000000
3198 4.7500000000 -0.0836225254 -4.0000000000
3199 3.2500000000 -0.1184210526 -4.0000000000
3200 3.5000000000 -0.1184210526 -4.0000000000
3201 3.7500000000 -0.1184210526 -4.0000000000
3202 4.0000000000 -0.1184210526 -4.0000000000
3203 4.2500000000 -0.1184210526 -4.0000000000
3204 4.5000000000 -0.1184210526 -4.0000000000
3205 4.7500000000 -0.1184210526 -4.0000000000
3206 3.2500000000 -0.1532195799 -4.0000000000
3207 3.5000000000 -0.1964835276 -4.0000000000
3208 3.7500000000 -0.2134128286 -4.0000000000
3209 4.0000000000 -0.2184210526 -4.0000000000
3210 4.2500000000 -0.2134128286 -4.0000000000
3211 4.5000000000 -0.1964835276 -4.0000000000
3212 4.7500000000 -0.1532195799 -4.0000000000
3213 3.2500000000 -0.0751082778 -3.7029881532
3214 3.5000000000 -0.0319178578 -3.7055094214
3215 3.7500000000 -0.0150173284 -3.7064960005
3216 4.0000000000 -0.0100176159 -3.7067878619
3217 4.2500000000 -0.0150173284 -3.7064960005
3218 4.5000000000 -0.0319178578 -3.7055094214
3219 4.7500000000 -0.0751082778 -3.7029881532
3220 3.2500000000 -0.1098476644 -3.7009602195
3221 3.5000000000 -0.1098476644 -3.7009602195
3222 3.7500000000 -0.1098476644 -3.7009602195
3223 4.0000000000 -0.1098476644 -3.7009602195
3224 4.2500000000 -0.1098476644 -3.7009602195
3225 4.5000000000 -0.1098476644 -3.7009602195
3226 4.7500000000 -0.1098476644 -3.7009602195
3227 3.2500000000 -0.1445870511 -3.6989322857
3228 3.5000000000 -0.1877774711 -3.6964110176
3229 3.7500000000 -0.2046780004 -3.6954244384
3230 4.0000000000 -0.2096777129 -3.6951325771
3231 4.2500000000 -0.2046780004 -3.6954244384
3232 4.5000000000 -0.1877774711 -3.6964110176
3233 4.7500000000 -0.1445870511 -3.6989322857
3234 3.2500000000 -0.0523511618 -3.4639289888
3235 3.5000000000 -0.0094337196 -3.4693936320
3236 3.7500000000 0.0073599928 -3.4715319619
3237 4.0000000000 0.0123281054 -3.4721645476
3238 4.2500000000 0.0073599928 -3.4715319619
3239 4.5000000000 -0.0094337196 -3.4693936320
3240 4.7500000000 -0.0523511618 -3.4639289888
3241 3.2500000000 -0.0868709840 -3.4595336077
3242 3.5000000000 -0.0868709840 -3.4595336077
3243 3.7500000000 -0.0868709840 -3.4595336077
3244 4.0000000000 -0.0868709840 -3.4595336077
3245 4.2500000000 -0.0868709840 -3.4595336077
3246 4.5000000000 -0.0868709840 -3.4595336077
3247 4.7500000000 -0.0868709840 -3.4595336077
3248 3.2500000000 -0.1213908062 -3.4551382266
3249 3.5000000000 -0.1643082485 -3.4496735833
3250 3.7500000000 -0.1811019609 -3.4475352535
3251 4.0000000000 -0.1860700735 -3.4469026677
3252 4.2500000000 -0.1811019609 -3.4475352535
3253 4.5000000000 -0.1643082485 -3.4496735833
3254 4.7500000000 -0.1213908062 -3.4551382266
3255 3.2500000000 -0.0194409947 -3.2658678647
3256 3.5000000000 0.0230356101 -3.2740841422
3257 3.7500000000 0.0396568216 -3.2772991941
3258 4.0000000000 0.0445739030 -3.2782503084
3259 4.2500000000 0.0396568216 -3.2772991941
3260 4.5000000000 0.0230356101 -3.2740841422
3261 4.7500000000 -0.0194409947 -3.2658678647
3262 3.2500000000 -0.0536062378 -3.2592592593
3263 3.5000000000 -0.0536062378 -3.2592592593
3264 3.7500000000 -0.0536062378 -3.2592592593
3265 4.0000000000 -0.0536062378 -3.2592592593
3266 4.2500000000 -0.0536062378 -3.2592592593
3267 4.5000000000 -0.0536062378 -3.2592592593
3268 4.7500000000 -0.0536062378 -3.2592592593
3269 3.2500000000 -0.0877714809 -3.2526506538
3270 3.5000000000 -0.1302480857 -3.2444343763
3271 3.7500000000 -0.1468692972 -3.2412193244
3272 4.0000000000 -0.1517863786 -3.2402682101
3273 4.2500000000 -0.1468692972 -3.2412193244
3274 4.5000000000 -0.1302480857 -3.2444343763
3275 4.7500000000 -0.0877714809 -3.2526506538
3276 3.2500000000 0.0196994941 -3.0916691514
3277 3.5000000000 0.0618067275 -3.1016064584
3278 3.7500000000 0.0782834030 -3.1054949539
3279 4.0000000000 0.0831577260 -3.1066452941
3280 4.2500000000 0.0782834030 -3.1054949539
3281 4.5000000000 0.0618067275 -3.1016064584
3282 4.7500000000 0.0196994941 -3.0916691514
3283 3.2500000000 -0.0141686521 -3.0836762689
3284 3.5000000000 -0.0141686521 -3.0836762689
3285 3.7500000000 -0.0141686521 -3.0836762689
3286 4.0000000000 -0.0141686521 -3.0836762689
3287 4.2500000000 -0.0141686521 -3.0836762689
3288 4.5000000000 -0.0141686521 -3.0836762689
3289 4.7500000000 -0.0141686521 -3.0836762689
3290 3.2500000000 -0.0480367983 -3.0756833864
3291 3.5000000000 -0.0901440317 -3.0657460793
3292 3.7500000000 -0.1066207071 -3.0618575839
3293 4.0000000000 -0.1114950302 -3.0607072436
3294 4.2500000000 -0.1066207071 -3.0618575839
3295 4.5000000000 -0.0901440317 -3.0657460793
3296 4.7500000000 -0.0480367983 -3.0756833864
3297 3.2500000000 0.0611946931 -2.9243166136
3298 3.5000000000 0.1033019264 -2.9342539207
3299 3.7500000000 0.1197786019 -2.9381424161
3300 4.0000000000 0.1246529249 -2.9392927564
3301 4.2500000000 0.1197786019 -2.9381424161
3302 4.5000000000 0.1033019264 -2.9342539207
3303 4.7500000000 0.0611946931 -2.9243166136
3304 3.2500000000 0.0273265468 -2.9163237311
3305 3.5000000000 0.0273265468 -2.9163237311
3306 3.7500000000 0.0273265468 -2.9163237311
3307 4.0000000000 0.0273265468 -2.9163237311
3308 4.2500000000 0.0273265468 -2.9163237311
3309 4.5000000000 0.0273265468 -2.9163237311
3310 4.7500000000 0.0273265468 -2.9163237311
3311 3.2500000000 -0.0065415994 -2.9083308486
3312 3.5000000000 -0.0486488328 -2.8983935416
3313 3.7500000000 -0.0651255082 -2.8945050461
3314 4.0000000000 -0.0699998313 -2.8933547059
3315 4.2500000000 -0.0651255082 -2.8945050461
3316 4.5000000000 -0.0486488328 -2.8983935416
3317 4.7500000000 -0.0065415994 -2.9083308486
3318 3.2500000000 0.1009293756 -2.7473493462
3319 3.5000000000 0.1434059804 -2.7555656237
3320 3.7500000000 0.1600271920 -2.7587806756
3321 4.0000000000 0.1649442734 -2.7597317899
3322 4.2500000000 0.1600271920 -2.7587806756
3323 4.5000000000 0.1434059804 -2.7555656237
3324 4.7500000000 0.1009293756 -2.7473493462
3325 3.2500000000 0.0667641326 -2.7407407407
3326 3.5000000000 0.0667641326 -2.7407407407
3327 3.7500000000 0.0667641326 -2.7407407407
3328 4.0000000000 0.0667641326 -2.7407407407
3329 4.2500000000 0.0667641326 -2.7407407407
3330 4.5000000000 0.0667641326 -2.7407407407
3331 4.7500000000 0.0667641326 -2.7407407407
3332 3.2500000000 0.0325988895 -2.7341321353
3333 3.5000000000 -0.0098777153 -2.7259158578
3334 3.7500000000 -0.0264989269 -2.7227008059
3335 4.0000000000 -0.0314160083 -2.7217496916
3336 4.2500000000 -0.0264989269 -2.7227008059
3337 4.5000000000 -0.0098777153 -2.7259158578
3338 4.7500000000 0.0325988895 -2.7341321353
3339 3.2500000000 0.1345487010 -2.5448617734
3340 3.5000000000 0.1774661432 -2.5503264167
3341 3.7500000000 0.1942598556 -2.5524647465
3342 4.0000000000 0.1992279683 -2.5530973323
3343 4.2500000000 0.1942598556 -2.5524647465
3344 4.5000000000 0.1774661432 -2.5503264167
3345 4.7500000000 0.1345487010 -2.5448617734
3346 3.2500000000 0.1000288788 -2.5404663923
3347 3.5000000000 0.1000288788 -2.5404663923
3348 3.7500000000 0.1000288788 -2.5404663923
3349 4.0000000000 0.1000288788 -2.5404663923
3350 4.2500000000 0.1000288788 -2.5404663923
3351 4.5000000000 0.1000288788 -2.5404663923
3352 4.7500000000 0.1000288788 -2.5404663923
3353 3.2500000000 0.0655090566 -2.5360710112
3354 3.5000000000 0.0225916144 -2.5306063680
3355 3.7500000000 0.0057979019 -2.5284680381
3356 4.0000000000 0.0008297893 -2.5278354524
3357 4.2500000000 0.0057979019 -2.5284680381
3358 4.5000000000 0.0225916144 -2.5306063680
3359 4.7500000000 0.0655090566 -2.5360710112
3360 3.2500000000 0.1577449458 -2.3010677143
3361 3.5000000000 0.2009353658 -2.3035889824
3362 3.7500000000 0.2178358952 -2.3045755616
3363 4.0000000000 0.2228356077 -2.3048674229
3364 4.2500000000 0.2178358952 -2.3045755616
3365 4.5000000000 0.2009353658 -2.3035889824
3366 4.7500000000 0.1577449458 -2.3010677143
3367 3.2500000000 0.1230055592 -2.2990397805
3368 3.5000000000 0.1230055592 -2.2990397805
3369 3.7500000000 0.1230055592 -2.2990397805
3370 4.0000000000 0.1230055592 -2.2990397805
3371 4.2500000000 0.1230055592 -2.2990397805
3372 4.5000000000 0.1230055592 -2.2990397805
3373 4.7500000000 0.1230055592 -2.2990397805
3374 3.2500000000 0.0882661725 -2.2970118468
3375 3.5000000000 0.0450757525 -2.2944905786
3376 3.7500000000 0.0281752232 -2.2935039995
3377 4.0000000000 0.0231755107 -2.2932121381
3378 4.2500000000 0.0281752232 -2.2935039995
3379 4.5000000000 0.0450757525 -2.2944905786
3380 4.7500000000 0.0882661725 -2.2970118468
3381 3.2500000000 0.1663774746 -2.0000000000
3382 3.5000000000 0.2096414223 -2.0000000000
3383 3.7500000000 0.2265707233 -2.0000000000
3384 4.0000000000 0.2315789474 -2.0000000000
3385 4.2500000000 0.2265707233 -2.0000000000
3386 4.5000000000 0.2096414223 -2.0000000000
3387 4.7500000000 0.1663774746 -2.0000000000
3388 3.2500000000 0.1315789474 -2.0000000000
3389 3.5000000000 0.1315789474 -2.0000000000
3390 3.7500000000 0.1315789474 -2.0000000000
3391 4.0000000000 0.1315789474 -2.0000000000
3392 4.2500000000 0.1315789474 -2.0000000000
3393 4.5000000000 0.1315789474 -2.0000000000
3394 4.7500000000 0.1315789474 -2.0000000000
3395 3.2500000000 0.0967804201 -2.0000000000
3396 3.5000000000 0.0535164724 -2.0000000000
3397 3.7500000000 0.0365871714 -2.0000000000
3398 4.0000000000 0.0315789474 -2.0000000000
3399 4.2500000000 0.0365871714 -2.0000000000
3400 4.5000000000 0.0535164724 -2.0000000000
3401 4.7500000000 0.0967804201 -2.0000000000
3402 3.2500000000 0.1577449458 -1.6989322857
3403 3.5000000000 0.2009353658 -1.6964110176
3404 3.7500000000 0.2178358952 -1.6954244384
3405 4.0000000000 0.2228356077 -1.6951325771
3406 4.2500000000 0.2178358952 -1.6954244384
3407 4.5000000000 0.2009353658 -1.6964110176
3408 4.7500000000 0.1577449458 -1.6989322857
3409 3.2500000000 0.1230055592 -1.7009602195
3410 3.5000000000 0.1230055592 -1.7009602195
3411 3.7500000000 0.1230055592 -1.7009602195
3412 4.0000000000 0.1230055592 -1.7009602195
3413 4.2500000000 0.1230055592 -1.7009602195
3414 4.5000000000 0.1230055592 -1.7009602195
3415 4.7500000000 0.1230055592 -1.7009602195
3416 3.2500000000 0.0882661725 -1.7029881532
3417 3.5000000000 0.0450757525 -1.7055094214
3418 3.7500000000 0.0281752232 -1.7064960005
3419 4.0000000000 0.0231755107 -1.7067878619
3420 4.2500000000 0.0281752232 -1.7064960005
3421 4.5000000000 0.0450757525 -1.7055094214
3422 4.7500000000 0.0882661725 -1.7029881532
3423 3.2500000000 0.1345487010 -1.4551382266
3424 3.5000000000 0.1774661432 -1.4496735833
3425 3.7500000000 0.1942598556 -1.4475352535
3426 4.0000000000 0.1992279683 -1.4469026677
3427 4.2500000000 0.1942598556 -1.4475352535
3428 4.5000000000 0.1774661432 -1.4496735833
3429 4.7500000000 0.1345487010 -1.4551382266
3430 3.2500000000 0.1000288788 -1.4595336077
3431 3.5000000000 0.1000288788 -1.4595336077
3432 3.7500000000 0.1000288788 -1.4595336077
3433 4.0000000000 0.1000288788 -1.4595336077
3434 4.2500000000 0.1000288788 -1.4595336077
3435 4.5000000000 0.1000288788 -1.4595336077
3436 4.7500000000 0.1000288788 -1.4595336077
3437 3.2500000000 0.0655090566 -1.4639289888
3438 3.5000000000 0.0225916144 -1.4693936320
3439 3.7500000000 0.0057979019 -1.4715319619
3440 4.0000000000 0.0008297893 -1.4721645476
3441 4.2500000000 0.0057979019 -1.4715319619
3442 4.5000000000 0.0225916144 -1.4693936320
3443 4.7500000000 0.0655090566 -1.4639289888
3444 3.2500000000 0.1009293756 -1.2526506538
3445 3.5000000000 0.1434059804 -1.2444343763
3446 3.7500000000 0.1600271920 -1.2412193244
3447 4.0000000000 0.1649442734 -1.2402682101
3448 4.2500000000 0.1600271920 -1.2412193244
3449 4.5000000000 0.1434059804 -1.2444343763
3450 4.7500000000 0.1009293756 -1.2526506538
3451 3.2500000000 0.0667641326 -1.2592592593
3452 3.5000000000 0.0667641326 -1.2592592593
3453 3.7500000000 0.0667641326 -1.2592592593
3454 4.0000000000 0.0667641326 -1.2592592593
3455 4.2500000000 0.0667641326 -1.2592592593
3456 4.5000000000 0.0667641326 -1.2592592593
3457 4.7500000000 0.0667641326 -1.2592592593
3458 3.2500000000 0.0325988895 -1.2658678647
3459 3.5000000000 -0.0098777153 -1.2740841422
3460 3.7500000000 -0.0264989269 -1.2772991941
3461 4.0000000000 -0.0314160083 -1.2782503084
3462 4.2500000000 -0.0264989269 -1.2772991941
3463 4.5000000000 -0.0098777153 -1.2740841422
3464 4.7500000000 0.0325988895 -1.2658678647
3465 3.2500000000 0.0611946931 -1.0756833864
3466 3.5000000000 0.1033019264 -1.0657460793
3467 3.7500000000 0.1197786019 -1.0618575839
3468 4.0000000000 0.1246529249 -1.0607072436
3469 4.2500000000 0.1197786019 -1.0618575839
3470 4.5000000000 0.1033019264 -1.0657460793
3471 4.7500000000 0.0611946931 -1.0756833864
3472 3.2500000000 0.0273265468 -1.0836762689
3473 3.5000000000 0.0273265468 -1.0836762689
3474 3.7500000000 0.0273265468 -1.0836762689
3475 4.0000000000 0.0273265468 -1.0836762689
3476 4.2500000000 0.0273265468 -1.0836762689
3477 4.5000000000 0.0273265468 -1.0836762689
3478 4.7500000000 0.0273265468 -1.0836762689
3479 3.2500000000 -0.0065415994 -1.0916691514
3480 3.5000000000 -0.0486488328 -1.1016064584
3481 3.7500000000 -0.0651255082 -1.1054949539
3482 4.0000000000 -0.0699998313 -1.1066452941
3483 4.2500000000 -0.0651255082 -1.1054949539
3484 4.5000000000 -0.0486488328 -1.1016064584
3485 4.7500000000 -0.0065415994 -1.0916691514
3486 3.2500000000 0.0196994941 -0.9083308486
3487 3.5000000000 0.0618067275 -0.8983935416
3488 3.7500000000 0.0782834030 -0.8945050461
3489 4.0000000000 0.0831577260 -0.8933547059
3490 4.2500000000 0.0782834030 -0.8945050461
3491 4.5000000000 0.0618067275 -0.8983935416
3492 4.7500000000 0.0196994941 -0.9083308486
3493 3.2500000000 -0.0141686521 -0.9163237311
3494 3.5000000000 -0.0141686521 -0.9163237311
3495 3.7500000000 -0.0141686521 -0.9163237311
3496 4.0000000000 -0.0141686521 -0.9163237311
3497 4.2500000000 -0.0141686521 -0.9163237311
3498 4.5000000000 -0.0141686521 -0.9163237311
3499 4.7500000000 -0.0141686521 -0.9163237311
3500 3.2500000000 -0.0480367983 -0.9243166136
3501 3.5000000000 -0.0901440317 -0.9342539207
3502 3.7500000000 -0.1066207071 -0.9381424161
3503 4.0000000000 -0.1114950302 -0.9392927564
3504 4.2500000000 -0.1066207071 -0.9381424161
3505 4.5000000000 -0.0901440317 -0.9342539207
3506 4.7500000000 -0.0480367983 -0.9243166136
3507 3.2500000000 -0.0194409947 -0.7341321353
3508 3.5000000000 0.0230356101 -0.7259158578
3509 3.7500000000 0.0396568216 -0.7227008059
3510 4.0000000000 0.0445739030 -0.7217496916
3511 4.2500000000 0.0396568216 -0.7227008059
3512 4.5000000000 0.0230356101 -0.7259158578
3513 4.7500000000 -0.0194409947 -0.7341321353
3514 3.2500000000 -0.0536062378 -0.7407407407
3515 3.5000000000 -0.0536062378 -0.7407407407
3516 3.7500000000 -0.0536062378 -0.7407407407
3517 4.0000000000 -0.0536062378 -0.7407407407
3518 4.2500000000 -0.0536062378 -0.7407407407
3519 4.5000000000 -0.0536062378 -0.7407407407
3520 4.7500000000 -0.0536062378 -0.7407407407
3521 3.2500000000 -0.0877714809 -0.7473493462
3522 3.5000000000 -0.1302480857 -0.7555656237
3523 3.7500000000 -0.1468692972 -0.7587806756
3524 4.0000000000 -0.1517863786 -0.7597317899
3525 4.2500000000 -0.1468692972 -0.7587806756
3526 4.5000000000 -0.1302480857 -0.7555656237
3527 4.7500000000 -0.0877714809 -0.7473493462
3528 3.2500000000 -0.0523511618 -0.5360710112
3529 3.5000000000 -0.0094337196 -0.5306063680
3530 3.7500000000 0.0073599928 -0.5284680381
3531 4.0000000000 0.0123281054 -0.5278354524
3532 4.2500000000 0.0073599928 -0.5284680381
3533 4.5000000000 -0.0094337196 -0.5306063680
3534 4.7500000000 -0.0523511618 -0.5360710112
3535 3.2500000000 -0.0868709840 -0.5404663923
3536 3.5000000000 -0.0868709840 -0.5404663923
3537 3.7500000000 -0.0868709840 -0.5404663923
3538 4.0000000000 -0.0868709840 -0.5404663923
3539 4.2500000000 -0.0868709840 -0.5404663923
3540 4.5000000000 -0.0868709840 -0.5404663923
3541 4.7500000000 -0.0868709840 -0.5404663923
3542 3.2500000000 -0.1213908062 -0.5448617734
3543 3.5000000000 -0.1643082485 -0.5503264167
3544 3.7500000000 -0.1811019609 -0.5524647465
3545 4.0000000000 -0.1860700735 -0.5530973323
3546 4.2500000000 -0.1811019609 -0.5524647465
3547 4.5000000000 -0.1643082485 -0.5503264167
3548 4.7500000000 -0.1213908062 -0.5448617734
3549 3.2500000000 -0.0751082778 -0.2970118468
3550 3.5000000000 -0.0319178578 -0.2944905786
3551 3.7500000000 -0.0150173284 -0.2935039995
3552 4.0000000000 -0.0100176159 -0.2932121381
3553 4.2500000000 -0.0150173284 -0.2935039995
3554 4.5000000000 -0.0319178578 -0.2944905786
3555 4.7500000000 -0.0751082778 -0.2970118468
3556 3.2500000000 -0.1098476644 -0.2990397805
3557 3.5000000000 -0.1098476644 -0.2990397805
3558 3.7500000000 -0.1098476644 -0.2990397805
3559 4.0000000000 -0.1098476644 -0.2990397805
3560 4.2500000000 -0.1098476644 -0.2990397805
3561 4.5000000000 -0.1098476644 -0.2990397805
3562 4.7500000000 -0.1098476644 -0.2990397805
3563 3.2500000000 -0.1445870511 -0.3010677143
3564 3.5000000000 -0.1877774711 -0.3035889824
3565 3.7500000000 -0.2046780004 -0.3045755616
3566 4.0000000000 -0.2096777129 -0.3048674229
3567 4.2500000000 -0.2046780004 -0.3045755616
3568 4.5000000000 -0.1877774711 -0.3035889824
3569 4.7500000000 -0.1445870511 -0.3010677143
3570 3.2500000000 -0.0836225254 0.0000000000
3571 3.5000000000 -0.0403585777 0.0000000000
3572 3.7500000000 -0.0234292767 0.0000000000
3573 4.0000000000 -0.0184210526 0.0000000000
3574 4.2500000000 -0.0234292767 0.0000000000
3575 4.5000000000 -0.0403585777 0.0000000000
3576 4.7500000000 -0.0836225254 0.0000000000
3577 3.2500000000 -0.1184210526 0.0000000000
3578 3.5000000000 -0.1184210526 0.0000000000
3579 3.7500000000 -0.1184210526 0.0000000000
3580 4.0000000000 -0.1184210526 0.0000000000
3581 4.2500000000 -0.1184210526 0.0000000000
3582 4.5000000000 -0.1184210526 0.0000000000
3583 4.7500000000 -0.1184210526 0.0000000000
3584 3.2500000000 -0.1532195799 0.0000000000
3585 3.5000000000 -0.1964835276 0.0000000000
3586 3.7500000000 -0.2134128286 0.0000000000
3587 4.0000000000 -0.2184210526 0.0000000000
3588 4.2500000000 -0.2134128286 0.0000000000
3589 4.5000000000 -0.1964835276 0.0000000000
3590 4.7500000000 -0.1532195799 0.0000000000
3591 3.2500000000 -0.0836225254 0.0000000000
3592 3.5000000000 -0.0403585777 0.0000000000
3593 3.7500000000 -0.0234292767 0.0000000000
3594 4.0000000000 -0.0184210526 0.0000000000
3595 4.2500000000 -0.0234292767 0.0000000000
3596 4.5000000000 -0.0403585777 0.0000000000
3597 4.7500000000 -0.0836225254 0.0000000000
3598 3.2500000000 -0.1184210526 0.0000000000
3599 3.5000000000 -0.1184210526 0.0000000000
3600 3.7500000000 -0.1184210526 0.0000000000
3601 4.0000000000 -0.1184210526 0.0000000000
3602 4.2500000000 -0.1184210526 0.0000000000
3603 4.5000000000 -0.1184210526 0.0000000000
3604 4.7500000000 -0.1184210526 0.0000000000
3605 3.2500000000 -0.1532195799 0.0000000000
3606 3.5000000000 -0.1964835276 0.0000000000
3607 3.7500000000 -0.2134128286 0.0000000000
3608 4.0000000000 -0.2184210526 0.0000000000
3609 4.2500000000 -0.2134128286 0.0000000000
3610 4.5000000000 -0.1964835276 0.0000000000
3611 4.7500000000 -0.1532195799 0.0000000000
3612 3.2500000000 -0.0751082778 0.2970118468
3613 3.5000000000 -0.0319178578 0.2944905786
3614 3.7500000000 -0.0150173284 0.2935039995
3615 4.0000000000 -0.0100176159 0.2932121381
3616 4.2500000000 -0.0150173284 0.2935039995
3617 4.5000000000 -0.0319178578 0.2944905786
3618 4.7500000000 -0.0751082778 0.2970118468
3619 3.2500000000 -0.1098476644 0.2990397805
3620 3.5000000000 -0.1098476644 0.2990397805
3621 3.7500000000 -0.1098476644 0.2990397805
3622 4.0000000000 -0.1098476644 0.2990397805
3623 4.2500000000 -0.1098476644 0.2990397805
3624 4.5000000000 -0.1098476644 0.2990397805
3625 4.7500000000 -0.1098476644 0.2990397805
3626 3.2500000000 -0.1445870511 0.3010677143
3627 3.5000000000 -0.1877774711 0.3035889824
3628 3.7500000000 -0.2046780004 0.3045755616
3629 4.0000000000 -0.2096777129 0.3048674229
3630 4.2500000000 -0.2046780004 0.3045755616
3631 4.5000000000 -0.1877774711 0.3035889824
3632 4.7500000000 -0.1445870511 0.3010677143
3633 3.2500000000 -0.0523511618 0.5360710112
3634 3.5000000000 -0.0094337196 0.5306063680
3635 3.7500000000 0.0073599928 0.5284680381
3636 4.0000000000 0.0123281054 0.5278354524
3637 4.2500000000 0.0073599928 0.5284680381
3638 4.5000000000 -0.0094337196 0.5306063680
3639 4.7500000000 -0.0523511618 0.5360710112
3640 3.2500000000 -0.0868709840 0.5404663923
3641 3.5000000000 -0.0868709840 0.5404663923
3642 3.7500000000 -0.0868709840 0.5404663923
3643 4.0000000000 -0.0868709840 0.5404663923
3644 4.2500000000 -0.0868709840 0.5404663923
3645 4.5000000000 -0.0868709840 0.5404663923
3646 4.7500000000 -0.0868709840 0.5404663923
3647 3.2500000000 -0.1213908062 0.5448617734
3648 3.5000000000 -0.1643082485 0.5503264167
3649 3.7500000000 -0.1811019609 0.5524647465
3650 4.0000000000 -0.1860700735 0.5530973323
3651 4.2500000000 -0.1811019609 0.5524647465
3652 4.5000000000 -0.1643082485 0.5503264167
3653 4.7500000000 -0.1213908062 0.5448617734
3654 3.2500000000 -0.0194409947 0.7341321353
3655 3.5000000000 0.0230356101 0.7259158578
3656 3.7500000000 0.0396568216 0.7227008059
3657 4.0000000000 0.0445739030 0.7217496916
3658 4.2500000000 0.0396568216 0.7227008059
3659 4.5000000000 0.0230356101 0.7259158578
3660 4.7500000000 -0.0194409947 0.7341321353
3661 3.2500000000 -0.0536062378 0.7407407407
3662 3.5000000000 -0.0536062378 0.7407407407
3663 3.7500000000 -0.0536062378 0.7407407407
3664 4.0000000000 -0.0536062378 0.7407407407
3665 4.2500000000 -0.0536062378 0.7407407407
3666 4.5000000000 -0.0536062378 0.7407407407
3667 4.7500000000 -0.0536062378 0.7407407407
3668 3.2500000000 -0.0877714809 0.7473493462
3669 3.5000000000 -0.1302480857 0.7555656237
3670 3.7500000000 -0.1468692972 0.7587806756
3671 4.0000000000 -0.1517863786 0.7597317899
3672 4.2500000000 -0.1468692972 0.7587806756
3673 4.5000000000 -0.1302480857 0.7555656237
3674 4.7500000000 -0.0877714809 0.7473493462
3675 3.2500000000 0.0196994941 0.9083308486
3676 3.5000000000 0.0618067275 0.8983935416
3677 3.7500000000 0.0782834030 0.8945050461
3678 4.0000000000 0.0831577260 0.8933547059
3679 4.2500000000 0.0782834030 0.8945050461
3680 4.5000000000 0.0618067275 0.8983935416
3681 4.7500000000 0.0196994941 0.9083308486
3682 3.2500000000 -0.0141686521 0.9163237311
3683 3.5000000000 -0.0141686521 0.9163237311
3684 3.7500000000 -0.0141686521 0.9163237311
3685 4.0000000000 -0.0141686521 0.9163237311
3686 4.2500000000 -0.0141686521 0.9163237311
3687 4.5000000000 -0.0141686521 0.9163237311
3688 4.7500000000 -0.0141686521 0.9163237311
3689 3.2500000000 -0.0480367983 0.9243166136
3690 3.5000000000 -0.0901440317 0.9342539207
3691 3.7500000000 -0.1066207071 0.9381424161
3692 4.0000000000 -0.1114950302 0.9392927564
3693 4.2500000000 -0.1066207071 0.9381424161
3694 4.5000000000 -0.0901440317 0.9342539207
3695 4.7500000000 -0.0480367983 0.9243166136
3696 3.2500000000 0.0611946931 1.0756833864
3697 3.5000000000 0.1033019264 1.0657460793
3698 3.7500000000 0.1197786019 1.0618575839
3699 4.0000000000 0.1246529249 1.0607072436
3700 4.2500000000 0.1197786019 1.0618575839
3701 4.5000000000 0.1033019264 1.0657460793
3702 4.7500000000 0.0611946931 1.0756833864
3703 3.2500000000 0.0273265468 1.0836762689
3704 3.5000000000 0.0273265468 1.0836762689
3705 3.7500000000 0.0273265468 1.0836762689
3706 4.0000000000 0.0273265468 1.0836762689
3707 4.2500000000 0.0273265468 1.0836762689
3708 4.5000000000 0.0273265468 1.0836762689
3709 4.7500000000 0.0273265468 1.0836762689
3710 3.2500000000 -0.0065415994 1.0916691514
3711 3.5000000000 -0.0486488328 1.1016064584
3712 3.7500000000 -0.0651255082 1.1054949539
3713 4.0000000000 -0.0699998313 1.1066452941
3714 4.2500000000 -0.0651255082 1.1054949539
3715 4.5000000000 -0.0486488328 1.1016064584
3716 4.7500000000 -0.0065415994 1.0916691514
3717 3.2500000000 0.1009293756 1.2526506538
3718 3.5000000000 0.1434059804 1.2444343763
3719 3.7500000000 0.1600271920 1.2412193244
3720 4.0000000000 0.1649442734 1.2402682101
3721 4.2500000000 0.1600271920 1.2412193244
3722 4.5000000000 0.1434059804 1.2444343763
3723 4.7500000000 0.1009293756 1.2526506538
3724 3.2500000000 0.0667641326 1.2592592593
3725 3.5000000000 0.0667641326 1.2592592593
3726 3.7500000000 0.0667641326 1.2592592593
3727 4.0000000000 0.0667641326 1.2592592593
3728 4.2500000000 0.0667641326 1.2592592593
3729 4.5000000000 0.0667641326 1.2592592593
3730 4.7500000000 0.0667641326 1.2592592593
3731 3.2500000000 0.0325988895 1.2658678647
3732 3.5000000000 -0.0098777153 1.2740841422
3733 3.7500000000 -0.0264989269 1.2772991941
3734 4.0000000000 -0.0314160083 1.2782503084
3735 4.2500000000 -0.0264989269 1.2772991941
3736 4.5000000000 -0.0098777153 1.2740841422
3737 4.7500000000 0.0325988895 1.2658678647
3738 3.2500000000 0.1345487010 1.4551382266
3739 3.5000000000 0.1774661432 1.4496735833
3740 3.7500000000 0.1942598556 1.4475352535
3741 4.0000000000 0.1992279683 1.4469026677
3742 4.2500000000 0.1942598556 1.4475352535
3743 4.5000000000 0.1774661432 1.4496735833
3744 4.7500000000 0.1345487010 1.4551382266
3745 3.2500000000 0.1000288788 1.4595336077
3746 3.5000000000 0.1000288788 1.4595336077
3747 3.7500000000 0.1000288788 1.4595336077
3748 4.0000000000 0.1000288788 1.4595336077
3749 4.2500000000 0.1000288788 1.4595336077
3750 4.5000000000 0.1000288788 1.4595336077
3751 4.7500000000 0.1000288788 1.4595336077
3752 3.2500000000 0.0655090566 1.4639289888
3753 3.5000000000 0.0225916144 1.4693936320
3754 3.7500000000 0.0057979019 1.4715319619
3755 4.0000000000 0.0008297893 1.4721645476
3756 4.2500000000 0.0057979019 1.4715319619
3757 4.5000000000 0.0225916144 1.4693936320
3758 4.7500000000 0.0655090566 1.4639289888
3759 3.2500000000 0.1577449458 1.6989322857
3760 3.5000000000 0.2009353658 1.6964110176
3761 3.7500000000 0.2178358952 1.6954244384
3762 4.0000000000 0.2228356077 1.6951325771
3763 4.2500000000 0.2178358952 1.6954244384
3764 4.5000000000 0.2009353658 1.6964110176
3765 4.7500000000 0.1577449458 1.6989322857
3766 3.2500000000 0.1230055592 1.7009602195
3767 3.5000000000 0.1230055592 1.7009602195
3768 3.7500000000 0.1230055592 1.7009602195
3769 4.0000000000 0.1230055592 1.7009602195
3770 4.2500000000 0.1230055592 1.7009602195
3771 4.5000000000 0.1230055592 1.7009602195
3772 4.7500000000 0.1230055592 1.7009602195
3773 3.2500000000 0.0882661725 1.7029881532
3774 3.5000000000 0.0450757525 1.7055094214
3775 3.7500000000 0.0281752232 1.7064960005
3776 4.0000000000 0.0231755107 1.7067878619
3777 4.2500000000 0.0281752232 1.7064960005
3778 4.5000000000 0.0450757525 1.7055094214
3779 4.7500000000 0.0882661725 1.7029881532
3780 3.2500000000 0.1663774746 2.0000000000
3781 3.5000000000 0.2096414223 2.0000000000
3782 3.7500000000 0.2265707233 2.0000000000
3783 4.0000000000 0.2315789474 2.0000000000
3784 4.2500000000 0.2265707233 2.0000000000
3785 4.5000000000 0.2096414223 2.0000000000
3786 4.7500000000 0.1663774746 2.0000000000
3787 3.2500000000 0.1315789474 2.0000000000
3788 3.5000000000 0.1315789474 2.0000000000
3789 3.7500000000 0.1315789474 2.0000000000
3790 4.0000000000 0.1315789474 2.0000000000
3791 4.2500000000 0.1315789474 2.0000000000
3792 4.5000000000 0.1315789474 2.0000000000
3793 4.7500000000 0.1315789474 2.0000000000
3794 3.2500000000 0.0967804201 2.0000000000
3795 3.5000000000 0.0535164724 2.0000000000
3796 3.7500000000 0.0365871714 2.0000000000
3797 4.0000000000 0.0315789474 2.0000000000
3798 4.2500000000 0.0365871714 2.0000000000
3799 4.5000000000 0.0535164724 2.0000000000
3800 4.7500000000 0.0967804201 2.0000000000
3801 3.2500000000 0.1577449458 2.3010677143
3802 3.5000000000 0.2009353658 2.3035889824
3803 3.7500000000 0.2178358952 2.3045755616
3804 4.0000000000 0.2228356077 2.3048674229
3805 4.2500000000 0.2178358952 2.3045755616
3806 4.5000000000 0.2009353658 2.3035889824
3807 4.7500000000 0.1577449458 2.3010677143
3808 3.2500000000 0.1230055592 2.2990397805
3809 3.5000000000 0.1230055592 2.2990397805
3810 3.7500000000 0.1230055592 2.2990397805
3811 4.0000000000 0.1230055592 2.2990397805
3812 4.2500000000 0.1230055592 2.2990397805
3813 4.5000000000 0.1230055592 2.2990397805
3814 4.7500000000 0.1230055592 2.2990397805
3815 3.2500000000 0.0882661725 2.2970118468
3816 3.5000000000 0.0450757525 2.2944905786
3817 3.7500000000 0.0281752232 2.2935039995
3818 4.0000000000 0.0231755107 2.2932121381
3819 4.2500000000 0.0281752232 2.2935039995
3820 4.5000000000 0.0450757525 2.2944905786
3821 4.7500000000 0.0882661725 2.2970118468
3822 3.2500000000 0.1345487010 2.5448617734
3823 3.5000000000 0.1774661432 2.5503264167
3824 3.7500000000 0.1942598556 2.5524647465
3825 4.0000000000 0.1992279683 2.5530973323
3826 4.2500000000 0.1942598556 2.5524647465
3827 4.5000000000 0.1774661432 2.5503264167
3828 4.7500000000 0.1345487010 2.5448617734
3829 3.2500000000 0.1000288788 2.5404663923
3830 3.5000000000 0.1000288788 2.5404663923
3831 3.7500000000 0.1000288788 2.5404663923
3832 4.0000000000 0.1000288788 2.5404663923
3833 4.2500000000 0.1000288788 2.5404663923
3834 4.5000000000 0.1000288788 2.5404663923
3835 4.7500000000 0.1000288788 2.5404663923
3836 3.2500000000 0.0655090566 2.5360710112
3837 3.5000000000 0.0225916144 2.5306063680
3838 3.7500000000 0.0057979019 2.5284680381
3839 4.0000000000 0.0008297893 2.5278354524
3840 4.2500000000 0.0057979019 2.5284680381
3841 4.5000000000 0.0225916144 2.5306063680
3842 4.7500000000 0.0655090566 2.5360710112
3843 3.2500000000 0.1009293756 2.7473493462
3844 3.5000000000 0.1434059804 2.7555656237
3845 3.7500000000 0.1600271920 2.7587806756
3846 4.0000000000 0.1649442734 2.7597317899
3847 4.2500000000 0.1600271920 2.7587806756
3848 4.5000000000 0.1434059804 2.7555656237
3849 4.7500000000 0.1009293756 2.7473493462
3850 3.2500000000 0.0667641326 2.7407407407
3851 3.5000000000 0.0667641326 2.7407407407
3852 3.7500000000 0.0667641326 2.7407407407
3853 4.0000000000 0.0667641326 2.7407407407
3854 4.2500000000 0.0667641326 2.7407407407
3855 4.5000000000 0.0667641326 2.7407407407
3856 4.7500000000 0.0667641326 2.7407407407
3857 3.2500000000 0.0325988895 2.7341321353
3858 3.5000000000 -0.0098777153 2.7259158578
3859 3.7500000000 -0.0264989269 2.7227008059
3860 4.0000000000 -0.0314160083 2.7217496916
3861 4.2500000000 -0.0264989269 2.7227008059
3862 4.5000000000 -0.0098777153 2.7259158578
3863 4.7500000000 0.0325988895 2.7341321353
3864 3.2500000000 0.0611946931 2.9243166136
3865 3.5000000000 0.1033019264 2.9342539207
3866 3.7500000000 0.1197786019 2.9381424161
3867 4.0000000000 0.1246529249 2.9392927564
3868 4.2500000000 0.1197786019 2.9381424161
3869 4.5000000000 0.1033019264 2.9342539207
3870 4.7500000000 0.0611946931 2.9243166136
3871 3.2500000000 0.0273265468 2.9163237311
3872 3.5000000000 0.0273265468 2.9163237311
3873 3.7500000000 0.0273265468 2.9163237311
3874 4.0000000000 0.0273265468 2.9163237311
3875 4.2500000000 0.0273265468 2.9163237311
3876 4.5000000000 0.0273265468 2.9163237311
3877 4.7500000000 0.0273265468 2.9163237311
3878 3.2500000000 -0.0065415994 2.9083308486
3879 3.5000000000 -0.0486488328 2.8983935416
3880 3.7500000000 -0.0651255082 2.8945050461
3881 4.0000000000 -0.0699998313 2.8933547059
3882 4.2500000000 -0.0651255082 2.8945050461
3883 4.5000000000 -0.0486488328 2.8983935416
3884 4.7500000000 -0.0065415994 2.9083308486
3885 3.2500000000 0.0196994941 3.0916691514
3886 3.5000000000 0.0618067275 3.1016064584
3887 3.7500000000 0.0782834030 3.1054949539
3888 4.0000000000 0.0831577260 3.1066452941
3889 4.2500000000 0.0782834030 3.1054949539
3890 4.5000000000 0.0618067275 3.1016064584
3891 4.7500000000 0.0196994941 3.0916691514
3892 3.2500000000 -0.0141686521 3.0836762689
3893 3.5000000000 -0.0141686521 3.0836762689
3894 3.7500000000 -0.0141686521 3.0836762689
3895 4.0000000000 -0.0141686521 3.0836762689
3896 4.2500000000 -0.0141686521 3.0836762689
3897 4.5000000000 -0.0141686521 3.0836762689
3898 4.7500000000 -0.0141686521 3.0836762689
3899 3.2500000000 -0.0480367983 3.0756833864
3900 3.5000000000 -0.0901440317 3.0657460793
3901 3.7500000000 -0.1066207071 3.0618575839
3902 4.0000000000 -0.1114950302 3.0607072436
3903 4.2500000000 -0.1066207071 3.0618575839
3904 4.5000000000 -0.0901440317 3.0657460793
3905 4.7500000000 -0.0480367983 3.0756833864
3906 3.2500000000 -0.0194409947 3.2658678647
3907 3.5000000000 0.0230356101 3.2740841422
3908 3.7500000000 0.0396568216 3.2772991941
3909 4.0000000000 0.0445739030 3.2782503084
3910 4.2500000000 0.0396568216 3.2772991941
3911 4.5000000000 0.0230356101 3.2740841422
3912 4.7500000000 -0.0194409947 3.2658678647
3913 3.2500000000 -0.0536062378 3.2592592593
3914 3.5000000000 -0.0536062378 3.2592592593
3915 3.7500000000 -0.0536062378 3.2592592593
3916 4.0000000000 -0.0536062378 3.2592592593
3917 4.2500000000 -0.0536062378 3.2592592593
3918 4.5000000000 -0.0536062378 3.2592592593
3919 4.7500000000 -0.0536062378 3.2592592593
3920 3.2500000000 -0.0877714809 3.2526506538
3921 3.5000000000 -0.1302480857 3.2444343763
3922 3.7500000000 -0.1468692972 3.2412193244
3923 4.0000000000 -0.1517863786 3.2402682101
3924 4.2500000000 -0.1468692972 3.2412193244
3925 4.5000000000 -0.1302480857 3.2444343763
3926 4.7500000000 -0.0877714809 3.2526506538
3927 3.2500000000 -0.0523511618 3.4639289888
3928 3.5000000000 -0.0094337196 3.4693936320
3929 3.7500000000 0.0073599928 3.4715319619
3930 4.0000000000 0.0123281054 3.4721645476
3931 4.2500000000 0.0073599928 3.4715319619
3932 4.5000000000 -0.0094337196 3.4693936320
3933 4.7500000000 -0.0523511618 3.4639289888
3934 3.2500000000 -0.0868709840 3.4595336077
3935 3.5000000000 -0.0868709840 3.4595336077
3936 3.7500000000 -0.0868709840 3.4595336077
3937 4.0000000000 -0.0868709840 3.4595336077
3938 4.2500000000 -0.0868709840 3.4595336077
3939 4.5000000000 -0.0868709840 3.4595336077
3940 4.7500000000 -0.0868709840 3.4595336077
3941 3.2500000000 -0.1213908062 3.4551382266
3942 3.5000000000 -0.1643082485 3.4496735833
3943 3.7500000000 -0.1811019609 3.4475352535
3944 4.0000000000 -0.1860700735 3.4469026677
3945 4.2500000000 -0.1811019609 3.4475352535
3946 4.5000000000 -0.1643082485 3.4496735833
3947 4.7500000000 -0.1213908062 3.4551382266
3948 3.2500000000 -0.0751082778 3.7029881532
3949 3.5000000000 -0.0319178578 3.7055094214
3950 3.7500000000 -0.0150173284 3.7064960005
3951 4.0000000000 -0.0100176159 3.7067878619
3952 4.2500000000 -0.0150173284 3.7064960005
3953 4.5000000000 -0.0319178578 3.7055094214
3954 4.7500000000 -0.0751082778 3.7029881532
3955 3.2500000000 -0.1098476644 3.7009602195
3956 3.5000000000 -0.1098476644 3.7009602195
3957 3.7500000000 -0.1098476644 3.7009602195
3958 4.0000000000 -0.1098476644 3.7009602195
3959 4.2500000000 -0.1098476644 3.7009602195
3960 4.5000000000 -0.1098476644 3.7009602195
3961 4.7500000000 -0.1098476644 3.7009602195
3962 3.2500000000 -0.1445870511 3.6989322857
3963 3.5000000000 -0.1877774711 3.6964110176
3964 3.7500000000 -0.2046780004 3.6954244384
3965 4.0000000000 -0.2096777129 3.6951325771
3966 4.2500000000 -0.2046780004 3.6954244384
3967 4.5000000000 -0.1877774711 3.6964110176
3968 4.7500000000 -0.1445870511 3.6989322857
3969 3.2500000000 -0.0836225254 4.0000000000
3970 3.5000000000 -0.0403585777 4.0000000000
3971 3.7500000000 -0.0234292767 4.0000000000
3972 4.0000000000 -0.0184210526 4.0000000000
3973 4.2500000000 -0.0234292767 4.0000000000
3974 4.5000000000 -0.0403585777 4.0000000000
3975 4.7500000000 -0.0836225254 4.0000000000
3976 3.2500000000 -0.1184210526 4.0000000000
3977 3.5000000000 -0.1184210526 4.0000000000
3978 3.7500000000 -0.1184210526 4.0000000000
3979 4.0000000000 -0.1184210526 4.0000000000
3980 4.2500000000 -0.1184210526 4.0000000000
3981 4.5000000000 -0.1184210526 4.0000000000
3982 4.7500000000 -0.1184210526 4.0000000000
3983 3.2500000000 -0.1532195799 4.0000000000
3984 3.5000000000 -0.1964835276 4.0000000000
3985 3.7500000000 -0.2134128286 4.0000000000
3986 4.0000000000 -0.2184210526 4.0000000000
3987 4.2500000000 -0.2134128286 4.0000000000
3988 4.5000000000 -0.1964835276 4.0000000000
3989 4.7500000000 -0.1532195799 4.0000000000
3990 -4.0000000000 0.1532195799 -3.2500000000
3991 -4.0000000000 0.1964835276 -3.5000000000
3992 -4.0000000000 0.2134128286 -3.7500000000
3993 -4.0000000000 0.2184210526 -4.0000000000
3994 -4.0000000000 0.2134128286 -4.2500000000
3995 -4.0000000000 0.1964835276 -4.5000000000
3996 -4.0000000000 0.1532195799 -4.7500000000
3997 -4.0000000000 0.1184210526 -3.2500000000
3998 -4.0000000000 0.1184210526 -3.5000000000
3999 -4.0000000000 0.1184210526 -3.7500000000
4000 -4.0000000000 0.1184210526 -4.0000000000
4001 -4.0000000000 0.1184210526 -4.2500000000
4002 -4.0000000000 0.1184210526 -4.5000000000
4003 -4.0000000000 0.1184210526 -4.7500000000
4004 -4.0000000000 0.0836225254 -3.2500000000
4005 -4.0000000000 0.0403585777 -3.5000000000
4006 -4.0000000000 0.0234292767 -3.7500000000
4007 -4.0000000000 0.0184210526 -4.0000000000
4008 -4.0000000000 0.0234292767 -4.2500000000
4009 -4.0000000000 0.0403585777 -4.5000000000
4010 -4.0000000000 0.0836225254 -4.7500000000
4011 -3.6989322857 0.1445870511 -3.2500000000
4012 -3.6964110176 0.1877774711 -3.5000000000
4013 -3.6954244384 0.2046780004 -3.7500000000
4014 -3.6951325771 0.2096777129 -4.0000000000
4015 -3.6954244384 0.2046780004 -4.2500000000
4016 -3.6964110176 0.1877774711 -4.5000000000
4017 -3.6989322857 0.1445870511 -4.7500000000
4018 -3.7009602195 0.1098476644 -3.2500000000
4019 -3.7009602195 0.1098476644 -3.5000000000
4020 -3.7009602195 0.1098476644 -3.7500000000
4021 -3.7009602195 0.1098476644 -4.0000000000
4022 -3.7009602195 0.1098476644 -4.2500000000
4023 -3.7009602195 0.1098476644 -4.5000000000
4024 -3.7009602195 0.1098476644 -4.7500000000
4025 -3.7029881532 0.0751082778 -3.2500000000
4026 -3.7055094214 0.0319178578 -3.5000000000
4027 -3.7064960005 0.0150173284 -3.7500000000
4028 -3.7067878619 0.0100176159 -4.0000000000
4029 -3.7064960005 0.0150173284 -4.2500000000
4030 -3.7055094214 0.0319178578 -4.5000000000
4031 -3.7029881532 0.0751082778 -4.7500000000
4032 -3.4551382266 0.1213908062 -3.2500000000
4033 -3.4496735833 0.1643082485 -3.5000000000
4034 -3.4475352535 0.1811019609 -3.7500000000
4035 -3.4469026677 0.1860700735 -4.0000000000
4036 -3.4475352535 0.1811019609 -4.2500000000
4037 -3.4496735833 0.1643082485 -4.5000000000
4038 -3.4551382266 0.1213908062 -4.7500000000
4039 -3.4595336077 0.0868709840 -3.2500000000
4040 -3.4595336077 0.0868709840 -3.5000000000
4041 -3.4595336077 0.0868709840 -3.7500000000
4042 -3.4595336077 0.0868709840 -4.0000000000
4043 -3.4595336077 0.0868709840 -4.2500000000
4044 -3.4595336077 0.0868709840 -4.5000000000
4045 -3.4595336077 0.0868709840 -4.7500000000
4046 -3.4639289888 0.0523511618 -3.2500000000
4047 -3.4693936320 0.0094337196 -3.5000000000
4048 -3.4715319619 -0.0073599928 -3.7500000000
4049 -3.4721645476 -0.0123281054 -4.0000000000
4050 -3.4715319619 -0.0073599928 -4.2500000000
4051 -3.4693936320 0.0094337196 -4.5000000000
4052 -3.4639289888 0.0523511618 -4.7500000000
4053 -3.2526506538 0.0877714809 -3.2500000000
4054 -3.2444343763 0.1302480857 -3.5000000000
4055 -3.2412193244 0.1468692972 -3.7500000000
4056 -3.2402682101 0.1517863786 -4.0000000000
4057 -3.2412193244 0.1468692972 -4.2500000000
4058 -3.2444343763 0.1302480857 -4.5000000000
4059 -3.2526506538 0.0877714809 -4.7500000000
4060 -3.2592592593 0.0536062378 -3.2500000000
4061 -3.2592592593 0.0536062378 -3.5000000000
4062 -3.2592592593 0.0536062378 -3.7500000000
4063 -3.2592592593 0.0536062378 -4.0000000000
4064 -3.2592592593 0.0536062378 -4.2500000000
4065 -3.2592592593 0.0536062378 -4.5000000000
4066 -3.2592592593 0.0536062378 -4.7500000000
4067 -3.2658678647 0.0194409947 -3.2500000000
4068 -3.2740841422 -0.0230356101 -3.5000000000
4069 -3.2772991941 -0.0396568216 -3.7500000000
4070 -3.2782503084 -0.0445739030 -4.0000000000
4071 -3.2772991941 -0.0396568216 -4.2500000000
4072 -3.2740841422 -0.0230356101 -4.5000000000
4073 -3.2658678647 0.0194409947 -4.7500000000
4074 -3.0756833864 0.0480367983 -3.2500000000
4075 -3.0657460793 0.0901440317 -3.5000000000
4076 -3.0618575839 0.1066207071 -3.7500000000
4077 -3.0607072436 0.1114950302 -4.0000000000
4078 -3.0618575839 0.1066207071 -4.2500000000
4079 -3.0657460793 0.0901440317 -4.5000000000
4080 -3.0756833864 0.0480367983 -4.7500000000
4081 -3.0836762689 0.0141686521 -3.2500000000
4082 -3.0836762689 0.0141686521 -3.5000000000
4083 -3.0836762689 0.0141686521 -3.7500000000
4084 -3.0836762689 0.0141686521 -4.0000000000
4085 -3.0836762689 0.0141686521 -4.2500000000
4086 -3.0836762689 0.0141686521 -4.5000000000
4087 -3.0836762689 0.0141686521 -4.7500000000
4088 -3.0916691514 -0.0196994941 -3.2500000000
4089 -3.1016064584 -0.0618067275 -3.5000000000
4090 -3.1054949539 -0.0782834030 -3.7500000000
4091 -3.1066452941 -0.0831577260 -4.0000000000
4092 -3.1054949539 -0.0782834030 -4.2500000000
4093 -3.1016064584 -0.0618067275 -4.5000000000
4094 -3.0916691514 -0.0196994941 -4.7500000000
4095 -2.9083308486 0.0065415994 -3.2500000000
4096 -2.8983935416 0.0486488328 -3.5000000000
4097 -2.8945050461 0.0651255082 -3.7500000000
4098 -2.8933547059 0.0699998313 -4.0000000000
4099 -2.8945050461 0.0651255082 -4.2500000000
4100 -2.8983935416 0.0486488328 -4.5000000000
4101 -2.9083308486 0.0065415994 -4.7500000000
4102 -2.9163237311 -0.0273265468 -3.2500000000
4103 -2.9163237311 -0.0273265468 -3.5000000000
4104 -2.9163237311 -0.0273265468 -3.7500000000
4105 -2.9163237311 -0.0273265468 -4.0000000000
4106 -2.9163237311 -0.0273265468 -4.2500000000
4107 -2.9163237311 -0.0273265468 -4.5000000000
4108 -2.9163237311 -0.0273265468 -4.7500000000
4109 -2.9243166136 -0.0611946931 -3.2500000000
4110 -2.9342539207 -0.1033019264 -3.5000000000
4111 -2.9381424161 -0.1197786019 -3.7500000000
4112 -2.9392927564 -0.1246529249 -4.0000000000
4113 -2.9381424161 -0.1197786019 -4.2500000000
4114 -2.9342539207 -0.1033019264 -4.5000000000
4115 -2.9243166136 -0.0611946931 -4.7500000000
4116 -2.7341321353 -0.0325988895 -3.2500000000
4117 -2.7259158578 0.0098777153 -3.5000000000
4118 -2.7227008059 0.0264989269 -3.7500000000
4119 -2.7217496916 0.0314160083 -4.0000000000
4120 -2.7227008059 0.0264989269 -4.2500000000
4121 -2.7259158578 0.0098777153 -4.5000000000
4122 -2.7341321353 -0.0325988895 -4.7500000000
4123 -2.7407407407 -0.0667641326 -3.2500000000
4124 -2.7407407407 -0.0667641326 -3.5000000000
4125 -2.7407407407 -0.0667641326 -3.7500000000
4126 -2.7407407407 -0.0667641326 -4.0000000000
4127 -2.7407407407 -0.0667641326 -4.2500000000
4128 -2.7407407407 -0.0667641326 -4.5000000000
4129 -2.7407407407 -0.0667641326 -4.7500000000
4130 -2.7473493462 -0.1009293756 -3.2500000000
4131 -2.7555656237 -0.1434059804 -3.5000000000
4132 -2.7587806756 -0.1600271920 -3.7500000000
4133 -2.7597317899 -0.1649442734 -4.0000000000
4134 -2.7587806756 -0.1600271920 -4.2500000000
4135 -2.7555656237 -0.1434059804 -4.5000000000
4136 -2.7473493462 -0.1009293756 -4.7500000000
4137 -2.5360710112 -0.0655090566 -3.2500000000
4138 -2.5306063680 -0.0225916144 -3.5000000000
4139 -2.5284680381 -0.0057979019 -3.7500000000
4140 -2.5278354524 -0.0008297893 -4.0000000000
4141 -2.5284680381 -0.0057979019 -4.2500000000
4142 -2.5306063680 -0.0225916144 -4.5000000000
4143 -2.5360710112 -0.0655090566 -4.7500000000
4144 -2.5404663923 -0.1000288788 -3.2500000000
4145 -2.5404663923 -0.1000288788 -3.5000000000
4146 -2.5404663923 -0.1000288788 -3.7500000000
4147 -2.5404663923 -0.1000288788 -4.0000000000
4148 -2.5404663923 -0.1000288788 -4.2500000000
4149 -2.5404663923 -0.1000288788 -4.5000000000
4150 -2.5404663923 -0.1000288788 -4.7500000000
4151 -2.5448617734 -0.1345487010 -3.2500000000
4152 -2.5503264167 -0.1774661432 -3.5000000000
4153 -2.5524647465 -0.1942598556 -3.7500000000
4154 -2.5530973323 -0.1992279683 -4.0000000000
4155 -2.5524647465 -0.1942598556 -4.2500000000
4156 -2.5503264167 -0.1774661432 -4.5000000000
4157 -2.5448617734 -0.1345487010 -4.7500000000
4158 -2.2970118468 -0.0882661725 -3.2500000000
4159 -2.2944905786 -0.0450757525 -3.5000000000
4160 -2.2935039995 -0.0281752232 -3.7500000000
4161 -2.2932121381 -0.0231755107 -4.0000000000
4162 -2.2935039995 -0.0281752232 -4.2500000000
4163 -2.2944905786 -0.0450757525 -4.5000000000
4164 -2.2970118468 -0.0882661725 -4.7500000000
4165 -2.2990397805 -0.1230055592 -3.2500000000
4166 -2.2990397805 -0.1230055592 -3.5000000000
4167 -2.2990397805 -0.1230055592 -3.7500000000
4168 -2.2990397805 -0.1230055592 -4.0000000000
4169 -2.2990397805 -0.1230055592 -4.2500000000
4170 -2.2990397805 -0.1230055592 -4.5000000000
4171 -2.2990397805 -0.1230055592 -4.7500000000
4172 -2.3010677143 -0.1577449458 -3.2500000000
4173 -2.3035889824 -0.2009353658 -3.5000000000
4174 -2.3045755616 -0.2178358952 -3.7500000000
4175 -2.3048674229 -0.2228356077 -4.0000000000
4176 -2.3045755616 -0.2178358952 -4.2500000000
4177 -2.3035889824 -0.2009353658 -4.5000000000
4178 -2.3010677143 -0.1577449458 -4.7500000000
4179 -2.0000000000 -0.0967804201 -3.2500000000
4180 -2.0000000000 -0.0535164724 -3.5000000000
4181 -2.0000000000 -0.0365871714 -3.7500000000
4182 -2.0000000000 -0.0315789474 -4.0000000000
4183 -2.0000000000 -0.0365871714 -4.2500000000
4184 -2.0000000000 -0.0535164724 -4.5000000000
4185 -2.0000000000 -0.0967804201 -4.7500000000
4186 -2.0000000000 -0.1315789474 -3.2500000000
4187 -2.0000000000 -0.1315789474 -3.5000000000
4188 -2.0000000000 -0.1315789474 -3.7500000000
4189 -2.0000000000 -0.1315789474 -4.0000000000
4190 -2.0000000000 -0.1315789474 -4.2500000000
4191 -2.0000000000 -0.1315789474 -4.5000000000
4192 -2.0000000000 -0.1315789474 -4.7500000000
4193 -2.0000000000 -0.1663774746 -3.2500000000
4194 -2.0000000000 -0.2096414223 -3.5000000000
4195 -2.0000000000 -0.2265707233 -3.7500000000
4196 -2.0000000000 -0.2315789474 -4.0000000000
4197 -2.0000000000 -0.2265707233 -4.2500000000
4198 -2.0000000000 -0.2096414223 -4.5000000000
4199 -2.0000000000 -0.1663774746 -4.7500000000
4200 -1.7029881532 -0.0882661725 -3.2500000000
4201 -1.7055094214 -0.0450757525 -3.5000000000
4202 -1.7064960005 -0.0281752232 -3.7500000000
4203 -1.7067878619 -0.0231755107 -4.0000000000
4204 -1.7064960005 -0.0281752232 -4.2500000000
4205 -1.7055094214 -0.0450757525 -4.5000000000
4206 -1.7029881532 -0.0882661725 -4.7500000000
4207 -1.7009602195 -0.1230055592 -3.2500000000
4208 -1.7009602195 -0.1230055592 -3.5000000000
4209 -1.7009602195 -0.1230055592 -3.7500000000
4210 -1.7009602195 -0.1230055592 -4.0000000000
4211 -1.7009602195 -0.1230055592 -4.2500000000
4212 -1.7009602195 -0.1230055592 -4.5000000000
4213 -1.7009602195 -0.1230055592 -4.7500000000
4214 -1.6989322857 -0.1577449458 -3.2500000000
4215 -1.6964110176 -0.2009353658 -3.5000000000
4216 -1.6954244384 -0.2178358952 -3.7500000000
4217 -1.6951325771 -0.2228356077 -4.0000000000
4218 -1.6954244384 -0.2178358952 -4.2500000000
4219 -1.6964110176 -0.2009353658 -4.5000000000
4220 -1.6989322857 -0.1577449458 -4.7500000000
4221 -1.4639289888 -0.0655090566 -3.2500000000
4222 -1.4693936320 -0.0225916144 -3.5000000000
4223 -1.4715319619 -0.0057979019 -3.7500000000
4224 -1.4721645476 -0.0008297893 -4.0000000000
4225 -1.4715319619 -0.0057979019 -4.2500000000
4226 -1.4693936320 -0.0225916144 -4.5000000000
4227 -1.4639289888 -0.0655090566 -4.7500000000
4228 -1.4595336077 -0.1000288788 -3.2500000000
4229 -1.4595336077 -0.1000288788 -3.5000000000
4230 -1.4595336077 -0.1000288788 -3.7500000000
4231 -1.4595336077 -0.1000288788 -4.0000000000
4232 -1.4595336077 -0.1000288788 -4.2500000000
4233 -1.4595336077 -0.1000288788 -4.5000000000
4234 -1.4595336077 -0.1000288788 -4.7500000000
4235 -1.4551382266 -0.1345487010 -3.2500000000
4236 -1.4496735833 -0.1774661432 -3.5000000000
4237 -1.4475352535 -0.1942598556 -3.7500000000
4238 -1.4469026677 -0.1992279683 -4.0000000000
4239 -1.4475352535 -0.1942598556 -4.2500000000
4240 -1.4496735833 -0.1774661432 -4.5000000000
4241 -1.4551382266 -0.1345487010 -4.7500000000
4242 -1.2658678647 -0.0325988895 -3.2500000000
4243 -1.2740841422 0.0098777153 -3.5000000000
4244 -1.2772991941 0.0264989269 -3.7500000000
4245 -1.2782503084 0.0314160083 -4.0000000000
4246 -1.2772991941 0.0264989269 -4.2500000000
4247 -1.2740841422 0.0098777153 -4.5000000000
4248 -1.2658678647 -0.0325988895 -4.7500000000
4249 -1.2592592593 -0.0667641326 -3.2500000000
4250 -1.2592592593 -0.0667641326 -3.5000000000
4251 -1.2592592593 -0.0667641326 -3.7500000000
4252 -1.2592592593 -0.0667641326 -4.0000000000
4253 -1.2592592593 -0.0667641326 -4.2500000000
4254 -1.2592592593 -0.0667641326 -4.5000000000
4255 -1.2592592593 -0.0667641326 -4.7500000000
4256 -1.2526506538 -0.1009293756 -3.2500000000
4257 -1.2444343763 -0.1434059804 -3.5000000000
4258 -1.2412193244 -0.1600271920 -3.7500000000
4259 -1.2402682101 -0.1649442734 -4.0000000000
4260 -1.2412193244 -0.1600271920 -4.2500000000
4261 -1.2444343763 -0.1434059804 -4.5000000000
4262 -1.2526506538 -0.1009293756 -4.7500000000
4263 -1.0916691514 0.0065415994 -3.2500000000
4264 -1.1016064584 0.0486488328 -3.5000000000
4265 -1.1054949539 0.0651255082 -3.7500000000
4266 -1.1066452941 0.0699998313 -4.0000000000
4267 -1.1054949539 0.0651255082 -4.2500000000
4268 -1.1016064584 0.0486488328 -4.5000000000
4269 -1.0916691514 0.0065415994 -4.7500000000
4270 -1.0836762689 -0.0273265468 -3.2500000000
4271 -1.0836762689 -0.0273265468 -3.5000000000
4272 -1.0836762689 -0.0273265468 -3.7500000000
4273 -1.0836762689 -0.0273265468 -4.0000000000
4274 -1.0836762689 -0.0273265468 -4.2500000000
4275 -1.0836762689 -0.0273265468 -4.5000000000
4276 -1.0836762689 -0.0273265468 -4.7500000000
4277 -1.0756833864 -0.0611946931 -3.2500000000
4278 -1.0657460793 -0.1033019264 -3.5000000000
4279 -1.0618575839 -0.1197786019 -3.7500000000
4280 -1.0607072436 -0.1246529249 -4.0000000000
4281 -1.0618575839 -0.1197786019 -4.2500000000
4282 -1.0657460793 -0.1033019264 -4.5000000000
4283 -1.0756833864 -0.0611946931 -4.7500000000
4284 -0.9243166136 0.0480367983 -3.2500000000
4285 -0.9342539207 0.0901440317 -3.5000000000
4286 -0.9381424161 0.1066207071 -3.7500000000
4287 -0.9392927564 0.1114950302 -4.0000000000
4288 -0.9381424161 0.1066207071 -4.2500000000
4289 -0.9342539207 0.0901440317 -4.5000000000
4290 -0.9243166136 0.0480367983 -4.7500000000
4291 -0.9163237311 0.0141686521 -3.2500000000
4292 -0.9163237311 0.0141686521 -3.5000000000
4293 -0.9163237311 0.0141686521 -3.7500000000
4294 -0.9163237311 0.0141686521 -4.0000000000
4295 -0.9163237311 0.0141686521 -4.2500000000
4296 -0.9163237311 0.0141686521 -4.5000000000
4297 -0.9163237311 0.0141686521 -4.7500000000
4298 -0.9083308486 -0.0196994941 -3.2500000000
4299 -0.8983935416 -0.0618067275 -3.5000000000
4300 -0.8945050461 -0.0782834030 -3.7500000000
4301 -0.8933547059 -0.0831577260 -4.0000000000
4302 -0.8945050461 -0.0782834030 -4.2500000000
4303 -0.8983935416 -0.0618067275 -4.5000000000
4304 -0.9083308486 -0.0196994941 -4.7500000000
4305 -0.7473493462 0.0877714809 -3.2500000000
4306 -0.7555656237 0.1302480857 -3.5000000000
4307 -0.7587806756 0.1468692972 -3.7500000000
4308 -0.7597317899 0.1517863786 -4.0000000000
4309 -0.7587806756 0.1468692972 -4.2500000000
4310 -0.7555656237 0.1302480857 -4.5000000000
4311 -0.7473493462 0.0877714809 -4.7500000000
4312 -0.7407407407 0.0536062378 -3.2500000000
4313 -0.7407407407 0.0536062378 -3.5000000000
4314 -0.7407407407 0.0536062378 -3.7500000000
4315 -0.7407407407 0.0536062378 -4.0000000000
4316 -0.7407407407 0.0536062378 -4.2500000000
4317 -0.7407407407 0.0536062378 -4.5000000000
4318 -0.7407407407 0.0536062378 -4.7500000000
4319 -0.7341321353 0.0194409947 -3.2500000000
4320 -0.7259158578 -0.0230356101 -3.5000000000
4321 -0.7227008059 -0.0396568216 -3.7500000000
4322 -0.7217496916 -0.0445739030 -4.0000000000
4323 -0.7227008059 -0.0396568216 -4.2500000000
4324 -0.7259158578 -0.0230356101 -4.5000000000
4325 -0.7341321353 0.0194409947 -4.7500000000
4326 -0.5448617734 0.1213908062 -3.2500000000
4327 -0.5503264167 0.1643082485 -3.5000000000
4328 -0.5524647465 0.1811019609 -3.7500000000
4329 -0.5530973323 0.1860700735 -4.0000000000
4330 -0.5524647465 0.1811019609 -4.2500000000
4331 -0.5503264167 0.1643082485 -4.5000000000
4332 -0.5448617734 0.1213908062 -4.7500000000
4333 -0.5404663923 0.0868709840 -3.2500000000
4334 -0.5404663923 0.0868709840 -3.5000000000
4335 -0.5404663923 0.0868709840 -3.7500000000
4336 -0.5404663923 0.0868709840 -4.0000000000
4337 -0.5404663923 0.0868709840 -4.2500000000
4338 -0.5404663923 0.0868709840 -4.5000000000
4339 -0.5404663923 0.0868709840 -4.7500000000
4340 -0.5360710112 0.0523511618 -3.2500000000
4341 -0.5306063680 0.0094337196 -3.5000000000
4342 -0.5284680381 -0.0073599928 -3.7500000000
4343 -0.5278354524 -0.0123281054 -4.0000000000
4344 -0.5284680381 -0.0073599928 -4.2500000000
4345 -0.5306063680 0.0094337196 -4.5000000000
4346 -0.5360710112 0.0523511618 -4.7500000000
4347 -0.3010677143 0.1445870511 -3.2500000000
4348 -0.3035889824 0.1877774711 -3.5000000000
4349 -0.3045755616 0.2046780004 -3.7500000000
4350 -0.3048674229 0.2096777129 -4.0000000000
4351 -0.3045755616 0.2046780004 -4.2500000000
4352 -0.3035889824 0.1877774711 -4.5000000000
4353 -0.3010677143 0.1445870511 -4.7500000000
4354 -0.2990397805 0.1098476644 -3.2500000000
4355 -0.2990397805 0.1098476644 -3.5000000000
4356 -0.2990397805 0.1098476644 -3.7500000000
4357 -0.2990397805 0.1098476644 -4.0000000000
4358 -0.2990397805 0.1098476644 -4.2500000000
4359 -0.2990397805 0.1098476644 -4.5000000000
4360 -0.2990397805 0.1098476644 -4.7500000000
4361 -0.2970118468 0.0751082778 -3.2500000000
4362 -0.2944905786 0.0319178578 -3.5000000000
4363 -0.2935039995 0.0150173284 -3.7500000000
4364 -0.2932121381 0.0100176159 -4.0000000000
4365 -0.2935039995 0.0150173284 -4.2500000000
4366 -0.2944905786 0.0319178578 -4.5000000000
4367 -0.2970118468 0.0751082778 -4.7500000000
4368 -0.0000000000 0.1532195799 -3.2500000000
4369 -0.0000000000 0.1964835276 -3.5000000000
4370 -0.0000000000 0.2134128286 -3.7500000000
4371 -0.0000000000 0.2184210526 -4.0000000000
4372 -0.0000000000 0.2134128286 -4.2500000000
4373 -0.0000000000 0.1964835276 -4.5000000000
4374 -0.0000000000 0.1532195799 -4.7500000000
4375 -0.0000000000 0.1184210526 -3.2500000000
4376 -0.0000000000 0.1184210526 -3.5000000000
4377 -0.0000000000 0.1184210526 -3.7500000000
4378 -0.0000000000 0.1184210526 -4.0000000000
4379 -0.0000000000 0.1184210526 -4.2500000000
4380 -0.0000000000 0.1184210526 -4.5000000000
4381 -0.0000000000 0.1184210526 -4.7500000000
4382 -0.0000000000 0.0836225254 -3.2500000000
4383 -0.0000000000 0.0403585777 -3.5000000000
4384 -0.0000000000 0.0234292767 -3.7500000000
4385 -0.0000000000 0.0184210526 -4.0000000000
4386 -0.0000000000 0.0234292767 -4.2500000000
4387 -0.0000000000 0.0403585777 -4.5000000000
4388 -0.0000000000 0.0836225254 -4.7500000000
4389 -0.0000000000 0.1532195799 -3.2500000000
4390 -0.0000000000 0.1964835276 -3.5000000000
4391 -0.0000000000 0.2134128286 -3.7500000000
4392 -0.0000000000 0.2184210526 -4.0000000000
4393 -0.0000000000 0.2134128286 -4.2500000000
4394 -0.0000000000 0.1964835276 -4.5000000000
4395 -0.0000000000 0.1532195799 -4.7500000000
4396 -0.0000000000 0.1184210526 -3.2500000000
4397 -0.0000000000 0.1184210526 -3.5000000000
4398 -0.0000000000 0.1184210526 -3.7500000000
4399 -0.0000000000 0.1184210526 -4.0000000000
4400 -0.0000000000 0.1184210526 -4.2500000000
4401 -0.0000000000 0.1184210526 -4.5000000000
4402 -0.0000000000 0.1184210526 -4.7500000000
4403 -0.0000000000 0.0836225254 -3.2500000000
4404 -0.0000000000 0.0403585777 -3.5000000000
4405 -0.0000000000 0.0234292767 -3.7500000000
4406 -0.0000000000 0.0184210526 -4.0000000000
4407 -0.0000000000 0.0234292767 -4.2500000000
4408 -0.0000000000 0.0403585777 -4.5000000000
4409 -0.0000000000 0.0836225254 -4.7500000000
4410 0.3010677143 0.1445870511 -3.2500000000
4411 0.3035889824 0.1877774711 -3.5000000000
4412 0.3045755616 0.2046780004 -3.7500000000
4413 0.3048674229 0.2096777129 -4.0000000000
4414 0.3045755616 0.2046780004 -4.2500000000
4415 0.3035889824 0.1877774711 -4.5000000000
4416 0.3010677143 0.1445870511 -4.7500000000
4417 0.2990397805 0.1098476644 -3.2500000000
4418 0.2990397805 0.1098476644 -3.5000000000
4419 0.2990397805 0.1098476644 -3.7500000000
4420 0.2990397805 0.1098476644 -4.0000000000
4421 0.2990397805 0.1098476644 -4.2500000000
4422 0.2990397805 0.1098476644 -4.5000000000
4423 0.2990397805 0.1098476644 -4.7500000000
4424 0.2970118468 0.0751082778 -3.2500000000
4425 0.2944905786 0.0319178578 -3.5000000000
4426 0.2935039995 0.0150173284 -3.7500000000
4427 0.2932121381 0.0100176159 -4.0000000000
4428 0.2935039995 0.0150173284 -4.2500000000
4429 0.2944905786 0.0319178578 -4.5000000000
4430 0.2970118468 0.0751082778 -4.7500000000
4431 0.5448617734 0.1213908062 -3.2500000000
4432 0.5503264167 0.1643082485 -3.5000000000
4433 0.5524647465 0.1811019609 -3.7500000000
4434 0.5530973323 0.1860700735 -4.0000000000
4435 0.5524647465 0.1811019609 -4.2500000000
4436 0.5503264167 0.1643082485 -4.5000000000
4437 0.5448617734 0.1213908062 -4.7500000000
4438 0.5404663923 0.0868709840 -3.2500000000
4439 0.5404663923 0.0868709840 -3.5000000000
4440 0.5404663923 0.0868709840 -3.7500000000
4441 0.5404663923 0.0868709840 -4.0000000000
4442 0.5404663923 0.0868709840 -4.2500000000
4443 0.5404663923 0.0868709840 -4.5000000000
4444 0.5404663923 0.0868709840 -4.7500000000
4445 0.5360710112 0.0523511618 -3.2500000000
4446 0.5306063680 0.0094337196 -3.5000000000
4447 0.5284680381 -0.0073599928 -3.7500000000
4448 0.5278354524 -0.0123281054 -4.0000000000
4449 0.5284680381 -0.0073599928 -4.2500000000
4450 0.5306063680 0.0094337196 -4.5000000000
4451 0.5360710112 0.0523511618 -4.7500000000
4452 0.7473493462 0.0877714809 -3.2500000000
4453 0.7555656237 0.1302480857 -3.5000000000
4454 0.7587806756 0.1468692972 -3.7500000000
4455 0.7597317899 0.1517863786 -4.0000000000
4456 0.7587806756 0.1468692972 -4.2500000000
4457 0.7555656237 0.1302480857 -4.5000000000
4458 0.7473493462 0.0877714809 -4.7500000000
4459 0.7407407407 0.0536062378 -3.2500000000
4460 0.7407407407 0.0536062378 -3.5000000000
4461 0.7407407407 0.0536062378 -3.7500000000
4462 0.7407407407 0.0536062378 -4.0000000000
4463 0.7407407407 0.0536062378 -4.2500000000
4464 0.7407407407 0.0536062378 -4.5000000000
4465 0.7407407407 0.0536062378 -4.7500000000
4466 0.7341321353 0.0194409947 -3.2500000000
4467 0.7259158578 -0.0230356101 -3.5000000000
4468 0.7227008059 -0.0396568216 -3.7500000000
4469 0.7217496916 -0.0445739030 -4.0000000000
4470 0.7227008059 -0.0396568216 -4.2500000000
4471 0.7259158578 -0.0230356101 -4.5000000000
4472 0.7341321353 0.0194409947 -4.7500000000
4473 0.9243166136 0.0480367983 -3.2500000000
4474 0.9342539207 0.0901440317 -3.5000000000
4475 0.9381424161 0.1066207071 -3.7500000000
4476 0.9392927564 0.1114950302 -4.0000000000
4477 0.9381424161 0.1066207071 -4.2500000000
4478 0.9342539207 0.0901440317 -4.5000000000
4479 0.9243166136 0.0480367983 -4.7500000000
4480 0.9163237311 0.0141686521 -3.2500000000
4481 0.9163237311 0.0141686521 -3.5000000000
4482 0.9163237311 0.0141686521 -3.7500000000
4483 0.9163237311 0.0141686521 -4.0000000000
4484 0.9163237311 0.0141686521 -4.2500000000
4485 0.9163237311 0.0141686521 -4.5000000000
4486 0.9163237311 0.0141686521 -4.7500000000
4487 0.9083308486 -0.0196994941 -3.2500000000
4488 0.8983935416 -0.0618067275 -3.5000000000
4489 0.8945050461 -0.0782834030 -3.7500000000
4490 0.8933547059 -0.0831577260 -4.0000000000
4491 0.8945050461 -0.0782834030 -4.2500000000
4492 0.8983935416 -0.0618067275 -4.5000000000
4493 0.9083308486 -0.0196994941 -4.7500000000
4494 1.0916691514 0.0065415994 -3.2500000000
4495 1.1016064584 0.0486488328 -3.5000000000
4496 1.1054949539 0.0651255082 -3.7500000000
4497 1.1066452941 0.0699998313 -4.0000000000
4498 1.1054949539 0.0651255082 -4.2500000000
4499 1.1016064584 0.0486488328 -4.5000000000
4500 1.0916691514 0.0065415994 -4.7500000000
4501 1.0836762689 -0.0273265468 -3.2500000000
4502 1.0836762689 -0.0273265468 -3.5000000000
4503 1.0836762689 -0.0273265468 -3.7500000000
4504 1.0836762689 -0.0273265468 -4.0000000000
4505 1.0836762689 -0.0273265468 -4.2500000000
4506 1.0836762689 -0.0273265468 -4.5000000000
4507 1.0836762689 -0.0273265468 -4.7500000000
4508 1.0756833864 -0.0611946931 -3.2500000000
4509 1.0657460793 -0.1033019264 -3.5000000000
4510 1.0618575839 -0.1197786019 -3.7500000000
4511 1.0607072436 -0.1246529249 -4.0000000000
4512 1.0618575839 -0.1197786019 -4.2500000000
4513 1.0657460793 -0.1033019264 -4.5000000000
4514 1.0756833864 -0.0611946931 -4.7500000000
4515 1.2658678647 -0.0325988895 -3.2500000000
4516 1.2740841422 0.0098777153 -3.5000000000
4517 1.2772991941 0.0264989269 -3.7500000000
4518 1.2782503084 0.0314160083 -4.0000000000
4519 1.2772991941 0.0264989269 -4.2500000000
4520 1.2740841422 0.0098777153 -4.5000000000
4521 1.2658678647 -0.0325988895 -4.7500000000
4522 1.2592592593 -0.0667641326 -3.2500000000
4523 1.2592592593 -0.0667641326 -3.5000000000
4524 1.2592592593 -0.0667641326 -3.7500000000
4525 1.2592592593 -0.0667641326 -4.0000000000
4526 1.2592592593 -0.0667641326 -4.2500000000
4527 1.2592592593 -0.0667641326 -4.5000000000
4528 1.2592592593 -0.0667641326 -4.7500000000
4529 1.2526506538 -0.1009293756 -3.2500000000
4530 1.2444343763 -0.1434059804 -3.5000000000
4531 1.2412193244 -0.1600271920 -3.7500000000
4532 1.2402682101 -0.1649442734 -4.0000000000
4533 1.2412193244 -0.1600271920 -4.2500000000
4534 1.2444343763 -0.1434059804 -4.5000000000
4535 1.2526506538 -0.1009293756 -4.7500000000
4536 1.4639289888 -0.0655090566 -3.2500000000
4537 1.4693936320 -0.0225916144 -3.5000000000
4538 1.4715319619 -0.0057979019 -3.7500000000
4539 1.4721645476 -0.0008297893 -4.0000000000
4540 1.4715319619 -0.0057979019 -4.2500000000
4541 1.4693936320 -0.0225916144 -4.5000000000
4542 1.4639289888 -0.0655090566 -4.7500000000
4543 1.4595336077 -0.1000288788 -3.2500000000
4544 1.4595336077 -0.1000288788 -3.5000000000
4545 1.4595336077 -0.1000288788 -3.7500000000
4546 1.4595336077 -0.1000288788 -4.0000000000
4547 1.4595336077 -0.1000288788 -4.2500000000
4548 1.4595336077 -0.1000288788 -4.5000000000
4549 1.4595336077 -0.1000288788 -4.7500000000
4550 1.4551382266 -0.1345487010 -3.2500000000
4551 1.4496735833 -0.1774661432 -3.5000000000
4552 1.4475352535 -0.1942598556 -3.7500000000
4553 1.4469026677 -0.1992279683 -4.0000000000
4554 1.4475352535 -0.1942598556 -4.2500000000
4555 1.4496735833 -0.1774661432 -4.5000000000
4556 1.4551382266 -0.1345487010 -4.7500000000
4557 1.7029881532 -0.0882661725 -3.2500000000
4558 1.7055094214 -0.0450757525 -3.5000000000
4559 1.7064960005 -0.0281752232 -3.7500000000
4560 1.7067878619 -0.0231755107 -4.0000000000
4561 1.7064960005 -0.0281752232 -4.2500000000
4562 1.7055094214 -0.0450757525 -4.5000000000
4563 1.7029881532 -0.0882661725 -4.7500000000
4564 1.7009602195 -0.1230055592 -3.2500000000
4565 1.7009602195 -0.1230055592 -3.5000000000
4566 1.7009602195 -0.1230055592 -3.7500000000
4567 1.7009602195 -0.1230055592 -4.0000000000
4568 1.7009602195 -0.1230055592 -4.2500000000
4569 1.7009602195 -0.1230055592 -4.5000000000
4570 1.7009602195 -0.1230055592 -4.7500000000
4571 1.6989322857 -0.1577449458 -3.2500000000
4572 1.6964110176 -0.2009353658 -3.5000000000
4573 1.6954244384 -0.2178358952 -3.7500000000
4574 1.6951325771 -0.2228356077 -4.0000000000
4575 1.6954244384 -0.2178358952 -4.2500000000
4576 1.6964110176 -0.2009353658 -4.5000000000
4577 1.6989322857 -0.1577449458 -4.7500000000
4578 2.0000000000 -0.0967804201 -3.2500000000
4579 2.0000000000 -0.0535164724 -3.5000000000
4580 2.0000000000 -0.0365871714 -3.7500000000
4581 2.0000000000 -0.0315789474 -4.0000000000
4582 2.0000000000 -0.0365871714 -4.2500000000
4583 2.0000000000 -0.0535164724 -4.5000000000
4584 2.0000000000 -0.0967804201 -4.7500000000
4585 2.0000000000 -0.1315789474 -3.2500000000
4586 2.0000000000 -0.1315789474 -3.5000000000
4587 2.0000000000 -0.1315789474 -3.7500000000
4588 2.0000000000 -0.1315789474 -4.0000000000
4589 2.0000000000 -0.1315789474 -4.2500000000
4590 2.0000000000 -0.1315789474 -4.5000000000
4591 2.0000000000 -0.1315789474 -4.7500000000
4592 2.0000000000 -0.1663774746 -3.2500000000
4593 2.0000000000 -0.2096414223 -3.5000000000
4594 2.0000000000 -0.2265707233 -3.7500000000
4595 2.0000000000 -0.2315789474 -4.0000000000
4596 2.0000000000 -0.2265707233 -4.2500000000
4597 2.0000000000 -0.2096414223 -4.5000000000
4598 2.0000000000 -0.1663774746 -4.7500000000
4599 2.2970118468 -0.0882661725 -3.2500000000
4600 2.2944905786 -0.0450757525 -3.5000000000
4601 2.2935039995 -0.0281752232 -3.7500000000
4602 2.2932121381 -0.0231755107 -4.0000000000
4603 2.2935039995 -0.0281752232 -4.2500000000
4604 2.2944905786 -0.0450757525 -4.5000000000
4605 2.2970118468 -0.0882661725 -4.7500000000
4606 2.2990397805 -0.1230055592 -3.2500000000
4607 2.2990397805 -0.1230055592 -3.5000000000
4608 2.2990397805 -0.1230055592 -3.7500000000
4609 2.2990397805 -0.1230055592 -4.0000000000
4610 2.2990397805 -0.1230055592 -4.2500000000
4611 2.2990397805 -0.1230055592 -4.5000000000
4612 2.2990397805 -0.1230055592 -4.7500000000
4613 2.3010677143 -0.1577449458 -3.2500000000
4614 2.3035889824 -0.2009353658 -3.5000000000
4615 2.3045755616 -0.2178358952 -3.7500000000
4616 2.3048674229 -0.2228356077 -4.0000000000
4617 2.3045755616 -0.2178358952 -4.2500000000
4618 2.3035889824 -0.2009353658 -4.5000000000
4619 2.3010677143 -0.1577449458 -4.7500000000
4620 2.5360710112 -0.0655090566 -3.2500000000
4621 2.5306063680 -0.0225916144 -3.5000000000
4622 2.5284680381 -0.0057979019 -3.7500000000
4623 2.5278354524 -0.0008297893 -4.0000000000
4624 2.5284680381 -0.0057979019 -4.2500000000
4625 2.5306063680 -0.0225916144 -4.5000000000
4626 2.5360710112 -0.0655090566 -4.7500000000
4627 2.5404663923 -0.1000288788 -3.2500000000
4628 2.5404663923 -0.1000288788 -3.5000000000
4629 2.5404663923 -0.1000288788 -3.7500000000
4630 2.5404663923 -0.1000288788 -4.0000000000
4631 2.5404663923 -0.1000288788 -4.2500000000
4632 2.5404663923 -0.1000288788 -4.5000000000
4633 2.5404663923 -0.1000288788 -4.7500000000
4634 2.5448617734 -0.1345487010 -3.2500000000
4635 2.5503264167 -0.1774661432 -3.5000000000
4636 2.5524647465 -0.1942598556 -3.7500000000
4637 2.5530973323 -0.1992279683 -4.0000000000
4638 2.5524647465 -0.1942598556 -4.2500000000
4639 2.5503264167 -0.1774661432 -4.5000000000
4640 2.5448617734 -0.1345487010 -4.7500000000
4641 2.7341321353 -0.0325988895 -3.2500000000
4642 2.7259158578 0.0098777153 -3.5000000000
4643 2.7227008059 0.0264989269 -3.7500000000
4644 2.7217496916 0.0314160083 -4.0000000000
4645 2.7227008059 0.0264989269 -4.2500000000
4646 2.7259158578 0.0098777153 -4.5000000000
4647 2.7341321353 -0.0325988895 -4.7500000000
4648 2.7407407407 -0.0667641326 -3.2500000000
4649 2.7407407407 -0.0667641326 -3.5000000000
4650 2.7407407407 -0.0667641326 -3.7500000000
4651 2.7407407407 -0.0667641326 -4.0000000000
4652 2.7407407407 -0.0667641326 -4.2500000000
4653 2.7407407407 -0.0667641326 -4.5000000000
4654 2.7407407407 -0.0667641326 -4.7500000000
4655 2.7473493462 -0.1009293756 -3.2500000000
4656 2.7555656237 -0.1434059804 -3.5000000000
4657 2.7587806756 -0.1600271920 -3.7500000000
4658 2.7597317899 -0.1649442734 -4.0000000000
4659 2.7587806756 -0.1600271920 -4.2500000000
4660 2.7555656237 -0.1434059804 -4.5000000000
4661 2.7473493462 -0.1009293756 -4.7500000000
4662 2.9083308486 0.0065415994 -3.2500000000
4663 2.8983935416 0.0486488328 -3.5000000000
4664 2.8945050461 0.0651255082 -3.7500000000
4665 2.8933547059 0.0699998313 -4.0000000000
4666 2.8945050461 0.0651255082 -4.2500000000
4667 2.8983935416 0.0486488328 -4.5000000000
4668 2.9083308486 0.0065415994 -4.7500000000
4669 2.9163237311 -0.0273265468 -3.2500000000
4670 2.9163237311 -0.0273265468 -3.5000000000
4671 2.9163237311 -0.0273265468 -3.7500000000
4672 2.9163237311 -0.0273265468 -4.0000000000
4673 2.9163237311 -0.0273265468 -4.2500000000
4674 2.9163237311 -0.0273265468 -4.5000000000
4675 2.9163237311 -0.0273265468 -4.7500000000
4676 2.9243166136 -0.0611946931 -3.2500000000
4677 2.9342539207 -0.1033019264 -3.5000000000
4678 2.9381424161 -0.1197786019 -3.7500000000
4679 2.9392927564 -0.1246529249 -4.0000000000
4680 2.9381424161 -0.1197786019 -4.2500000000
4681 2.9342539207 -0.1033019264 -4.5000000000
4682 2.9243166136 -0.0611946931 -4.7500000000
4683 3.0756833864 0.0480367983 -3.2500000000
4684 3.0657460793 0.0901440317 -3.5000000000
4685 3.0618575839 0.1066207071 -3.7500000000
4686 3.0607072436 0.1114950302 -4.0000000000
4687 3.0618575839 0.1066207071 -4.2500000000
4688 3.0657460793 0.0901440317 -4.5000000000
4689 3.0756833864 0.0480367983 -4.7500000000
4690 3.0836762689 0.0141686521 -3.2500000000
4691 3.0836762689 0.0141686521 -3.5000000000
4692 3.0836762689 0.0141686521 -3.7500000000
4693 3.0836762689 0.0141686521 -4.0000000000
4694 3.0836762689 0.0141686521 -4.2500000000
4695 3.0836762689 0.0141686521 -4.5000000000
4696 3.0836762689 0.0141686521 -4.7500000000
4697 3.0916691514 -0.0196994941 -3.2500000000
4698 3.1016064584 -0.0618067275 -3.5000000000
4699 3.1054949539 -0.0782834030 -3.7500000000
4700 3.1066452941 -0.0831577260 -4.0000000000
4701 3.1054949539 -0.0782834030 -4.2500000000
4702 3.1016064584 -0.0618067275 -4.5000000000
4703 3.0916691514 -0.0196994941 -4.7500000000
4704 3.2526506538 0.0877714809 -3.2500000000
4705 3.2444343763 0.1302480857 -3.5000000000
4706 3.2412193244 0.1468692972 -3.7500000000
4707 3.2402682101 0.1517863786 -4.0000000000
4708 3.2412193244 0.1468692972 -4.2500000000
4709 3.2444343763 0.1302480857 -4.5000000000
4710 3.2526506538 0.0877714809 -4.7500000000
4711 3.2592592593 0.0536062378 -3.2500000000
4712 3.2592592593 0.0536062378 -3.5000000000
4713 3.2592592593 0.0536062378 -3.7500000000
4714 3.2592592593 0.0536062378 -4.0000000000
4715 3.2592592593 0.0536062378 -4.2500000000
4716 3.2592592593 0.0536062378 -4.5000000000
4717 3.2592592593 0.0536062378 -4.7500000000
4718 3.2658678647 0.0194409947 -3.2500000000
4719 3.2740841422 -0.0230356101 -3.5000000000
4720 3.2772991941 -0.0396568216 -3.7500000000
4721 3.2782503084 -0.0445739030 -4.0000000000
4722 3.2772991941 -0.0396568216 -4.2500000000
4723 3.2740841422 -0.0230356101 -4.5000000000
4724 3.2658678647 0.0194409947 -4.7500000000
4725 3.4551382266 0.1213908062 -3.2500000000
4726 3.4496735833 0.1643082485 -3.5000000000
4727 3.4475352535 0.1811019609 -3.7500000000
4728 3.4469026677 0.1860700735 -4.0000000000
4729 3.4475352535 0.1811019609 -4.2500000000
4730 3.4496735833 0.1643082485 -4.5000000000
4731 3.4551382266 0.1213908062 -4.7500000000
4732 3.4595336077 0.0868709840 -3.2500000000
4733 3.4595336077 0.0868709840 -3.5000000000
4734 3.4595336077 0.0868709840 -3.7500000000
4735 3.4595336077 0.0868709840 -4.0000000000
4736 3.4595336077 0.0868709840 -4.2500000000
4737 3.4595336077 0.0868709840 -4.5000000000
4738 3.4595336077 0.0868709840 -4.7500000000
4739 3.4639289888 0.0523511618 -3.2500000000
4740 3.4693936320 0.0094337196 -3.5000000000
4741 3.4715319619 -0.0073599928 -3.7500000000
4742 3.4721645476 -0.0123281054 -4.0000000000
4743 3.4715319619 -0.0073599928 -4.2500000000
4744 3.4693936320 0.0094337196 -4.5000000000
4745 3.4639289888 0.0523511618 -4.7500000000
4746 3.6989322857 0.1445870511 -3.2500000000
4747 3.6964110176 0.1877774711 -3.5000000000
4748 3.6954244384 0.2046780004 -3.7500000000
4749 3.6951325771 0.2096777129 -4.0000000000
4750 3.6954244384 0.2046780004 -4.2500000000
4751 3.6964110176 0.1877774711 -4.5000000000
4752 3.6989322857 0.1445870511 -4.7500000000
4753 3.7009602195 0.1098476644 -3.2500000000
4754 3.7009602195 0.1098476644 -3.5000000000
4755 3.7009602195 0.1098476644 -3.7500000000
4756 3.7009602195 0.1098476644 -4.0000000000
4757 3.7009602195 0.1098476644 -4.2500000000
4758 3.7009602195 0.1098476644 -4.5000000000
4759 3.7009602195 0.1098476644 -4.7500000000
4760 3.7029881532 0.0751082778 -3.2500000000
4761 3.7055094214 0.0319178578 -3.5000000000
4762 3.7064960005 0.0150173284 -3.7500000000
4763 3.7067878619 0.0100176159 -4.0000000000
4764 3.7064960005 0.0150173284 -4.2500000000
4765 3.7055094214 0.0319178578 -4.5000000000
4766 3.7029881532 0.0751082778 -4.7500000000
4767 4.0000000000 0.1532195799 -3.2500000000
4768 4.0000000000 0.1964835276 -3.5000000000
4769 4.0000000000 0.2134128286 -3.7500000000
4770 4.0000000000 0.2184210526 -4.0000000000
4771 4.0000000000 0.2134128286 -4.2500000000
4772 4.0000000000 0.1964835276 -4.5000000000
4773 4.0000000000 0.1532195799 -4.7500000000
4774 4.0000000000 0.1184210526 -3.2500000000
4775 4.0000000000 0.1184210526 -3.5000000000
4776 4.0000000000 0.1184210526 -3.7500000000
4777 4.0000000000 0.1184210526 -4.0000000000
4778 4.0000000000 0.1184210526 -4.2500000000
4779 4.0000000000 0.1184210526 -4.5000000000
4780 4.0000000000 0.1184210526 -4.7500000000
4781 4.0000000000 0.0836225254 -3.2500000000
4782 4.0000000000 0.0403585777 -3.5000000000
4783 4.0000000000 0.0234292767 -3.7500000000
4784 4.0000000000 0.0184210526 -4.0000000000
4785 4.0000000000 0.0234292767 -4.2500000000
4786 4.0000000000 0.0403585777 -4.5000000000
4787 4.0000000000 0.0836225254 -4.7500000000
4788 -4.0000000000 -0.0836225254 -1.2500000000
4789 -4.0000000000 -0.0403585777 -1.5000000000
4790 -4.0000000000 -0.0234292767 -1.7500000000
4791 -4.0000000000 -0.0184210526 -2.0000000000
4792 -4.0000000000 -0.0234292767 -2.2500000000
4793 -4.0000000000 -0.0403585777 -2.5000000000
4794 -4.0000000000 -0.0836225254 -2.7500000000
4795 -4.0000000000 -0.1184210526 -1.2500000000
4796 -4.0000000000 -0.1184210526 -1.5000000000
4797 -4.0000000000 -0.1184210526 -1.7500000000
4798 -4.0000000000 -0.1184210526 -2.0000000000
4799 -4.0000000000 -0.1184210526 -2.2500000000
4800 -4.0000000000 -0.1184210526 -2.5000000000
4801 -4.0000000000 -0.1184210526 -2.7500000000
4802 -4.0000000000 -0.1532195799 -1.2500000000
4803 -4.0000000000 -0.1964835276 -1.5000000000
4804 -4.0000000000 -0.2134128286 -1.7500000000
4805 -4.0000000000 -0.2184210526 -2.0000000000
4806 -4.0000000000 -0.2134128286 -2.2500000000
4807 -4.0000000000 -0.1964835276 -2.5000000000
4808 -4.0000000000 -0.1532195799 -2.7500000000
4809 -3.7029881532 -0.0751082778 -1.2500000000
4810 -3.7055094214 -0.0319178578 -1.5000000000
4811 -3.7064960005 -0.0150173284 -1.7500000000
4812 -3.7067878619 -0.0100176159 -2.0000000000
4813 -3.7064960005 -0.0150173284 -2.2500000000
4814 -3.7055094214 -0.0319178578 -2.5000000000
4815 -3.7029881532 -0.0751082778 -2.7500000000
4816 -3.7009602195 -0.1098476644 -1.2500000000
4817 -3.7009602195 -0.1098476644 -1.5000000000
4818 -3.7009602195 -0.1098476644 -1.7500000000
4819 -3.7009602195 -0.1098476644 -2.0000000000
4820 -3.7009602195 -0.1098476644 -2.2500000000
4821 -3.7009602195 -0.1098476644 -2.5000000000
4822 -3.7009602195 -0.1098476644 -2.7500000000
4823 -3.6989322857 -0.1445870511 -1.2500000000
4824 -3.6964110176 -0.1877774711 -1.5000000000
4825 -3.6954244384 -0.2046780004 -1.7500000000
4826 -3.6951325771 -0.2096777129 -2.0000000000
4827 -3.6954244384 -0.2046780004 -2.2500000000
4828 -3.6964110176 -0.1877774711 -2.5000000000
4829 -3.6989322857 -0.1445870511 -2.7500000000
4830 -3.4639289888 -0.0523511618 -1.2500000000
4831 -3.4693936320 -0.0094337196 -1.5000000000
4832 -3.4715319619 0.0073599928 -1.7500000000
4833 -3.4721645476 0.0123281054 -2.0000000000
4834 -3.4715319619 0.0073599928 -2.2500000000
4835 -3.4693936320 -0.0094337196 -2.5000000000
4836 -3.4639289888 -0.0523511618 -2.7500000000
4837 -3.4595336077 -0.0868709840 -1.2500000000
4838 -3.4595336077 -0.0868709840 -1.5000000000
4839 -3.4595336077 -0.0868709840 -1.7500000000
4840 -3.4595336077 -0.0868709840 -2.0000000000
4841 -3.4595336077 -0.0868709840 -2.2500000000
4842 -3.4595336077 -0.0868709840 -2.5000000000
4843 -3.4595336077 -0.0868709840 -2.7500000000
4844 -3.4551382266 -0.1213908062 -1.2500000000
4845 -3.4496735833 -0.1643082485 -1.5000000000
4846 -3.4475352535 -0.1811019609 -1.7500000000
4847 -3.4469026677 -0.1860700735 -2.0000000000
4848 -3.4475352535 -0.1811019609 -2.2500000000
4849 -3.4496735833 -0.1643082485 -2.5000000000
4850 -3.4551382266 -0.1213908062 -2.7500000000
4851 -3.2658678647 -0.0194409947 -1.2500000000
4852 -3.2740841422 0.0230356101 -1.5000000000
4853 -3.2772991941 0.0396568216 -1.7500000000
4854 -3.2782503084 0.0445739030 -2.0000000000
4855 -3.2772991941 0.0396568216 -2.2500000000
4856 -3.2740841422 0.0230356101 -2.5000000000
4857 -3.2658678647 -0.0194409947 -2.7500000000
4858 -3.2592592593 -0.0536062378 -1.2500000000
4859 -3.2592592593 -0.0536062378 -1.5000000000
4860 -3.2592592593 -0.0536062378 -1.7500000000
4861 -3.2592592593 -0.0536062378 -2.0000000000
4862 -3.2592592593 -0.0536062378 -2.2500000000
4863 -3.2592592593 -0.0536062378 -2.5000000000
4864 -3.2592592593 -0.0536062378 -2.7500000000
4865 -3.2526506538 -0.0877714809 -1.2500000000
4866 -3.2444343763 -0.1302480857 -1.5000000000
4867 -3.2412193244 -0.1468692972 -1.7500000000
4868 -3.2402682101 -0.1517863786 -2.0000000000
4869 -3.2412193244 -0.1468692972 -2.2500000000
4870 -3.2444343763 -0.1302480857 -2.5000000000
4871 -3.2526506538 -0.0877714809 -2.7500000000
4872 -3.0916691514 0.0196994941 -1.2500000000
4873 -3.1016064584 0.0618067275 -1.5000000000
4874 -3.1054949539 0.0782834030 -1.7500000000
4875 -3.1066452941 0.0831577260 -2.0000000000
4876 -3.1054949539 0.0782834030 -2.2500000000
4877 -3.1016064584 0.0618067275 -2.5000000000
4878 -3.0916691514 0.0196994941 -2.7500000000
4879 -3.0836762689 -0.0141686521 -1.2500000000
4880 -3.0836762689 -0.0141686521 -1.5000000000
4881 -3.0836762689 -0.0141686521 -1.7500000000
4882 -3.0836762689 -0.0141686521 -2.0000000000
4883 -3.0836762689 -0.0141686521 -2.2500000000
4884 -3.0836762689 -0.0141686521 -2.5000000000
4885 -3.0836762689 -0.0141686521 -2.7500000000
4886 -3.0756833864 -0.0480367983 -1.2500000000
4887 -3.0657460793 -0.0901440317 -1.5000000000
4888 -3.0618575839 -0.1066207071 -1.7500000000
4889 -3.0607072436 -0.1114950302 -2.0000000000
4890 -3.0618575839 -0.1066207071 -2.2500000000
4891 -3.0657460793 -0.0901440317 -2.5000000000
4892 -3.0756833864 -0.0480367983 -2.7500000000
4893 -2.9243166136 0.0611946931 -1.2500000000
4894 -2.9342539207 0.1033019264 -1.5000000000
4895 -2.9381424161 0.1197786019 -1.7500000000
4896 -2.9392927564 0.1246529249 -2.0000000000
4897 -2.9381424161 0.1197786019 -2.2500000000
4898 -2.9342539207 0.1033019264 -2.5000000000
4899 -2.9243166136 0.0611946931 -2.7500000000
4900 -2.9163237311 0.0273265468 -1.2500000000
4901 -2.9163237311 0.0273265468 -1.5000000000
4902 -2.9163237311 0.0273265468 -1.7500000000
4903 -2.9163237311 0.0273265468 -2.0000000000
4904 -2.9163237311 0.0273265468 -2.2500000000
4905 -2.9163237311 0.0273265468 -2.5000000000
4906 -2.9163237311 0.0273265468 -2.7500000000
4907 -2.9083308486 -0.0065415994 -1.2500000000
4908 -2.8983935416 -0.0486488328 -1.5000000000
4909 -2.8945050461 -0.0651255082 -1.7500000000
4910 -2.8933547059 -0.0699998313 -2.0000000000
4911 -2.8945050461 -0.0651255082 -2.2500000000
4912 -2.8983935416 -0.0486488328 -2.5000000000
4913 -2.9083308486 -0.0065415994 -2.7500000000
4914 -2.7473493462 0.1009293756 -1.2500000000
4915 -2.7555656237 0.1434059804 -1.5000000000
4916 -2.7587806756 0.1600271920 -1.7500000000
4917 -2.7597317899 0.1649442734 -2.0000000000
4918 -2.7587806756 0.1600271920 -2.2500000000
4919 -2.7555656237 0.1434059804 -2.5000000000
4920 -2.7473493462 0.1009293756 -2.7500000000
4921 -2.7407407407 0.0667641326 -1.2500000000
4922 -2.7407407407 0.0667641326 -1.5000000000
4923 -2.7407407407 0.0667641326 -1.7500000000
4924 -2.7407407407 0.0667641326 -2.0000000000
4925 -2.7407407407 0.0667641326 -2.2500000000
4926 -2.7407407407 0.0667641326 -2.5000000000
4927 -2.7407407407 0.0667641326 -2.7500000000
4928 -2.7341321353 0.0325988895 -1.2500000000
4929 -2.7259158578 -0.0098777153 -1.5000000000
4930 -2.7227008059 -0.0264989269 -1.7500000000
4931 -2.7217496916 -0.0314160083 -2.0000000000
4932 -2.7227008059 -0.0264989269 -2.2500000000
4933 -2.7259158578 -0.0098777153 -2.5000000000
4934 -2.7341321353 0.0325988895 -2.7500000000
4935 -2.5448617734 0.1345487010 -1.2500000000
4936 -2.5503264167 0.1774661432 -1.5000000000
4937 -2.5524647465 0.1942598556 -1.7500000000
4938 -2.5530973323 0.1992279683 -2.0000000000
4939 -2.5524647465 0.1942598556 -2.2500000000
4940 -2.5503264167 0.1774661432 -2.5000000000
4941 -2.5448617734 0.1345487010 -2.7500000000
4942 -2.5404663923 0.1000288788 -1.2500000000
4943 -2.5404663923 0.1000288788 -1.5000000000
4944 -2.5404663923 0.1000288788 -1.7500000000
4945 -2.5404663923 0.1000288788 -2.0000000000
4946 -2.5404663923 0.1000288788 -2.2500000000
4947 -2.5404663923 0.1000288788 -2.5000000000
4948 -2.5404663923 0.1000288788 -2.7500000000
4949 -2.5360710112 0.0655090566 -1.2500000000
4950 -2.5306063680 0.0225916144 -1.5000000000
4951 -2.5284680381 0.0057979019 -1.7500000000
4952 -2.5278354524 0.0008297893 -2.0000000000
4953 -2.5284680381 0.0057979019 -2.2500000000
4954 -2.5306063680 0.0225916144 -2.5000000000
4955 -2.5360710112 0.0655090566 -2.7500000000
4956 -2.3010677143 0.1577449458 -1.2500000000
4957 -2.3035889824 0.2009353658 -1.5000000000
4958 -2.3045755616 0.2178358952 -1.7500000000
4959 -2.3048674229 0.2228356077 -2.0000000000
4960 -2.3045755616 0.2178358952 -2.2500000000
4961 -2.3035889824 0.2009353658 -2.5000000000
4962 -2.3010677143 0.1577449458 -2.7500000000
4963 -2.2990397805 0.1230055592 -1.2500000000
4964 -2.2990397805 0.1230055592 -1.5000000000
4965 -2.2990397805 0.1230055592 -1.7500000000
4966 -2.2990397805 0.1230055592 -2.0000000000
4967 -2.2990397805 0.1230055592 -2.2500000000
4968 -2.2990397805 0.1230055592 -2.5000000000
4969 -2.2990397805 0.1230055592 -2.7500000000
4970 -2.2970118468 0.0882661725 -1.2500000000
4971 -2.2944905786 0.0450757525 -1.5000000000
4972 -2.2935039995 0.0281752232 -1.7500000000
4973 -2.2932121381 0.0231755107 -2.0000000000
4974 -2.2935039995 0.0281752232 -2.2500000000
4975 -2.2944905786 0.0450757525 -2.5000000000
4976 -2.2970118468 0.0882661725 -2.7500000000
4977 -2.0000000000 0.1663774746 -1.2500000000
4978 -2.0000000000 0.2096414223 -1.5000000000
4979 -2.0000000000 0.2265707233 -1.7500000000
4980 -2.0000000000 0.2315789474 -2.0000000000
4981 -2.0000000000 0.2265707233 -2.2500000000
4982 -2.0000000000 0.2096414223 -2.5000000000
4983 -2.0000000000 0.1663774746 -2.7500000000
4984 -2.0000000000 0.1315789474 -1.2500000000
4985 -2.0000000000 0.1315789474 -1.5000000000
4986 -2.0000000000 0.1315789474 -1.7500000000
4987 -2.0000000000 0.1315789474 -2.0000000000
4988 -2.0000000000 0.1315789474 -2.2500000000
4989 -2.0000000000 0.1315789474 -2.5000000000
4990 -2.0000000000 0.1315789474 -2.7500000000
4991 -2.0000000000 0.0967804201 -1.2500000000
4992 -2.0000000000 0.0535164724 -1.5000000000
4993 -2.0000000000 0.0365871714 -1.7500000000
4994 -2.0000000000 0.0315789474 -2.0000000000
4995 -2.0000000000 0.0365871714 -2.2500000000
4996 -2.0000000000 0.0535164724 -2.5000000000
4997 -2.0000000000 0.0967804201 -2.7500000000
4998 -1.6989322857 0.1577449458 -1.2500000000
4999 -1.6964110176 0.2009353658 -1.5000000000
5000 -1.6954244384 0.2178358952 -1.7500000000
5001 -1.6951325771 0.2228356077 -2.0000000000
5002 -1.6954244384 0.2178358952 -2.2500000000
5003 -1.6964110176 0.2009353658 -2.5000000000
5004 -1.6989322857 0.1577449458 -2.7500000000
5005 -1.7009602195 0.1230055592 -1.2500000000
5006 -1.7009602195 0.1230055592 -1.5000000000
5007 -1.7009602195 0.1230055592 -1.7500000000
5008 -1.7009602195 0.1230055592 -2.0000000000
5009 -1.7009602195 0.1230055592 -2.2500000000
5010 -1.7009602195 0.1230055592 -2.5000000000
5011 -1.7009602195 0.1230055592 -2.7500000000
5012 -1.7029881532 0.0882661725 -1.2500000000
5013 -1.7055094214 0.0450757525 -1.5000000000
5014 -1.7064960005 0.0281752232 -1.7500000000
5015 -1.7067878619 0.0231755107 -2.0000000000
5016 -1.7064960005 0.0281752232 -2.2500000000
5017 -1.7055094214 0.0450757525 -2.5000000000
5018 -1.7029881532 0.0882661725 -2.7500000000
5019 -1.4551382266 0.1345487010 -1.2500000000
5020 -1.4496735833 0.1774661432 -1.5000000000
5021 -1.4475352535 0.1942598556 -1.7500000000
5022 -1.4469026677 0.1992279683 -2.0000000000
5023 -1.4475352535 0.1942598556 -2.2500000000
5024 -1.4496735833 0.1774661432 -2.5000000000
5025 -1.4551382266 0.1345487010 -2.7500000000
5026 -1.4595336077 0.1000288788 -1.2500000000
5027 -1.4595336077 0.1000288788 -1.5000000000
5028 -1.4595336077 0.1000288788 -1.7500000000
5029 -1.4595336077 0.1000288788 -2.0000000000
5030 -1.4595336077 0.1000288788 -2.2500000000
5031 -1.4595336077 0.1000288788 -2.5000000000
5032 -1.4595336077 0.1000288788 -2.7500000000
5033 -1.4639289888 0.0655090566 -1.2500000000
5034 -1.4693936320 0.0225916144 -1.5000000000
5035 -1.4715319619 0.0057979019 -1.7500000000
5036 -1.4721645476 0.0008297893 -2.0000000000
5037 -1.4715319619 0.0057979019 -2.2500000000
5038 -1.4693936320 0.0225916144 -2.5000000000
5039 -1.4639289888 0.0655090566 -2.7500000000
5040 -1.2526506538 0.1009293756 -1.2500000000
5041 -1.2444343763 0.1434059804 -1.5000000000
5042 -1.2412193244 0.1600271920 -1.7500000000
5043 -1.2402682101 0.1649442734 -2.0000000000
5044 -1.2412193244 0.1600271920 -2.2500000000
5045 -1.2444343763 0.1434059804 -2.5000000000
5046 -1.2526506538 0.1009293756 -2.7500000000
5047 -1.2592592593 0.0667641326 -1.2500000000
5048 -1.2592592593 0.0667641326 -1.5000000000
5049 -1.2592592593 0.0667641326 -1.7500000000
5050 -1.2592592593 0.0667641326 -2.0000000000
5051 -1.2592592593 0.0667641326 -2.2500000000
5052 -1.2592592593 0.0667641326 -2.5000000000
5053 -1.2592592593 0.0667641326 -2.7500000000
5054 -1.2658678647 0.0325988895 -1.2500000000
5055 -1.2740841422 -0.0098777153 -1.5000000000
5056 -1.2772991941 -0.0264989269 -1.7500000000
5057 -1.2782503084 -0.0314160083 -2.0000000000
5058 -1.2772991941 -0.0264989269 -2.2500000000
5059 -1.2740841422 -0.0098777153 -2.5000000000
5060 -1.2658678647 0.0325988895 -2.7500000000
5061 -1.0756833864 0.0611946931 -1.2500000000
5062 -1.0657460793 0.1033019264 -1.5000000000
5063 -1.0618575839 0.1197786019 -1.7500000000
5064 -1.0607072436 0.1246529249 -2.0000000000
5065 -1.0618575839 0.1197786019 -2.2500000000
5066 -1.0657460793 0.1033019264 -2.5000000000
5067 -1.0756833864 0.0611946931 -2.7500000000
5068 -1.0836762689 0.0273265468 -1.2500000000
5069 -1.0836762689 0.0273265468 -1.5000000000
5070 -1.0836762689 0.0273265468 -1.7500000000
5071 -1.0836762689 0.0273265468 -2.0000000000
5072 -1.0836762689 0.0273265468 -2.2500000000
5073 -1.0836762689 0.0273265468 -2.5000000000
5074 -1.0836762689 0.0273265468 -2.7500000000
5075 -1.0916691514 -0.0065415994 -1.2500000000
5076 -1.1016064584 -0.0486488328 -1.5000000000
5077 -1.1054949539 -0.0651255082 -1.7500000000
5078 -1.1066452941 -0.0699998313 -2.0000000000
5079 -1.1054949539 -0.0651255082 -2.2500000000
5080 -1.1016064584 -0.0486488328 -2.5000000000
5081 -1.0916691514 -0.0065415994 -2.7500000000
5082 -0.9083308486 0.0196994941 -1.2500000000
5083 -0.8983935416 0.0618067275 -1.5000000000
5084 -0.8945050461 0.0782834030 -1.7500000000
5085 -0.8933547059 0.0831577260 -2.0000000000
5086 -0.8945050461 0.0782834030 -2.2500000000
5087 -0.8983935416 0.0618067275 -2.5000000000
5088 -0.9083308486 0.0196994941 -2.7500000000
5089 -0.9163237311 -0.0141686521 -1.2500000000
5090 -0.9163237311 -0.0141686521 -1.5000000000
5091 -0.9163237311 -0.0141686521 -1.7500000000
5092 -0.9163237311 -0.0141686521 -2.0000000000
5093 -0.9163237311 -0.0141686521 -2.2500000000
5094 -0.9163237311 -0.0141686521 -2.5000000000
5095 -0.9163237311 -0.0141686521 -2.7500000000
5096 -0.9243166136 -0.0480367983 -1.2500000000
5097 -0.9342539207 -0.0901440317 -1.5000000000
5098 -0.9381424161 -0.1066207071 -1.7500000000
5099 -0.9392927564 -0.1114950302 -2.0000000000
5100 -0.9381424161 -0.1066207071 -2.2500000000
5101 -0.9342539207 -0.0901440317 -2.5000000000
5102 -0.9243166136 -0.0480367983 -2.7500000000
5103 -0.7341321353 -0.0194409947 -1.2500000000
5104 -0.7259158578 0.0230356101 -1.5000000000
5105 -0.7227008059 0.0396568216 -1.7500000000
5106 -0.7217496916 0.0445739030 -2.0000000000
5107 -0.7227008059 0.0396568216 -2.2500000000
5108 -0.7259158578 0.0230356101 -2.5000000000
5109 -0.7341321353 -0.0194409947 -2.7500000000
5110 -0.7407407407 -0.0536062378 -1.2500000000
5111 -0.7407407407 -0.0536062378 -1.5000000000
5112 -0.7407407407 -0.0536062378 -1.7500000000
5113 -0.7407407407 -0.0536062378 -2.0000000000
5114 -0.7407407407 -0.0536062378 -2.2500000000
5115 -0.7407407407 -0.0536062378 -2.5000000000
5116 -0.7407407407 -0.0536062378 -2.7500000000
5117 -0.7473493462 -0.0877714809 -1.2500000000
5118 -0.7555656237 -0.1302480857 -1.5000000000
5119 -0.7587806756 -0.1468692972 -1.7500000000
5120 -0.7597317899 -0.1517863786 -2.0000000000
5121 -0.7587806756 -0.1468692972 -2.2500000000
5122 -0.7555656237 -0.1302480857 -2.5000000000
5123 -0.7473493462 -0.0877714809 -2.7500000000
5124 -0.5360710112 -0.0523511618 -1.2500000000
5125 -0.5306063680 -0.0094337196 -1.5000000000
5126 -0.5284680381 0.0073599928 -1.7500000000
5127 -0.5278354524 0.0123281054 -2.0000000000
5128 -0.5284680381 0.0073599928 -2.2500000000
5129 -0.5306063680 -0.0094337196 -2.5000000000
5130 -0.5360710112 -0.0523511618 -2.7500000000
5131 -0.5404663923 -0.0868709840 -1.2500000000
5132 -0.5404663923 -0.0868709840 -1.5000000000
5133 -0.5404663923 -0.0868709840 -1.7500000000
5134 -0.5404663923 -0.0868709840 -2.0000000000
5135 -0.5404663923 -0.0868709840 -2.2500000000
5136 -0.5404663923 -0.0868709840 -2.5000000000
5137 -0.5404663923 -0.0868709840 -2.7500000000
5138 -0.5448617734 -0.1213908062 -1.2500000000
5139 -0.5503264167 -0.1643082485 -1.5000000000
5140 -0.5524647465 -0.1811019609 -1.7500000000
5141 -0.5530973323 -0.1860700735 -2.0000000000
5142 -0.5524647465 -0.1811019609 -2.2500000000
5143 -0.5503264167 -0.1643082485 -2.5000000000
5144 -0.5448617734 -0.1213908062 -2.7500000000
5145 -0.2970118468 -0.0751082778 -1.2500000000
5146 -0.2944905786 -0.0319178578 -1.5000000000
5147 -0.2935039995 -0.0150173284 -1.7500000000
5148 -0.2932121381 -0.0100176159 -2.0000000000
5149 -0.2935039995 -0.0150173284 -2.2500000000
5150 -0.2944905786 -0.0319178578 -2.5000000000
5151 -0.2970118468 -0.0751082778 -2.7500000000
5152 -0.2990397805 -0.1098476644 -1.2500000000
5153 -0.2990397805 -0.1098476644 -1.5000000000
5154 -0.2990397805 -0.1098476644 -1.7500000000
5155 -0.2990397805 -0.1098476644 -2.0000000000
5156 -0.2990397805 -0.1098476644 -2.2500000000
5157 -0.2990397805 -0.1098476644 -2.5000000000
5158 -0.2990397805 -0.1098476644 -2.7500000000
5159 -0.3010677143 -0.1445870511 -1.2500000000
5160 -0.3035889824 -0.1877774711 -1.5000000000
5161 -0.3045755616 -0.2046780004 -1.7500000000
5162 -0.3048674229 -0.2096777129 -2.0000000000
5163 -0.3045755616 -0.2046780004 -2.2500000000
5164 -0.3035889824 -0.1877774711 -2.5000000000
5165 -0.3010677143 -0.1445870511 -2.7500000000
5166 -0.0000000000 -0.0836225254 -1.2500000000
5167 -0.0000000000 -0.0403585777 -1.5000000000
5168 -0.0000000000 -0.0234292767 -1.7500000000
5169 -0.0000000000 -0.0184210526 -2.0000000000
5170 -0.0000000000 -0.0234292767 -2.2500000000
5171 -0.0000000000 -0.0403585777 -2.5000000000
5172 -0.0000000000 -0.0836225254 -2.7500000000
5173 -0.0000000000 -0.1184210526 -1.2500000000
5174 -0.0000000000 -0.1184210526 -1.5000000000
5175 -0.0000000000 -0.1184210526 -1.7500000000
5176 -0.0000000000 -0.1184210526 -2.0000000000
5177 -0.0000000000 -0.1184210526 -2.2500000000
5178 -0.0000000000 -0.1184210526 -2.5000000000
5179 -0.0000000000 -0.1184210526 -2.7500000000
5180 -0.0000000000 -0.1532195799 -1.2500000000
5181 -0.0000000000 -0.1964835276 -1.5000000000
5182 -0.0000000000 -0.2134128286 -1.7500000000
5183 -0.0000000000 -0.2184210526 -2.0000000000
5184 -0.0000000000 -0.2134128286 -2.2500000000
5185 -0.0000000000 -0.1964835276 -2.5000000000
5186 -0.0000000000 -0.1532195799 -2.7500000000
5187 -0.0000000000 -0.0836225254 -1.2500000000
5188 -0.0000000000 -0.0403585777 -1.5000000000
5189 -0.0000000000 -0.0234292767 -1.7500000000
5190 -0.0000000000 -0.0184210526 -2.0000000000
5191 -0.0000000000 -0.0234292767 -2.2500000000
5192 -0.0000000000 -0.0403585777 -2.5000000000
5193 -0.0000000000 -0.0836225254 -2.7500000000
5194 -0.0000000000 -0.1184210526 -1.2500000000
5195 -0.0000000000 -0.1184210526 -1.5000000000
5196 -0.0000000000 -0.1184210526 -1.7500000000
5197 -0.0000000000 -0.1184210526 -2.0000000000
5198 -0.0000000000 -0.1184210526 -2.2500000000
5199 -0.0000000000 -0.1184210526 -2.5000000000
5200 -0.0000000000 -0.1184210526 -2.7500000000
5201 -0.0000000000 -0.1532195799 -1.2500000000
5202 -0.0000000000 -0.1964835276 -1.5000000000
5203 -0.0000000000 -0.2134128286 -1.7500000000
5204 -0.0000000000 -0.2184210526 -2.0000000000
5205 -0.0000000000 -0.2134128286 -2.2500000000
5206 -0.0000000000 -0.1964835276 -2.5000000000
5207 -0.0000000000 -0.1532195799 -2.7500000000
5208 0.2970118468 -0.0751082778 -1.2500000000
5209 0.2944905786 -0.0319178578 -1.5000000000
5210 0.2935039995 -0.0150173284 -1.7500000000
5211 0.2932121381 -0.0100176159 -2.0000000000
5212 0.2935039995 -0.0150173284 -2.2500000000
5213 0.2944905786 -0.0319178578 -2.5000000000
5214 0.2970118468 -0.0751082778 -2.7500000000
5215 0.2990397805 -0.1098476644 -1.2500000000
5216 0.2990397805 -0.1098476644 -1.5000000000
5217 0.2990397805 -0.1098476644 -1.7500000000
5218 0.2990397805 -0.1098476644 -2.0000000000
5219 0.2990397805 -0.1098476644 -2.2500000000
5220 0.2990397805 -0.1098476644 -2.5000000000
5221 0.2990397805 -0.1098476644 -2.7500000000
5222 0.3010677143 -0.1445870511 -1.2500000000
5223 0.3035889824 -0.1877774711 -1.5000000000
5224 0.3045755616 -0.2046780004 -1.7500000000
5225 0.3048674229 -0.2096777129 -2.0000000000
5226 0.3045755616 -0.2046780004 -2.2500000000
5227 0.3035889824 -0.1877774711 -2.5000000000
5228 0.3010677143 -0.1445870511 -2.7500000000
5229 0.5360710112 -0.0523511618 -1.2500000000
5230 0.5306063680 -0.0094337196 -1.5000000000
5231 0.5284680381 0.0073599928 -1.7500000000
5232 0.5278354524 0.0123281054 -2.0000000000
5233 0.5284680381 0.0073599928 -2.2500000000
5234 0.5306063680 -0.0094337196 -2.5000000000
5235 0.5360710112 -0.0523511618 -2.7500000000
5236 0.5404663923 -0.0868709840 -1.2500000000
5237 0.5404663923 -0.0868709840 -1.5000000000
5238 0.5404663923 -0.0868709840 -1.7500000000
5239 0.5404663923 -0.0868709840 -2.0000000000
5240 0.5404663923 -0.0868709840 -2.2500000000
5241 0.5404663923 -0.0868709840 -2.5000000000
5242 0.5404663923 -0.0868709840 -2.7500000000
5243 0.5448617734 -0.1213908062 -1.2500000000
5244 0.5503264167 -0.1643082485 -1.5000000000
5245 0.5524647465 -0.1811019609 -1.7500000000
5246 0.5530973323 -0.1860700735 -2.0000000000
5247 0.5524647465 -0.1811019609 -2.2500000000
5248 0.5503264167 -0.1643082485 -2.5000000000
5249 0.5448617734 -0.1213908062 -2.7500000000
5250 0.7341321353 -0.0194409947 -1.2500000000
5251 0.7259158578 0.0230356101 -1.5000000000
5252 0.7227008059 0.0396568216 -1.7500000000
5253 0.7217496916 0.0445739030 -2.0000000000
5254 0.7227008059 0.0396568216 -2.2500000000
5255 0.7259158578 0.0230356101 -2.5000000000
5256 0.7341321353 -0.0194409947 -2.7500000000
5257 0.7407407407 -0.0536062378 -1.2500000000
5258 0.7407407407 -0.0536062378 -1.5000000000
5259 0.7407407407 -0.0536062378 -1.7500000000
5260 0.7407407407 -0.0536062378 -2.0000000000
5261 0.7407407407 -0.0536062378 -2.2500000000
5262 0.7407407407 -0.0536062378 -2.5000000000
5263 0.7407407407 -0.0536062378 -2.7500000000
5264 0.7473493462 -0.0877714809 -1.2500000000
5265 0.7555656237 -0.1302480857 -1.5000000000
5266 0.7587806756 -0.1468692972 -1.7500000000
5267 0.7597317899 -0.1517863786 -2.0000000000
5268 0.7587806756 -0.1468692972 -2.2500000000
5269 0.7555656237 -0.1302480857 -2.5000000000
5270 0.7473493462 -0.0877714809 -2.7500000000
5271 0.9083308486 0.0196994941 -1.2500000000
5272 0.8983935416 0.0618067275 -1.5000000000
5273 0.8945050461 0.0782834030 -1.7500000000
5274 0.8933547059 0.0831577260 -2.0000000000
5275 0.8945050461 0.0782834030 -2.2500000000
5276 0.8983935416 0.0618067275 -2.5000000000
5277 0.9083308486 0.0196994941 -2.7500000000
5278 0.9163237311 -0.0141686521 -1.2500000000
5279 0.9163237311 -0.0141686521 -1.5000000000
5280 0.9163237311 -0.0141686521 -1.7500000000
5281 0.9163237311 -0.0141686521 -2.0000000000
5282 0.9163237311 -0.0141686521 -2.2500000000
5283 0.9163237311 -0.0141686521 -2.5000000000
5284 0.9163237311 -0.0141686521 -2.7500000000
5285 0.9243166136 -0.0480367983 -1.2500000000
5286 0.9342539207 -0.0901440317 -1.5000000000
5287 0.9381424161 -0.1066207071 -1.7500000000
5288 0.9392927564 -0.1114950302 -2.0000000000
5289 0.9381424161 -0.1066207071 -2.2500000000
5290 0.9342539207 -0.0901440317 -2.5000000000
5291 0.9243166136 -0.0480367983 -2.7500000000
5292 1.0756833864 0.0611946931 -1.2500000000
5293 1.0657460793 0.1033019264 -1.5000000000
5294 1.0618575839 0.1197786019 -1.7500000000
5295 1.0607072436 0.1246529249 -2.0000000000
5296 1.0618575839 0.1197786019 -2.2500000000
5297 1.0657460793 0.1033019264 -2.5000000000
5298 1.0756833864 0.0611946931 -2.7500000000
5299 1.0836762689 0.0273265468 -1.2500000000
5300 1.0836762689 0.0273265468 -1.5000000000
5301 1.0836762689 0.0273265468 -1.7500000000
5302 1.0836762689 0.0273265468 -2.0000000000
5303 1.0836762689 0.0273265468 -2.2500000000
5304 1.0836762689 0.0273265468 -2.5000000000
5305 1.0836762689 0.0273265468 -2.7500000000
5306 1.0916691514 -0.0065415994 -1.2500000000
5307 1.1016064584 -0.0486488328 -1.5000000000
5308 1.1054949539 -0.0651255082 -1.7500000000
5309 1.1066452941 -0.0699998313 -2.0000000000
5310 1.1054949539 -0.0651255082 -2.2500000000
5311 1.1016064584 -0.0486488328 -2.5000000000
5312 1.0916691514 -0.0065415994 -2.7500000000
5313 1.2526506538 0.1009293756 -1.2500000000
5314 1.2444343763 0.1434059804 -1.5000000000
5315 1.2412193244 0.1600271920 -1.7500000000
5316 1.2402682101 0.1649442734 -2.0000000000
5317 1.2412193244 0.1600271920 -2.2500000000
5318 1.2444343763 0.1434059804 -2.5000000000
5319 1.2526506538 0.1009293756 -2.7500000000
5320 1.2592592593 0.0667641326 -1.2500000000
5321 1.2592592593 0.0667641326 -1.5000000000
5322 1.2592592593 0.0667641326 -1.7500000000
5323 1.2592592593 0.0667641326 -2.0000000000
5324 1.2592592593 0.0667641326 -2.2500000000
5325 1.2592592593 0.0667641326 -2.5000000000
5326 1.2592592593 0.0667641326 -2.7500000000
5327 1.2658678647 0.0325988895 -1.2500000000
5328 1.2740841422 -0.0098777153 -1.5000000000
5329 1.2772991941 -0.0264989269 -1.7500000000
5330 1.2782503084 -0.0314160083 -2.0000000000
5331 1.2772991941 -0.0264989269 -2.2500000000
5332 1.2740841422 -0.0098777153 -2.5000000000
5333 1.2658678647 0.0325988895 -2.7500000000
5334 1.4551382266 0.1345487010 -1.2500000000
5335 1.4496735833 0.1774661432 -1.5000000000
5336 1.4475352535 0.1942598556 -1.7500000000
5337 1.4469026677 0.1992279683 -2.0000000000
5338 1.4475352535 0.1942598556 -2.2500000000
5339 1.4496735833 0.1774661432 -2.5000000000
5340 1.4551382266 0.1345487010 -2.7500000000
5341 1.4595336077 0.1000288788 -1.2500000000
5342 1.4595336077 0.1000288788 -1.5000000000
5343 1.4595336077 0.1000288788 -1.7500000000
5344 1.4595336077 0.1000288788 -2.0000000000
5345 1.4595336077 0.1000288788 -2.2500000000
5346 1.4595336077 0.1000288788 -2.5000000000
5347 1.4595336077 0.1000288788 -2.7500000000
5348 1.4639289888 0.0655090566 -1.2500000000
5349 1.4693936320 0.0225916144 -1.5000000000
5350 1.4715319619 0.0057979019 -1.7500000000
5351 1.4721645476 0.0008297893 -2.0000000000
5352 1.4715319619 0.0057979019 -2.2500000000
5353 1.4693936320 0.0225916144 -2.5000000000
5354 1.4639289888 0.0655090566 -2.7500000000
5355 1.6989322857 0.1577449458 -1.2500000000
5356 1.6964110176 0.2009353658 -1.5000000000
5357 1.6954244384 0.2178358952 -1.7500000000
5358 1.6951325771 0.2228356077 -2.0000000000
5359 1.6954244384 0.2178358952 -2.2500000000
5360 1.6964110176 0.2009353658 -2.5000000000
5361 1.6989322857 0.1577449458 -2.7500000000
5362 1.7009602195 0.1230055592 -1.2500000000
5363 1.7009602195 0.1230055592 -1.5000000000
5364 1.7009602195 0.1230055592 -1.7500000000
5365 1.7009602195 0.1230055592 -2.0000000000
5366 1.7009602195 0.1230055592 -2.2500000000
5367 1.7009602195 0.1230055592 -2.5000000000
5368 1.7009602195 0.1230055592 -2.7500000000
5369 1.7029881532 0.0882661725 -1.2500000000
5370 1.7055094214 0.0450757525 -1.5000000000
5371 1.7064960005 0.0281752232 -1.7500000000
5372 1.7067878619 0.0231755107 -2.0000000000
5373 1.7064960005 0.0281752232 -2.2500000000
5374 1.7055094214 0.0450757525 -2.5000000000
5375 1.7029881532 0.0882661725 -2.7500000000
5376 2.0000000000 0.1663774746 -1.2500000000
5377 2.0000000000 0.2096414223 -1.5000000000
5378 2.0000000000 0.2265707233 -1.7500000000
5379 2.0000000000 0.2315789474 -2.0000000000
5380 2.0000000000 0.2265707233 -2.2500000000
5381 2.0000000000 0.2096414223 -2.5000000000
5382 2.0000000000 0.1663774746 -2.7500000000
5383 2.0000000000 0.1315789474 -1.2500000000
5384 2.0000000000 0.1315789474 -1.5000000000
5385 2.0000000000 0.1315789474 -1.7500000000
5386 2.0000000000 0.1315789474 -2.0000000000
5387 2.0000000000 0.1315789474 -2.2500000000
5388 2.0000000000 0.1315789474 -2.5000000000
5389 2.0000000000 0.1315789474 -2.7500000000
5390 2.0000000000 0.0967804201 -1.2500000000
5391 2.0000000000 0.0535164724 -1.5000000000
5392 2.0000000000 0.0365871714 -1.7500000000
5393 2.0000000000 0.0315789474 -2.0000000000
5394 2.0000000000 0.0365871714 -2.2500000000
5395 2.0000000000 0.0535164724 -2.5000000000
5396 2.0000000000 0.0967804201 -2.7500000000
5397 2.3010677143 0.1577449458 -1.2500000000
5398 2.3035889824 0.2009353658 -1.5000000000
5399 2.3045755616 0.2178358952 -1.7500000000
5400 2.3048674229 0.2228356077 -2.0000000000
5401 2.3045755616 0.2178358952 -2.2500000000
5402 2.3035889824 0.2009353658 -2.5000000000
5403 2.3010677143 0.1577449458 -2.7500000000
5404 2.2990397805 0.1230055592 -1.2500000000
5405 2.2990397805 0.1230055592 -1.5000000000
5406 2.2990397805 0.1230055592 -1.7500000000
5407 2.2990397805 0.1230055592 -2.0000000000
5408 2.2990397805 0.1230055592 -2.2500000000
5409 2.2990397805 0.1230055592 -2.5000000000
5410 2.2990397805 0.1230055592 -2.7500000000
5411 2.2970118468 0.0882661725 -1.2500000000
5412 2.2944905786 0.0450757525 -1.5000000000
5413 2.2935039995 0.0281752232 -1.7500000000
5414 2.2932121381 0.0231755107 -2.0000000000
5415 2.2935039995 0.0281752232 -2.2500000000
5416 2.2944905786 0.0450757525 -2.5000000000
5417 2.2970118468 0.0882661725 -2.7500000000
5418 2.5448617734 0.1345487010 -1.2500000000
5419 2.5503264167 0.1774661432 -1.5000000000
5420 2.5524647465 0.1942598556 -1.7500000000
5421 2.5530973323 0.1992279683 -2.0000000000
5422 2.5524647465 0.1942598556 -2.2500000000
5423 2.5503264167 0.1774661432 -2.5000000000
5424 2.5448617734 0.1345487010 -2.7500000000
5425 2.5404663923 0.1000288788 -1.2500000000
5426 2.5404663923 0.1000288788 -1.5000000000
5427 2.5404663923 0.1000288788 -1.7500000000
5428 2.5404663923 0.1000288788 -2.0000000000
5429 2.5404663923 0.1000288788 -2.2500000000
5430 2.5404663923 0.1000288788 -2.5000000000
5431 2.5404663923 0.1000288788 -2.7500000000
5432 2.5360710112 0.0655090566 -1.2500000000
5433 2.5306063680 0.0225916144 -1.5000000000
5434 2.5284680381 0.0057979019 -1.7500000000
5435 2.5278354524 0.0008297893 -2.0000000000
5436 2.5284680381 0.0057979019 -2.2500000000
5437 2.5306063680 0.0225916144 -2.5000000000
5438 2.5360710112 0.0655090566 -2.7500000000
5439 2.7473493462 0.1009293756 -1.2500000000
5440 2.7555656237 0.1434059804 -1.5000000000
5441 2.7587806756 0.1600271920 -1.7500000000
5442 2.7597317899 0.1649442734 -2.0000000000
5443 2.7587806756 0.1600271920 -2.2500000000
5444 2.7555656237 0.1434059804 -2.5000000000
5445 2.7473493462 0.1009293756 -2.7500000000
5446 2.7407407407 0.0667641326 -1.2500000000
5447 2.7407407407 0.0667641326 -1.5000000000
5448 2.7407407407 0.0667641326 -1.7500000000
5449 2.7407407407 0.0667641326 -2.0000000000
5450 2.7407407407 0.0667641326 -2.2500000000
5451 2.7407407407 0.0667641326 -2.5000000000
5452 2.7407407407 0.0667641326 -2.7500000000
5453 2.7341321353 0.0325988895 -1.2500000000
5454 2.7259158578 -0.0098777153 -1.5000000000
5455 2.7227008059 -0.0264989269 -1.7500000000
5456 2.7217496916 -0.0314160083 -2.0000000000
5457 2.7227008059 -0.0264989269 -2.2500000000
5458 2.7259158578 -0.0098777153 -2.5000000000
5459 2.7341321353 0.0325988895 -2.7500000000
5460 2.9243166136 0.0611946931 -1.2500000000
5461 2.9342539207 0.1033019264 -1.5000000000
5462 2.9381424161 0.1197786019 -1.7500000000
5463 2.9392927564 0.1246529249 -2.0000000000
5464 2.9381424161 0.1197786019 -2.2500000000
5465 2.9342539207 0.1033019264 -2.5000000000
5466 2.9243166136 0.0611946931 -2.7500000000
5467 2.9163237311 0.0273265468 -1.2500000000
5468 2.9163237311 0.0273265468 -1.5000000000
5469 2.9163237311 0.0273265468 -1.7500000000
5470 2.9163237311 0.0273265468 -2.0000000000
5471 2.9163237311 0.0273265468 -2.2500000000
5472 2.9163237311 0.0273265468 -2.5000000000
5473 2.9163237311 0.0273265468 -2.7500000000
5474 2.9083308486 -0.0065415994 -1.2500000000
5475 2.8983935416 -0.0486488328 -1.5000000000
5476 2.8945050461 -0.0651255082 -1.7500000000
5477 2.8933547059 -0.0699998313 -2.0000000000
5478 2.8945050461 -0.0651255082 -2.2500000000
5479 2.8983935416 -0.0486488328 -2.5000000000
5480 2.9083308486 -0.0065415994 -2.7500000000
5481 3.0916691514 0.0196994941 -1.2500000000
5482 3.1016064584 0.0618067275 -1.5000000000
5483 3.1054949539 0.0782834030 -1.7500000000
5484 3.1066452941 0.0831577260 -2.0000000000
5485 3.1054949539 0.0782834030 -2.2500000000
5486 3.1016064584 0.0618067275 -2.5000000000
5487 3.0916691514 0.0196994941 -2.7500000000
5488 3.0836762689 -0.0141686521 -1.2500000000
5489 3.0836762689 -0.0141686521 -1.5000000000
5490 3.0836762689 -0.0141686521 -1.7500000000
5491 3.0836762689 -0.0141686521 -2.0000000000
5492 3.0836762689 -0.0141686521 -2.2500000000
5493 3.0836762689 -0.0141686521 -2.5000000000
5494 3.0836762689 -0.0141686521 -2.7500000000
5495 3.0756833864 -0.0480367983 -1.2500000000
5496 3.0657460793 -0.0901440317 -1.5000000000
5497 3.0618575839 -0.1066207071 -1.7500000000
5498 3.0607072436 -0.1114950302 -2.0000000000
5499 3.0618575839 -0.1066207071 -2.2500000000
5500 3.0657460793 -0.0901440317 -2.5000000000
5501 3.0756833864 -0.0480367983 -2.7500000000
5502 3.2658678647 -0.0194409947 -1.2500000000
5503 3.2740841422 0.0230356101 -1.5000000000
5504 3.2772991941 0.0396568216 -1.7500000000
5505 3.2782503084 0.0445739030 -2.0000000000
5506 3.2772991941 0.0396568216 -2.2500000000
5507 3.2740841422 0.0230356101 -2.5000000000
5508 3.2658678647 -0.0194409947 -2.7500000000
5509 3.2592592593 -0.0536062378 -1.2500000000
5510 3.2592592593 -0.0536062378 -1.5000000000
5511 3.2592592593 -0.0536062378 -1.7500000000
5512 3.2592592593 -0.0536062378 -2.0000000000
5513 3.2592592593 -0.0536062378 -2.2500000000
5514 3.2592592593 -0.0536062378 -2.5000000000
5515 3.2592592593 -0.0536062378 -2.7500000000
5516 3.2526506538 -0.0877714809 -1.2500000000
5517 3.2444343763 -0.1302480857 -1.5000000000
5518 3.2412193244 -0.1468692972 -1.7500000000
5519 3.2402682101 -0.1517863786 -2.0000000000
5520 3.2412193244 -0.1468692972 -2.2500000000
5521 3.2444343763 -0.1302480857 -2.5000000000
5522 3.2526506538 -0.0877714809 -2.7500000000
5523 3.4639289888 -0.0523511618 -1.2500000000
5524 3.4693936320 -0.0094337196 -1.5000000000
5525 3.4715319619 0.0073599928 -1.7500000000
5526 3.4721645476 0.0123281054 -2.0000000000
5527 3.4715319619 0.0073599928 -2.2500000000
5528 3.4693936320 -0.0094337196 -2.5000000000
5529 3.4639289888 -0.0523511618 -2.7500000000
5530 3.4595336077 -0.0868709840 -1.2500000000
5531 3.4595336077 -0.0868709840 -1.5000000000
5532 3.4595336077 -0.0868709840 -1.7500000000
5533 3.4595336077 -0.0868709840 -2.0000000000
5534 3.4595336077 -0.0868709840 -2.2500000000
5535 3.4595336077 -0.0868709840 -2.5000000000
5536 3.4595336077 -0.0868709840 -2.7500000000
5537 3.4551382266 -0.1213908062 -1.2500000000
5538 3.4496735833 -0.1643082485 -1.5000000000
5539 3.4475352535 -0.1811019609 -1.7500000000
5540 3.4469026677 -0.1860700735 -2.0000000000
5541 3.4475352535 -0.1811019609 -2.2500000000
5542 3.4496735833 -0.1643082485 -2.5000000000
5543 3.4551382266 -0.1213908062 -2.7500000000
5544 3.7029881532 -0.0751082778 -1.2500000000
5545 3.7055094214 -0.0319178578 -1.5000000000
5546 3.7064960005 -0.0150173284 -1.7500000000
5547 3.7067878619 -0.0100176159 -2.0000000000
5548 3.7064960005 -0.0150173284 -2.2500000000
5549 3.7055094214 -0.0319178578 -2.5000000000
5550 3.7029881532 -0.0751082778 -2.7500000000
5551 3.7009602195 -0.1098476644 -1.2500000000
5552 3.7009602195 -0.1098476644 -1.5000000000
5553 3.7009602195 -0.1098476644 -1.7500000000
5554 3.7009602195 -0.1098476644 -2.0000000000
5555 3.7009602195 -0.1098476644 -2.2500000000
5556 3.7009602195 -0.1098476644 -2.5000000000
5557 3.7009602195 -0.1098476644 -2.7500000000
5558 3.6989322857 -0.1445870511 -1.2500000000
5559 3.6964110176 -0.1877774711 -1.5000000000
5560 3.6954244384 -0.2046780004 -1.7500000000
5561 3.6951325771 -0.2096777129 -2.0000000000
5562 3.6954244384 -0.2046780004 -2.2500000000
5563 3.6964110176 -0.1877774711 -2.5000000000
5564 3.6989322857 -0.1445870511 -2.7500000000
5565 4.0000000000 -0.0836225254 -1.2500000000
5566 4.0000000000 -0.0403585777 -1.5000000000
5567 4.0000000000 -0.0234292767 -1.7500000000
5568 4.0000000000 -0.0184210526 -2.0000000000
5569 4.0000000000 -0.0234292767 -2.2500000000
5570 4.0000000000 -0.0403585777 -2.5000000000
5571 4.0000000000 -0.0836225254 -2.7500000000
5572 4.0000000000 -0.1184210526 -1.2500000000
5573 4.0000000000 -0.1184210526 -1.5000000000
5574 4.0000000000 -0.1184210526 -1.7500000000
5575 4.0000000000 -0.1184210526 -2.0000000000
5576 4.0000000000 -0.1184210526 -2.2500000000
5577 4.0000000000 -0.1184210526 -2.5000000000
5578 4.0000000000 -0.1184210526 -2.7500000000
5579 4.0000000000 -0.1532195799 -1.2500000000
5580 4.0000000000 -0.1964835276 -1.5000000000
5581 4.0000000000 -0.2134128286 -1.7500000000
5582 4.0000000000 -0.2184210526 -2.0000000000
5583 4.0000000000 -0.2134128286 -2.2500000000
5584 4.0000000000 -0.1964835276 -2.5000000000
5585 4.0000000000 -0.1532195799 -2.7500000000
5586 -4.0000000000 0.1532195799 0.7500000000
5587 -4.0000000000 0.1964835276 0.5000000000
5588 -4.0000000000 0.2134128286 0.2500000000
5589 -4.0000000000 0.2184210526 -0.0000000000
5590 -4.0000000000 0.2134128286 -0.2500000000
5591 -4.0000000000 0.1964835276 -0.5000000000
5592 -4.0000000000 0.1532195799 -0.7500000000
5593 -4.0000000000 0.1184210526 0.7500000000
5594 -4.0000000000 0.1184210526 0.5000000000
5595 -4.0000000000 0.1184210526 0.2500000000
5596 -4.0000000000 0.1184210526 -0.0000000000
5597 -4.0000000000 0.1184210526 -0.2500000000
5598 -4.0000000000 0.1184210526 -0.5000000000
5599 -4.0000000000 0.1184210526 -0.7500000000
5600 -4.0000000000 0.0836225254 0.7500000000
5601 -4.0000000000 0.0403585777 0.5000000000
5602 -4.0000000000 0.0234292767 0.2500000000
5603 -4.0000000000 0.0184210526 -0.0000000000
5604 -4.0000000000 0.0234292767 -0.2500000000
5605 -4.0000000000 0.0403585777 -0.5000000000
5606 -4.0000000000 0.0836225254 -0.7500000000
5607 -3.6989322857 0.1445870511 0.7500000000
5608 -3.6964110176 0.1877774711 0.5000000000
5609 -3.6954244384 0.2046780004 0.2500000000
5610 -3.6951325771 0.2096777129 -0.0000000000
5611 -3.6954244384 0.2046780004 -0.2500000000
5612 -3.6964110176 0.1877774711 -0.5000000000
5613 -3.6989322857 0.1445870511 -0.7500000000
5614 -3.7009602195 0.1098476644 0.7500000000
5615 -3.7009602195 0.1098476644 0.5000000000
5616 -3.7009602195 0.1098476644 0.2500000000
5617 -3.7009602195 0.1098476644 -0.0000000000
5618 -3.7009602195 0.1098476644 -0.2500000000
5619 -3.7009602195 0.1098476644 -0.5000000000
5620 -3.7009602195 0.1098476644 -0.7500000000
5621 -3.7029881532 0.0751082778 0.7500000000
5622 -3.7055094214 0.0319178578 0.5000000000
5623 -3.7064960005 0.0150173284 0.2500000000
5624 -3.7067878619 0.0100176159 -0.0000000000
5625 -3.7064960005 0.0150173284 -0.2500000000
5626 -3.7055094214 0.0319178578 -0.5000000000
5627 -3.7029881532 0.0751082778 -0.7500000000
5628 -3.4551382266 0.1213908062 0.7500000000
5629 -3.4496735833 0.1643082485 0.5000000000
5630 -3.4475352535 0.1811019609 0.2500000000
5631 -3.4469026677 0.1860700735 -0.0000000000
5632 -3.4475352535 0.1811019609 -0.2500000000
5633 -3.4496735833 0.1643082485 -0.5000000000
5634 -3.4551382266 0.1213908062 -0.7500000000
5635 -3.4595336077 0.0868709840 0.7500000000
5636 -3.4595336077 0.0868709840 0.5000000000
5637 -3.4595336077 0.0868709840 0.2500000000
5638 -3.4595336077 0.0868709840 -0.0000000000
5639 -3.4595336077 0.0868709840 -0.2500000000
5640 -3.4595336077 0.0868709840 -0.5000000000
5641 -3.4595336077 0.0868709840 -0.7500000000
5642 -3.4639289888 0.0523511618 0.7500000000
5643 -3.4693936320 0.0094337196 0.5000000000
5644 -3.4715319619 -0.0073599928 0.2500000000
5645 -3.4721645476 -0.0123281054 -0.0000000000
5646 -3.4715319619 -0.0073599928 -0.2500000000
5647 -3.4693936320 0.0094337196 -0.5000000000
5648 -3.4639289888 0.0523511618 -0.7500000000
5649 -3.2526506538 0.0877714809 0.7500000000
5650 -3.2444343763 0.1302480857 0.5000000000
5651 -3.2412193244 0.1468692972 0.2500000000
5652 -3.2402682101 0.1517863786 -0.0000000000
5653 -3.2412193244 0.1468692972 -0.2500000000
5654 -3.2444343763 0.1302480857 -0.5000000000
5655 -3.2526506538 0.0877714809 -0.7500000000
5656 -3.2592592593 0.0536062378 0.7500000000
5657 -3.2592592593 0.0536062378 0.5000000000
5658 -3.2592592593 0.0536062378 0.2500000000
5659 -3.2592592593 0.0536062378 -0.0000000000
5660 -3.2592592593 0.0536062378 -0.2500000000
5661 -3.2592592593 0.0536062378 -0.5000000000
5662 -3.2592592593 0.0536062378 -0.7500000000
5663 -3.2658678647 0.0194409947 0.7500000000
5664 -3.2740841422 -0.0230356101 0.5000000000
5665 -3.2772991941 -0.0396568216 0.2500000000
5666 -3.2782503084 -0.0445739030 -0.0000000000
5667 -3.2772991941 -0.0396568216 -0.2500000000
5668 -3.2740841422 -0.0230356101 -0.5000000000
5669 -3.2658678647 0.0194409947 -0.7500000000
5670 -3.0756833864 0.0480367983 0.7500000000
5671 -3.0657460793 0.0901440317 0.5000000000
5672 -3.0618575839 0.1066207071 0.2500000000
5673 -3.0607072436 0.1114950302 -0.0000000000
5674 -3.0618575839 0.1066207071 -0.2500000000
5675 -3.0657460793 0.0901440317 -0.5000000000
5676 -3.0756833864 0.0480367983 -0.7500000000
5677 -3.0836762689 0.0141686521 0.7500000000
5678 -3.0836762689 0.0141686521 0.5000000000
5679 -3.0836762689 0.0141686521 0.2500000000
5680 -3.0836762689 0.0141686521 -0.0000000000
5681 -3.0836762689 0.0141686521 -0.2500000000
5682 -3.0836762689 0.0141686521 -0.5000000000
5683 -3.0836762689 0.0141686521 -0.7500000000
5684 -3.0916691514 -0.0196994941 0.7500000000
5685 -3.1016064584 -0.0618067275 0.5000000000
5686 -3.1054949539 -0.0782834030 0.2500000000
5687 -3.1066452941 -0.0831577260 -0.0000000000
5688 -3.1054949539 -0.0782834030 -0.2500000000
5689 -3.1016064584 -0.0618067275 -0.5000000000
5690 -3.0916691514 -0.0196994941 -0.7500000000
5691 -2.9083308486 0.0065415994 0.7500000000
5692 -2.8983935416 0.0486488328 0.5000000000
5693 -2.8945050461 0.0651255082 0.2500000000
5694 -2.8933547059 0.0699998313 -0.0000000000
5695 -2.8945050461 0.0651255082 -0.2500000000
5696 -2.8983935416 0.0486488328 -0.5000000000
5697 -2.9083308486 0.0065415994 -0.7500000000
5698 -2.9163237311 -0.0273265468 0.7500000000
5699 -2.9163237311 -0.0273265468 0.5000000000
5700 -2.9163237311 -0.0273265468 0.2500000000
5701 -2.9163237311 -0.0273265468 -0.0000000000
5702 -2.9163237311 -0.0273265468 -0.2500000000
5703 -2.9163237311 -0.0273265468 -0.5000000000
5704 -2.9163237311 -0.0273265468 -0.7500000000
5705 -2.9243166136 -0.0611946931 0.7500000000
5706 -2.9342539207 -0.1033019264 0.5000000000
5707 -2.9381424161 -0.1197786019 0.2500000000
5708 -2.9392927564 -0.1246529249 -0.0000000000
5709 -2.9381424161 -0.1197786019 -0.2500000000
5710 -2.9342539207 -0.1033019264 -0.5000000000
5711 -2.9243166136 -0.0611946931 -0.7500000000
5712 -2.7341321353 -0.0325988895 0.7500000000
5713 -2.7259158578 0.0098777153 0.5000000000
5714 -2.7227008059 0.0264989269 0.2500000000
5715 -2.7217496916 0.0314160083 -0.0000000000
5716 -2.7227008059 0.0264989269 -0.2500000000
5717 -2.7259158578 0.0098777153 -0.5000000000
5718 -2.7341321353 -0.0325988895 -0.7500000000
5719 -2.7407407407 -0.0667641326 0.7500000000
5720 -2.7407407407 -0.0667641326 0.5000000000
5721 -2.7407407407 -0.0667641326 0.2500000000
5722 -2.7407407407 -0.0667641326 -0.0000000000
5723 -2.7407407407 -0.0667641326 -0.2500000000
5724 -2.7407407407 -0.0667641326 -0.5000000000
5725 -2.7407407407 -0.0667641326 -0.7500000000
5726 -2.7473493462 -0.1009293756 0.7500000000
5727 -2.7555656237 -0.1434059804 0.5000000000
5728 -2.7587806756 -0.1600271920 0.2500000000
5729 -2.7597317899 -0.1649442734 -0.0000000000
5730 -2.7587806756 -0.1600271920 -0.2500000000
5731 -2.7555656237 -0.1434059804 -0.5000000000
5732 -2.7473493462 -0.1009293756 -0.7500000000
5733 -2.5360710112 -0.0655090566 0.7500000000
5734 -2.5306063680 -0.0225916144 0.5000000000
5735 -2.5284680381 -0.0057979019 0.2500000000
5736 -2.5278354524 -0.0008297893 -0.0000000000
5737 -2.5284680381 -0.0057979019 -0.2500000000
5738 -2.5306063680 -0.0225916144 -0.5000000000
5739 -2.5360710112 -0.0655090566 -0.7500000000
5740 -2.5404663923 -0.1000288788 0.7500000000
5741 -2.5404663923 -0.1000288788 0.5000000000
5742 -2.5404663923 -0.1000288788 0.2500000000
5743 -2.5404663923 -0.1000288788 -0.0000000000
5744 -2.5404663923 -0.1000288788 -0.2500000000
5745 -2.5404663923 -0.1000288788 -0.5000000000
5746 -2.5404663923 -0.1000288788 -0.7500000000
5747 -2.5448617734 -0.1345487010 0.7500000000
5748 -2.5503264167 -0.1774661432 0.5000000000
5749 -2.5524647465 -0.1942598556 0.2500000000
5750 -2.5530973323 -0.1992279683 -0.0000000000
5751 -2.5524647465 -0.1942598556 -0.2500000000
5752 -2.5503264167 -0.1774661432 -0.5000000000
5753 -2.5448617734 -0.1345487010 -0.7500000000
5754 -2.2970118468 -0.0882661725 0.7500000000
5755 -2.2944905786 -0.0450757525 0.5000000000
5756 -2.2935039995 -0.0281752232 0.2500000000
5757 -2.2932121381 -0.0231755107 -0.0000000000
5758 -2.2935039995 -0.0281752232 -0.2500000000
5759 -2.2944905786 -0.0450757525 -0.5000000000
5760 -2.2970118468 -0.0882661725 -0.7500000000
5761 -2.2990397805 -0.1230055592 0.7500000000
5762 -2.2990397805 -0.1230055592 0.5000000000
5763 -2.2990397805 -0.1230055592 0.2500000000
5764 -2.2990397805 -0.1230055592 -0.0000000000
5765 -2.2990397805 -0.1230055592 -0.2500000000
5766 -2.2990397805 -0.1230055592 -0.5000000000
5767 -2.2990397805 -0.1230055592 -0.7500000000
5768 -2.3010677143 -0.1577449458 0.7500000000
5769 -2.3035889824 -0.2009353658 0.5000000000
5770 -2.3045755616 -0.2178358952 0.2500000000
5771 -2.3048674229 -0.2228356077 -0.0000000000
5772 -2.3045755616 -0.2178358952 -0.2500000000
5773 -2.3035889824 -0.2009353658 -0.5000000000
5774 -2.3010677143 -0.1577449458 -0.7500000000
5775 -2.0000000000 -0.0967804201 0.7500000000
5776 -2.0000000000 -0.0535164724 0.5000000000
5777 -2.0000000000 -0.0365871714 0.2500000000
5778 -2.0000000000 -0.0315789474 -0.0000000000
5779 -2.0000000000 -0.0365871714 -0.2500000000
5780 -2.0000000000 -0.0535164724 -0.5000000000
5781 -2.0000000000 -0.0967804201 -0.7500000000
5782 -2.0000000000 -0.1315789474 0.7500000000
5783 -2.0000000000 -0.1315789474 0.5000000000
5784 -2.0000000000 -0.1315789474 0.2500000000
5785 -2.0000000000 -0.1315789474 -0.0000000000
5786 -2.0000000000 -0.1315789474 -0.2500000000
5787 -2.0000000000 -0.1315789474 -0.5000000000
5788 -2.0000000000 -0.1315789474 -0.7500000000
5789 -2.0000000000 -0.1663774746 0.7500000000
5790 -2.0000000000 -0.2096414223 0.5000000000
5791 -2.0000000000 -0.2265707233 0.2500000000
5792 -2.0000000000 -0.2315789474 -0.0000000000
5793 -2.0000000000 -0.2265707233 -0.2500000000
5794 -2.0000000000 -0.2096414223 -0.5000000000
5795 -2.0000000000 -0.1663774746 -0.7500000000
5796 -1.7029881532 -0.0882661725 0.7500000000
5797 -1.7055094214 -0.0450757525 0.5000000000
5798 -1.7064960005 -0.0281752232 0.2500000000
5799 -1.7067878619 -0.0231755107 -0.0000000000
5800 -1.7064960005 -0.0281752232 -0.2500000000
5801 -1.7055094214 -0.0450757525 -0.5000000000
5802 -1.7029881532 -0.0882661725 -0.7500000000
5803 -1.7009602195 -0.1230055592 0.7500000000
5804 -1.7009602195 -0.1230055592 0.5000000000
5805 -1.7009602195 -0.1230055592 0.2500000000
5806 -1.7009602195 -0.1230055592 -0.0000000000
5807 -1.7009602195 -0.1230055592 -0.2500000000
5808 -1.7009602195 -0.1230055592 -0.5000000000
5809 -1.7009602195 -0.1230055592 -0.7500000000
5810 -1.6989322857 -0.1577449458 0.7500000000
5811 -1.6964110176 -0.2009353658 0.5000000000
5812 -1.6954244384 -0.2178358952 0.2500000000
5813 -1.6951325771 -0.2228356077 -0.0000000000
5814 -1.6954244384 -0.2178358952 -0.2500000000
5815 -1.6964110176 -0.2009353658 -0.5000000000
5816 -1.6989322857 -0.1577449458 -0.7500000000
5817 -1.4639289888 -0.0655090566 0.7500000000
5818 -1.4693936320 -0.0225916144 0.5000000000
5819 -1.4715319619 -0.0057979019 0.2500000000
5820 -1.4721645476 -0.0008297893 -0.0000000000
5821 -1.4715319619 -0.0057979019 -0.2500000000
5822 -1.4693936320 -0.0225916144 -0.5000000000
5823 -1.4639289888 -0.0655090566 -0.7500000000
5824 -1.4595336077 -0.1000288788 0.7500000000
5825 -1.4595336077 -0.1000288788 0.5000000000
5826 -1.4595336077 -0.1000288788 0.2500000000
5827 -1.4595336077 -0.1000288788 -0.0000000000
5828 -1.4595336077 -0.1000288788 -0.2500000000
5829 -1.4595336077 -0.1000288788 -0.5000000000
5830 -1.4595336077 -0.1000288788 -0.7500000000
5831 -1.4551382266 -0.1345487010 0.7500000000
5832 -1.4496735833 -0.1774661432 0.5000000000
5833 -1.4475352535 -0.1942598556 0.2500000000
5834 -1.4469026677 -0.1992279683 -0.0000000000
5835 -1.4475352535 -0.1942598556 -0.2500000000
5836 -1.4496735833 -0.1774661432 -0.5000000000
5837 -1.4551382266 -0.1345487010 -0.7500000000
5838 -1.2658678647 -0.0325988895 0.7500000000
5839 -1.2740841422 0.0098777153 0.5000000000
5840 -1.2772991941 0.0264989269 0.2500000000
5841 -1.2782503084 0.0314160083 -0.0000000000
5842 -1.2772991941 0.0264989269 -0.2500000000
5843 -1.2740841422 0.0098777153 -0.5000000000
5844 -1.2658678647 -0.0325988895 -0.7500000000
5845 -1.2592592593 -0.0667641326 0.7500000000
5846 -1.2592592593 -0.0667641326 0.5000000000
5847 -1.2592592593 -0.0667641326 0.2500000000
5848 -1.2592592593 -0.0667641326 -0.0000000000
5849 -1.2592592593 -0.0667641326 -0.2500000000
5850 -1.2592592593 -0.0667641326 -0.5000000000
5851 -1.2592592593 -0.0667641326 -0.7500000000
5852 -1.2526506538 -0.1009293756 0.7500000000
5853 -1.2444343763 -0.1434059804 0.5000000000
5854 -1.2412193244 -0.1600271920 0.2500000000
5855 -1.2402682101 -0.1649442734 -0.0000000000
5856 -1.2412193244 -0.1600271920 -0.2500000000
5857 -1.2444343763 -0.1434059804 -0.5000000000
5858 -1.2526506538 -0.1009293756 -0.7500000000
5859 -1.0916691514 0.0065415994 0.7500000000
5860 -1.1016064584 0.0486488328 0.5000000000
5861 -1.1054949539 0.0651255082 0.2500000000
5862 -1.1066452941 0.0699998313 -0.0000000000
5863 -1.1054949539 0.0651255082 -0.2500000000
5864 -1.1016064584 0.0486488328 -0.5000000000
5865 -1.0916691514 0.0065415994 -0.7500000000
5866 -1.0836762689 -0.0273265468 0.7500000000
5867 -1.0836762689 -0.0273265468 0.5000000000
5868 -1.0836762689 -0.0273265468 0.2500000000
5869 -1.0836762689 -0.0273265468 -0.0000000000
5870 -1.0836762689 -0.0273265468 -0.2500000000
5871 -1.0836762689 -0.0273265468 -0.5000000000
5872 -1.0836762689 -0.0273265468 -0.7500000000
5873 -1.0756833864 -0.0611946931 0.7500000000
5874 -1.0657460793 -0.1033019264 0.5000000000
5875 -1.0618575839 -0.1197786019 0.2500000000
5876 -1.0607072436 -0.1246529249 -0.0000000000
5877 -1.0618575839 -0.1197786019 -0.2500000000
5878 -1.0657460793 -0.1033019264 -0.5000000000
5879 -1.0756833864 -0.0611946931 -0.7500000000
5880 -0.9243166136 0.0480367983 0.7500000000
5881 -0.9342539207 0.0901440317 0.5000000000
5882 -0.9381424161 0.1066207071 0.2500000000
5883 -0.9392927564 0.1114950302 -0.0000000000
5884 -0.9381424161 0.1066207071 -0.2500000000
5885 -0.9342539207 0.0901440317 -0.5000000000
5886 -0.9243166136 0.0480367983 -0.7500000000
5887 -0.9163237311 0.0141686521 0.7500000000
5888 -0.9163237311 0.0141686521 0.5000000000
5889 -0.9163237311 0.0141686521 0.2500000000
5890 -0.9163237311 0.0141686521 -0.0000000000
5891 -0.9163237311 0.0141686521 -0.2500000000
5892 -0.9163237311 0.0141686521 -0.5000000000
5893 -0.9163237311 0.0141686521 -0.7500000000
5894 -0.9083308486 -0.0196994941 0.7500000000
5895 -0.8983935416 -0.0618067275 0.5000000000
5896 -0.8945050461 -0.0782834030 0.2500000000
5897 -0.8933547059 -0.0831577260 -0.0000000000
5898 -0.8945050461 -0.0782834030 -0.2500000000
5899 -0.8983935416 -0.0618067275 -0.5000000000
5900 -0.9083308486 -0.0196994941 -0.7500000000
5901 -0.7473493462 0.0877714809 0.7500000000
5902 -0.7555656237 0.1302480857 0.5000000000
5903 -0.7587806756 0.1468692972 0.2500000000
5904 -0.7597317899 0.1517863786 -0.0000000000
5905 -0.7587806756 0.1468692972 -0.2500000000
5906 -0.7555656237 0.1302480857 -0.5000000000
5907 -0.7473493462 0.0877714809 -0.7500000000
5908 -0.7407407407 0.0536062378 0.7500000000
5909 -0.7407407407 0.0536062378 0.5000000000
5910 -0.7407407407 0.0536062378 0.2500000000
5911 -0.7407407407 0.0536062378 -0.0000000000
5912 -0.7407407407 0.0536062378 -0.2500000000
5913 -0.7407407407 0.0536062378 -0.5000000000
5914 -0.7407407407 0.0536062378 -0.7500000000
5915 -0.7341321353 0.0194409947 0.7500000000
5916 -0.7259158578 -0.0230356101 0.5000000000
5917 -0.7227008059 -0.0396568216 0.2500000000
5918 -0.7217496916 -0.0445739030 -0.0000000000
5919 -0.7227008059 -0.0396568216 -0.2500000000
5920 -0.7259158578 -0.0230356101 -0.5000000000
5921 -0.7341321353 0.0194409947 -0.7500000000
5922 -0.5448617734 0.1213908062 0.7500000000
5923 -0.5503264167 0.1643082485 0.5000000000
5924 -0.5524647465 0.1811019609 0.2500000000
5925 -0.5530973323 0.1860700735 -0.0000000000
5926 -0.5524647465 0.1811019609 -0.2500000000
5927 -0.5503264167 0.1643082485 -0.5000000000
5928 -0.5448617734 0.1213908062 -0.7500000000
5929 -0.5404663923 0.0868709840 0.7500000000
5930 -0.5404663923 0.0868709840 0.5000000000
5931 -0.5404663923 0.0868709840 0.2500000000
5932 -0.5404663923 0.0868709840 -0.0000000000
5933 -0.5404663923 0.0868709840 -0.2500000000
5934 -0.5404663923 0.0868709840 -0.5000000000
5935 -0.5404663923 0.0868709840 -0.7500000000
5936 -0.5360710112 0.0523511618 0.7500000000
5937 -0.5306063680 0.0094337196 0.5000000000
5938 -0.5284680381 -0.0073599928 0.2500000000
5939 -0.5278354524 -0.0123281054 -0.0000000000
5940 -0.5284680381 -0.0073599928 -0.2500000000
5941 -0.5306063680 0.0094337196 -0.5000000000
5942 -0.5360710112 0.0523511618 -0.7500000000
5943 -0.3010677143 0.1445870511 0.7500000000
5944 -0.3035889824 0.1877774711 0.5000000000
5945 -0.3045755616 0.2046780004 0.2500000000
5946 -0.3048674229 0.2096777129 -0.0000000000
5947 -0.3045755616 0.2046780004 -0.2500000000
5948 -0.3035889824 0.1877774711 -0.5000000000
5949 -0.3010677143 0.1445870511 -0.7500000000
5950 -0.2990397805 0.1098476644 0.7500000000
5951 -0.2990397805 0.1098476644 0.5000000000
5952 -0.2990397805 0.1098476644 0.2500000000
5953 -0.2990397805 0.1098476644 -0.0000000000
5954 -0.2990397805 0.1098476644 -0.2500000000
5955 -0.2990397805 0.1098476644 -0.5000000000
5956 -0.2990397805 0.1098476644 -0.7500000000
5957 -0.2970118468 0.0751082778 0.7500000000
5958 -0.2944905786 0.0319178578 0.5000000000
5959 -0.2935039995 0.0150173284 0.2500000000
5960 -0.2932121381 0.0100176159 -0.0000000000
5961 -0.2935039995 0.0150173284 -0.2500000000
5962 -0.2944905786 0.0319178578 -0.5000000000
5963 -0.2970118468 0.0751082778 -0.7500000000
5964 -0.0000000000 0.1532195799 0.7500000000
5965 -0.0000000000 0.1964835276 0.5000000000
5966 -0.0000000000 0.2134128286 0.2500000000
5967 -0.0000000000 0.2184210526 -0.0000000000
5968 -0.0000000000 0.2134128286 -0.2500000000
5969 -0.0000000000 0.1964835276 -0.5000000000
5970 -0.0000000000 0.1532195799 -0.7500000000
5971 -0.0000000000 0.1184210526 0.7500000000
5972 -0.0000000000 0.1184210526 0.5000000000
5973 -0.0000000000 0.1184210526 0.2500000000
5974 -0.0000000000 0.1184210526 -0.0000000000
5975 -0.0000000000 0.1184210526 -0.2500000000
5976 -0.0000000000 0.1184210526 -0.5000000000
5977 -0.0000000000 0.1184210526 -0.7500000000
5978 -0.0000000000 0.0836225254 0.7500000000
5979 -0.0000000000 0.0403585777 0.5000000000
5980 -0.0000000000 0.0234292767 0.2500000000
5981 -0.0000000000 0.0184210526 -0.0000000000
5982 -0.0000000000 0.0234292767 -0.2500000000
5983 -0.0000000000 0.0403585777 -0.5000000000
5984 -0.0000000000 0.0836225254 -0.7500000000
5985 -0.0000000000 0.1532195799 0.7500000000
5986 -0.0000000000 0.1964835276 0.5000000000
5987 -0.0000000000 0.2134128286 0.2500000000
5988 -0.0000000000 0.2184210526 -0.0000000000
5989 -0.0000000000 0.2134128286 -0.2500000000
5990 -0.0000000000 0.1964835276 -0.5000000000
5991 -0.0000000000 0.1532195799 -0.7500000000
5992 -0.0000000000 0.1184210526 0.7500000000
5993 -0.0000000000 0.1184210526 0.5000000000
5994 -0.0000000000 0.1184210526 0.2500000000
5995 -0.0000000000 0.1184210526 -0.0000000000
5996 -0.0000000000 0.1184210526 -0.2500000000
5997 -0.0000000000 0.1184210526 -0.5000000000
5998 -0.0000000000 0.1184210526 -0.7500000000
5999 -0.0000000000 0.0836225254 0.7500000000
6000 -0.0000000000 0.0403585777 0.5000000000
6001 -0.0000000000 0.0234292767 0.2500000000
6002 -0.0000000000 0.0184210526 -0.0000000000
6003 -0.0000000000 0.0234292767 -0.2500000000
6004 -0.0000000000 0.0403585777 -0.5000000000
6005 -0.0000000000 0.0836225254 -0.7500000000
6006 0.3010677143 0.1445870511 0.7500000000
6007 0.3035889824 0.1877774711 0.5000000000
6008 0.3045755616 0.2046780004 0.2500000000
6009 0.3048674229 0.2096777129 -0.0000000000
6010 0.3045755616 0.2046780004 -0.2500000000
6011 0.3035889824 0.1877774711 -0.5000000000
6012 0.3010677143 0.1445870511 -0.7500000000
6013 0.2990397805 0.1098476644 0.7500000000
6014 0.2990397805 0.1098476644 0.5000000000
6015 0.2990397805 0.1098476644 0.2500000000
6016 0.2990397805 0.1098476644 -0.0000000000
6017 0.2990397805 0.1098476644 -0.2500000000
6018 0.2990397805 0.1098476644 -0.5000000000
6019 0.2990397805 0.1098476644 -0.7500000000
6020 0.2970118468 0.0751082778 0.7500000000
6021 0.2944905786 0.0319178578 0.5000000000
6022 0.2935039995 0.0150173284 0.2500000000
6023 0.2932121381 0.0100176159 -0.0000000000
6024 0.2935039995 0.0150173284 -0.2500000000
6025 0.2944905786 0.0319178578 -0.5000000000
6026 0.2970118468 0.0751082778 -0.7500000000
6027 0.5448617734 0.1213908062 0.7500000000
6028 0.5503264167 0.1643082485 0.5000000000
6029 0.5524647465 0.1811019609 0.2500000000
6030 0.5530973323 0.1860700735 -0.0000000000
6031 0.5524647465 0.1811019609 -0.2500000000
6032 0.5503264167 0.1643082485 -0.5000000000
6033 0.5448617734 0.1213908062 -0.7500000000
6034 0.5404663923 0.0868709840 0.7500000000
6035 0.5404663923 0.0868709840 0.5000000000
6036 0.5404663923 0.0868709840 0.2500000000
6037 0.5404663923 0.0868709840 -0.0000000000
6038 0.5404663923 0.0868709840 -0.2500000000
6039 0.5404663923 0.0868709840 -0.5000000000
6040 0.5404663923 0.0868709840 -0.7500000000
6041 0.5360710112 0.0523511618 0.7500000000
6042 0.5306063680 0.0094337196 0.5000000000
6043 0.5284680381 -0.0073599928 0.2500000000
6044 0.5278354524 -0.0123281054 -0.0000000000
6045 0.5284680381 -0.0073599928 -0.2500000000
6046 0.5306063680 0.0094337196 -0.5000000000
6047 0.5360710112 0.0523511618 -0.7500000000
6048 0.7473493462 0.0877714809 0.7500000000
6049 0.7555656237 0.1302480857 0.5000000000
6050 0.7587806756 0.1468692972 0.2500000000
6051 0.7597317899 0.1517863786 -0.0000000000
6052 0.7587806756 0.1468692972 -0.2500000000
6053 0.7555656237 0.1302480857 -0.5000000000
6054 0.7473493462 0.0877714809 -0.7500000000
6055 0.7407407407 0.0536062378 0.7500000000
6056 0.7407407407 0.0536062378 0.5000000000
6057 0.7407407407 0.0536062378 0.2500000000
6058 0.7407407407 0.0536062378 -0.0000000000
6059 0.7407407407 0.0536062378 -0.2500000000
6060 0.7407407407 0.0536062378 -0.5000000000
6061 0.7407407407 0.0536062378 -0.7500000000
6062 0.7341321353 0.0194409947 0.7500000000
6063 0.7259158578 -0.0230356101 0.5000000000
6064 0.7227008059 -0.0396568216 0.2500000000
6065 0.7217496916 -0.0445739030 -0.0000000000
6066 0.7227008059 -0.0396568216 -0.2500000000
6067 0.7259158578 -0.0230356101 -0.5000000000
6068 0.7341321353 0.0194409947 -0.7500000000
6069 0.9243166136 0.0480367983 0.7500000000
6070 0.9342539207 0.0901440317 0.5000000000
6071 0.9381424161 0.1066207071 0.2500000000
6072 0.9392927564 0.1114950302 -0.0000000000
6073 0.9381424161 0.1066207071 -0.2500000000
6074 0.9342539207 0.0901440317 -0.5000000000
6075 0.9243166136 0.0480367983 -0.7500000000
6076 0.9163237311 0.0141686521 0.7500000000
6077 0.9163237311 0.0141686521 0.5000000000
6078 0.9163237311 0.0141686521 0.2500000000
6079 0.9163237311 0.0141686521 -0.0000000000
6080 0.9163237311 0.0141686521 -0.2500000000
6081 0.9163237311 0.0141686521 -0.5000000000
6082 0.9163237311 0.0141686521 -0.7500000000
6083 0.9083308486 -0.0196994941 0.7500000000
6084 0.8983935416 -0.0618067275 0.5000000000
6085 0.8945050461 -0.0782834030 0.2500000000
6086 0.8933547059 -0.0831577260 -0.0000000000
6087 0.8945050461 -0.0782834030 -0.2500000000
6088 0.8983935416 -0.0618067275 -0.5000000000
6089 0.9083308486 -0.0196994941 -0.7500000000
6090 1.0916691514 0.0065415994 0.7500000000
6091 1.1016064584 0.0486488328 0.5000000000
6092 1.1054949539 0.0651255082 0.2500000000
6093 1.1066452941 0.0699998313 -0.0000000000
6094 1.1054949539 0.0651255082 -0.2500000000
6095 1.1016064584 0.0486488328 -0.5000000000
6096 1.0916691514 0.0065415994 -0.7500000000
6097 1.0836762689 -0.0273265468 0.7500000000
6098 1.0836762689 -0.0273265468 0.5000000000
6099 1.0836762689 -0.0273265468 0.2500000000
6100 1.0836762689 -0.0273265468 -0.0000000000
6101 1.0836762689 -0.0273265468 -0.2500000000
6102 1.0836762689 -0.0273265468 -0.5000000000
6103 1.0836762689 -0.0273265468 -0.7500000000
6104 1.0756833864 -0.0611946931 0.7500000000
6105 1.0657460793 -0.1033019264 0.5000000000
6106 1.0618575839 -0.1197786019 0.2500000000
6107 1.0607072436 -0.1246529249 -0.0000000000
6108 1.0618575839 -0.1197786019 -0.2500000000
6109 1.0657460793 -0.1033019264 -0.5000000000
6110 1.0756833864 -0.0611946931 -0.7500000000
6111 1.2658678647 -0.0325988895 0.7500000000
6112 1.2740841422 0.0098777153 0.5000000000
6113 1.2772991941 0.0264989269 0.2500000000
6114 1.2782503084 0.0314160083 -0.0000000000
6115 1.2772991941 0.0264989269 -0.2500000000
6116 1.2740841422 0.0098777153 -0.5000000000
6117 1.2658678647 -0.0325988895 -0.7500000000
6118 1.2592592593 -0.0667641326 0.7500000000
6119 1.2592592593 -0.0667641326 0.5000000000
6120 1.2592592593 -0.0667641326 0.2500000000
6121 1.2592592593 -0.0667641326 -0.0000000000
6122 1.2592592593 -0.0667641326 -0.2500000000
6123 1.2592592593 -0.0667641326 -0.5000000000
6124 1.2592592593 -0.0667641326 -0.7500000000
6125 1.2526506538 -0.1009293756 0.7500000000
6126 1.2444343763 -0.1434059804 0.5000000000
6127 1.2412193244 -0.1600271920 0.2500000000
6128 1.2402682101 -0.1649442734 -0.0000000000
6129 1.2412193244 -0.1600271920 -0.2500000000
6130 1.2444343763 -0.1434059804 -0.5000000000
6131 1.2526506538 -0.1009293756 -0.7500000000
6132 1.4639289888 -0.0655090566 0.7500000000
6133 1.4693936320 -0.0225916144 0.5000000000
6134 1.4715319619 -0.0057979019 0.2500000000
6135 1.4721645476 -0.0008297893 -0.0000000000
6136 1.4715319619 -0.0057979019 -0.2500000000
6137 1.4693936320 -0.0225916144 -0.5000000000
6138 1.4639289888 -0.0655090566 -0.7500000000
6139 1.4595336077 -0.1000288788 0.7500000000
6140 1.4595336077 -0.1000288788 0.5000000000
6141 1.4595336077 -0.1000288788 0.2500000000
6142 1.4595336077 -0.1000288788 -0.0000000000
6143 1.4595336077 -0.1000288788 -0.2500000000
6144 1.4595336077 -0.1000288788 -0.5000000000
6145 1.4595336077 -0.1000288788 -0.7500000000
6146 1.4551382266 -0.1345487010 0.7500000000
6147 1.4496735833 -0.1774661432 0.5000000000
6148 1.4475352535 -0.1942598556 0.2500000000
6149 1.4469026677 -0.1992279683 -0.0000000000
6150 1.4475352535 -0.1942598556 -0.2500000000
6151 1.4496735833 -0.1774661432 -0.5000000000
6152 1.4551382266 -0.1345487010 -0.7500000000
6153 1.7029881532 -0.0882661725 0.7500000000
6154 1.7055094214 -0.0450757525 0.5000000000
6155 1.7064960005 -0.0281752232 0.2500000000
6156 1.7067878619 -0.0231755107 -0.0000000000
6157 1.7064960005 -0.0281752232 -0.2500000000
6158 1.7055094214 -0.0450757525 -0.5000000000
6159 1.7029881532 -0.0882661725 -0.7500000000
6160 1.7009602195 -0.1230055592 0.7500000000
6161 1.7009602195 -0.1230055592 0.5000000000
6162 1.7009602195 -0.1230055592 0.2500000000
6163 1.7009602195 -0.1230055592 -0.0000000000
6164 1.7009602195 -0.1230055592 -0.2500000000
6165 1.7009602195 -0.1230055592 -0.5000000000
6166 1.7009602195 -0.1230055592 -0.7500000000
6167 1.6989322857 -0.1577449458 0.7500000000
6168 1.6964110176 -0.2009353658 0.5000000000
6169 1.6954244384 -0.2178358952 0.2500000000
6170 1.6951325771 -0.2228356077 -0.0000000000
6171 1.6954244384 -0.2178358952 -0.2500000000
6172 1.6964110176 -0.2009353658 -0.5000000000
6173 1.6989322857 -0.1577449458 -0.7500000000
6174 2.0000000000 -0.0967804201 0.7500000000
6175 2.0000000000 -0.0535164724 0.5000000000
6176 2.0000000000 -0.0365871714 0.2500000000
6177 2.0000000000 -0.0315789474 -0.0000000000
6178 2.0000000000 -0.0365871714 -0.2500000000
6179 2.0000000000 -0.0535164724 -0.5000000000
6180 2.0000000000 -0.0967804201 -0.7500000000
6181 2.0000000000 -0.1315789474 0.7500000000
6182 2.0000000000 -0.1315789474 0.5000000000
6183 2.0000000000 -0.1315789474 0.2500000000
6184 2.0000000000 -0.1315789474 -0.0000000000
6185 2.0000000000 -0.1315789474 -0.2500000000
6186 2.0000000000 -0.1315789474 -0.5000000000
6187 2.0000000000 -0.1315789474 -0.7500000000
6188 2.0000000000 -0.1663774746 0.7500000000
6189 2.0000000000 -0.2096414223 0.5000000000
6190 2.0000000000 -0.2265707233 0.2500000000
6191 2.0000000000 -0.2315789474 -0.0000000000
6192 2.0000000000 -0.2265707233 -0.2500000000
6193 2.0000000000 -0.2096414223 -0.5000000000
6194 2.0000000000 -0.1663774746 -0.7500000000
6195 2.2970118468 -0.0882661725 0.7500000000
6196 2.2944905786 -0.0450757525 0.5000000000
6197 2.2935039995 -0.0281752232 0.2500000000
6198 2.2932121381 -0.0231755107 -0.0000000000
6199 2.2935039995 -0.0281752232 -0.2500000000
6200 2.2944905786 -0.0450757525 -0.5000000000
6201 2.2970118468 -0.0882661725 -0.7500000000
6202 2.2990397805 -0.1230055592 0.7500000000
6203 2.2990397805 -0.1230055592 0.5000000000
6204 2.2990397805 -0.1230055592 0.2500000000
6205 2.2990397805 -0.1230055592 -0.0000000000
6206 2.2990397805 -0.1230055592 -0.2500000000
6207 2.2990397805 -0.1230055592 -0.5000000000
6208 2.2990397805 -0.1230055592 -0.7500000000
6209 2.3010677143 -0.1577449458 0.7500000000
6210 2.3035889824 -0.2009353658 0.5000000000
6211 2.3045755616 -0.2178358952 0.2500000000
6212 2.3048674229 -0.2228356077 -0.0000000000
6213 2.3045755616 -0.2178358952 -0.2500000000
6214 2.3035889824 -0.2009353658 -0.5000000000
6215 2.3010677143 -0.1577449458 -0.7500000000
6216 2.5360710112 -0.0655090566 0.7500000000
6217 2.5306063680 -0.0225916144 0.5000000000
6218 2.5284680381 -0.0057979019 0.2500000000
6219 2.5278354524 -0.0008297893 -0.0000000000
6220 2.5284680381 -0.0057979019 -0.2500000000
6221 2.5306063680 -0.0225916144 -0.5000000000
6222 2.5360710112 -0.0655090566 -0.7500000000
6223 2.5404663923 -0.1000288788 0.7500000000
6224 2.5404663923 -0.1000288788 0.5000000000
6225 2.5404663923 -0.1000288788 0.2500000000
6226 2.5404663923 -0.1000288788 -0.0000000000
6227 2.5404663923 -0.1000288788 -0.2500000000
6228 2.5404663923 -0.1000288788 -0.5000000000
6229 2.5404663923 -0.1000288788 -0.7500000000
6230 2.5448617734 -0.1345487010 0.7500000000
6231 2.5503264167 -0.1774661432 0.5000000000
6232 2.5524647465 -0.1942598556 0.2500000000
6233 2.5530973323 -0.1992279683 -0.0000000000
6234 2.5524647465 -0.1942598556 -0.2500000000
6235 2.5503264167 -0.1774661432 -0.5000000000
6236 2.5448617734 -0.1345487010 -0.7500000000
6237 2.7341321353 -0.0325988895 0.7500000000
6238 2.7259158578 0.0098777153 0.5000000000
6239 2.7227008059 0.0264989269 0.2500000000
6240 2.7217496916 0.0314160083 -0.0000000000
6241 2.7227008059 0.0264989269 -0.2500000000
6242 2.7259158578 0.0098777153 -0.5000000000
6243 2.7341321353 -0.0325988895 -0.7500000000
6244 2.7407407407 -0.0667641326 0.7500000000
6245 2.7407407407 -0.0667641326 0.5000000000
6246 2.7407407407 -0.0667641326 0.2500000000
6247 2.7407407407 -0.0667641326 -0.0000000000
6248 2.7407407407 -0.0667641326 -0.2500000000
6249 2.7407407407 -0.0667641326 -0.5000000000
6250 2.7407407407 -0.0667641326 -0.7500000000
6251 2.7473493462 -0.1009293756 0.7500000000
6252 2.7555656237 -0.1434059804 0.5000000000
6253 2.7587806756 -0.1600271920 0.2500000000
6254 2.7597317899 -0.1649442734 -0.0000000000
6255 2.7587806756 -0.1600271920 -0.2500000000
6256 2.7555656237 -0.1434059804 -0.5000000000
6257 2.7473493462 -0.1009293756 -0.7500000000
6258 2.9083308486 0.0065415994 0.7500000000
6259 2.8983935416 0.0486488328 0.5000000000
6260 2.8945050461 0.0651255082 0.2500000000
6261 2.8933547059 0.0699998313 -0.0000000000
6262 2.8945050461 0.0651255082 -0.2500000000
6263 2.8983935416 0.0486488328 -0.5000000000
6264 2.9083308486 0.0065415994 -0.7500000000
6265 2.9163237311 -0.0273265468 0.7500000000
6266 2.9163237311 -0.0273265468 0.5000000000
6267 2.9163237311 -0.0273265468 0.2500000000
6268 2.9163237311 -0.0273265468 -0.0000000000
6269 2.9163237311 -0.0273265468 -0.2500000000
6270 2.9163237311 -0.0273265468 -0.5000000000
6271 2.9163237311 -0.0273265468 -0.7500000000
6272 2.9243166136 -0.0611946931 0.7500000000
6273 2.9342539207 -0.1033019264 0.5000000000
6274 2.9381424161 -0.1197786019 0.2500000000
6275 2.9392927564 -0.1246529249 -0.0000000000
6276 2.9381424161 -0.1197786019 -0.2500000000
6277 2.9342539207 -0.1033019264 -0.5000000000
6278 2.9243166136 -0.0611946931 -0.7500000000
6279 3.0756833864 0.0480367983 0.7500000000
6280 3.0657460793 0.0901440317 0.5000000000
6281 3.0618575839 0.1066207071 0.2500000000
6282 3.0607072436 0.1114950302 -0.0000000000
6283 3.0618575839 0.1066207071 -0.2500000000
6284 3.0657460793 0.0901440317 -0.5000000000
6285 3.0756833864 0.0480367983 -0.7500000000
6286 3.0836762689 0.0141686521 0.7500000000
6287 3.0836762689 0.0141686521 0.5000000000
6288 3.0836762689 0.0141686521 0.2500000000
6289 3.0836762689 0.0141686521 -0.0000000000
6290 3.0836762689 0.0141686521 -0.2500000000
6291 3.0836762689 0.0141686521 -0.5000000000
6292 3.0836762689 0.0141686521 -0.7500000000
6293 3.0916691514 -0.0196994941 0.7500000000
6294 3.1016064584 -0.0618067275 0.5000000000
6295 3.1054949539 -0.0782834030 0.2500000000
6296 3.1066452941 -0.0831577260 -0.0000000000
6297 3.1054949539 -0.0782834030 -0.2500000000
6298 3.1016064584 -0.0618067275 -0.5000000000
6299 3.0916691514 -0.0196994941 -0.7500000000
6300 3.2526506538 0.0877714809 0.7500000000
6301 3.2444343763 0.1302480857 0.5000000000
6302 3.2412193244 0.1468692972 0.2500000000
6303 3.2402682101 0.1517863786 -0.0000000000
6304 3.2412193244 0.1468692972 -0.2500000000
6305 3.2444343763 0.1302480857 -0.5000000000
6306 3.2526506538 0.0877714809 -0.7500000000
6307 3.2592592593 0.0536062378 0.7500000000
6308 3.2592592593 0.0536062378 0.5000000000
6309 3.2592592593 0.0536062378 0.2500000000
6310 3.2592592593 0.0536062378 -0.0000000000
6311 3.2592592593 0.0536062378 -0.2500000000
6312 3.2592592593 0.0536062378 -0.5000000000
6313 3.2592592593 0.0536062378 -0.7500000000
6314 3.2658678647 0.0194409947 0.7500000000
6315 3.2740841422 -0.0230356101 0.5000000000
6316 3.2772991941 -0.0396568216 0.2500000000
6317 3.2782503084 -0.0445739030 -0.0000000000
6318 3.2772991941 -0.0396568216 -0.2500000000
6319 3.2740841422 -0.0230356101 -0.5000000000
6320 3.2658678647 0.0194409947 -0.7500000000
6321 3.4551382266 0.1213908062 0.7500000000
6322 3.4496735833 0.1643082485 0.5000000000
6323 3.4475352535 0.1811019609 0.2500000000
6324 3.4469026677 0.1860700735 -0.0000000000
6325 3.4475352535 0.1811019609 -0.2500000000
6326 3.4496735833 0.1643082485 -0.5000000000
6327 3.4551382266 0.1213908062 -0.7500000000
6328 3.4595336077 0.0868709840 0.7500000000
6329 3.4595336077 0.0868709840 0.5000000000
6330 3.4595336077 0.0868709840 0.2500000000
6331 3.4595336077 0.0868709840 -0.0000000000
6332 3.4595336077 0.0868709840 -0.2500000000
6333 3.4595336077 0.0868709840 -0.5000000000
6334 3.4595336077 0.0868709840 -0.7500000000
6335 3.4639289888 0.0523511618 0.7500000000
6336 3.4693936320 0.0094337196 0.5000000000
6337 3.4715319619 -0.0073599928 0.2500000000
6338 3.4721645476 -0.0123281054 -0.0000000000
6339 3.4715319619 -0.0073599928 -0.2500000000
6340 3.4693936320 0.0094337196 -0.5000000000
6341 3.4639289888 0.0523511618 -0.7500000000
6342 3.6989322857 0.1445870511 0.7500000000
6343 3.6964110176 0.1877774711 0.5000000000
6344 3.6954244384 0.2046780004 0.2500000000
6345 3.6951325771 0.2096777129 -0.0000000000
6346 3.6954244384 0.2046780004 -0.2500000000
6347 3.6964110176 0.1877774711 -0.5000000000
6348 3.6989322857 0.1445870511 -0.7500000000
6349 3.7009602195 0.1098476644 0.7500000000
6350 3.7009602195 0.1098476644 0.5000000000
6351 3.7009602195 0.1098476644 0.2500000000
6352 3.7009602195 0.1098476644 -0.0000000000
6353 3.7009602195 0.1098476644 -0.2500000000
6354 3.7009602195 0.1098476644 -0.5000000000
6355 3.7009602195 0.1098476644 -0.7500000000
6356 3.7029881532 0.0751082778 0.7500000000
6357 3.7055094214 0.0319178578 0.5000000000
6358 3.7064960005 0.0150173284 0.2500000000
6359 3.7067878619 0.0100176159 -0.0000000000
6360 3.7064960005 0.0150173284 -0.2500000000
6361 3.7055094214 0.0319178578 -0.5000000000
6362 3.7029881532 0.0751082778 -0.7500000000
6363 4.0000000000 0.1532195799 0.7500000000
6364 4.0000000000 0.1964835276 0.5000000000
6365 4.0000000000 0.2134128286 0.2500000000
6366 4.0000000000 0.2184210526 -0.0000000000
6367 4.0000000000 0.2134128286 -0.2500000000
6368 4.0000000000 0.1964835276 -0.5000000000
6369 4.0000000000 0.1532195799 -0.7500000000
6370 4.0000000000 0.1184210526 0.7500000000
6371 4.0000000000 0.1184210526 0.5000000000
6372 4.0000000000 0.1184210526 0.2500000000
6373 4.0000000000 0.1184210526 -0.0000000000
6374 4.0000000000 0.1184210526 -0.2500000000
6375 4.0000000000 0.1184210526 -0.5000000000
6376 4.0000000000 0.1184210526 -0.7500000000
6377 4.0000000000 0.0836225254 0.7500000000
6378 4.0000000000 0.0403585777 0.5000000000
6379 4.0000000000 0.0234292767 0.2500000000
6380 4.0000000000 0.0184210526 -0.0000000000
6381 4.0000000000 0.0234292767 -0.2500000000
6382 4.0000000000 0.0403585777 -0.5000000000
6383 4.0000000000 0.0836225254 -0.7500000000
6384 -4.0000000000 -0.0836225254 2.7500000000
6385 -4.0000000000 -0.0403585777 2.5000000000
6386 -4.0000000000 -0.0234292767 2.2500000000
6387 -4.0000000000 -0.0184210526 2.0000000000
6388 -4.0000000000 -0.0234292767 1.7500000000
6389 -4.0000000000 -0.0403585777 1.5000000000
6390 -4.0000000000 -0.0836225254 1.2500000000
6391 -4.0000000000 -0.1184210526 2.7500000000
6392 -4.0000000000 -0.1184210526 2.5000000000
6393 -4.0000000000 -0.1184210526 2.2500000000
6394 -4.0000000000 -0.1184210526 2.0000000000
6395 -4.0000000000 -0.1184210526 1.7500000000
6396 -4.0000000000 -0.1184210526 1.5000000000
6397 -4.0000000000 -0.1184210526 1.2500000000
6398 -4.0000000000 -0.1532195799 2.7500000000
6399 -4.0000000000 -0.1964835276 2.5000000000
6400 -4.0000000000 -0.2134128286 2.2500000000
6401 -4.0000000000 -0.2184210526 2.0000000000
6402 -4.0000000000 -0.2134128286 1.7500000000
6403 -4.0000000000 -0.1964835276 1.5000000000
6404 -4.0000000000 -0.1532195799 1.2500000000
6405 -3.7029881532 -0.0751082778 2.7500000000
6406 -3.7055094214 -0.0319178578 2.5000000000
6407 -3.7064960005 -0.0150173284 2.2500000000
6408 -3.7067878619 -0.0100176159 2.0000000000
6409 -3.7064960005 -0.0150173284 1.7500000000
6410 -3.7055094214 -0.0319178578 1.5000000000
6411 -3.7029881532 -0.0751082778 1.2500000000
6412 -3.7009602195 -0.1098476644 2.7500000000
6413 -3.7009602195 -0.1098476644 2.5000000000
6414 -3.7009602195 -0.1098476644 2.2500000000
6415 -3.7009602195 -0.1098476644 2.0000000000
6416 -3.7009602195 -0.1098476644 1.7500000000
6417 -3.7009602195 -0.1098476644 1.5000000000
6418 -3.7009602195 -0.1098476644 1.2500000000
6419 -3.6989322857 -0.1445870511 2.7500000000
6420 -3.6964110176 -0.1877774711 2.5000000000
6421 -3.6954244384 -0.2046780004 2.2500000000
6422 -3.6951325771 -0.2096777129 2.0000000000
6423 -3.6954244384 -0.2046780004 1.7500000000
6424 -3.6964110176 -0.1877774711 1.5000000000
6425 -3.6989322857 -0.1445870511 1.2500000000
6426 -3.4639289888 -0.0523511618 2.7500000000
6427 -3.4693936320 -0.0094337196 2.5000000000
6428 -3.4715319619 0.0073599928 2.2500000000
6429 -3.4721645476 0.0123281054 2.0000000000
6430 -3.4715319619 0.0073599928 1.7500000000
6431 -3.4693936320 -0.0094337196 1.5000000000
6432 -3.4639289888 -0.0523511618 1.2500000000
6433 -3.4595336077 -0.0868709840 2.7500000000
6434 -3.4595336077 -0.0868709840 2.5000000000
6435 -3.4595336077 -0.0868709840 2.2500000000
6436 -3.4595336077 -0.0868709840 2.0000000000
6437 -3.4595336077 -0.0868709840 1.7500000000
6438 -3.4595336077 -0.0868709840 1.5000000000
6439 -3.4595336077 -0.0868709840 1.2500000000
6440 -3.4551382266 -0.1213908062 2.7500000000
6441 -3.4496735833 -0.1643082485 2.5000000000
6442 -3.4475352535 -0.1811019609 2.2500000000
6443 -3.4469026677 -0.1860700735 2.0000000000
6444 -3.4475352535 -0.1811019609 1.7500000000
6445 -3.4496735833 -0.1643082485 1.5000000000
6446 -3.4551382266 -0.1213908062 1.2500000000
6447 -3.2658678647 -0.0194409947 2.7500000000
6448 -3.2740841422 0.0230356101 2.5000000000
6449 -3.2772991941 0.0396568216 2.2500000000
6450 -3.2782503084 0.0445739030 2.0000000000
6451 -3.2772991941 0.0396568216 1.7500000000
6452 -3.2740841422 0.0230356101 1.5000000000
6453 -3.2658678647 -0.0194409947 1.2500000000
6454 -3.2592592593 -0.0536062378 2.7500000000
6455 -3.2592592593 -0.0536062378 2.5000000000
6456 -3.2592592593 -0.0536062378 2.2500000000
6457 -3.2592592593 -0.0536062378 2.0000000000
6458 -3.2592592593 -0.0536062378 1.7500000000
6459 -3.2592592593 -0.0536062378 1.5000000000
6460 -3.2592592593 -0.0536062378 1.2500000000
6461 -3.2526506538 -0.0877714809 2.7500000000
6462 -3.2444343763 -0.1302480857 2.5000000000
6463 -3.2412193244 -0.1468692972 2.2500000000
6464 -3.2402682101 -0.1517863786 2.0000000000
6465 -3.2412193244 -0.1468692972 1.7500000000
6466 -3.2444343763 -0.1302480857 1.5000000000
6467 -3.2526506538 -0.0877714809 1.2500000000
6468 -3.0916691514 0.0196994941 2.7500000000
6469 -3.1016064584 0.0618067275 2.5000000000
6470 -3.1054949539 0.0782834030 2.2500000000
6471 -3.1066452941 0.0831577260 2.0000000000
6472 -3.1054949539 0.0782834030 1.7500000000
6473 -3.1016064584 0.0618067275 1.5000000000
6474 -3.0916691514 0.0196994941 1.2500000000
6475 -3.0836762689 -0.0141686521 2.7500000000
6476 -3.0836762689 -0.0141686521 2.5000000000
6477 -3.0836762689 -0.0141686521 2.2500000000
6478 -3.0836762689 -0.0141686521 2.0000000000
6479 -3.0836762689 -0.0141686521 1.7500000000
6480 -3.0836762689 -0.0141686521 1.5000000000
6481 -3.0836762689 -0.0141686521 1.2500000000
6482 -3.0756833864 -0.0480367983 2.7500000000
6483 -3.0657460793 -0.0901440317 2.5000000000
6484 -3.0618575839 -0.1066207071 2.2500000000
6485 -3.0607072436 -0.1114950302 2.0000000000
6486 -3.0618575839 -0.1066207071 1.7500000000
6487 -3.0657460793 -0.0901440317 1.5000000000
6488 -3.0756833864 -0.0480367983 1.2500000000
6489 -2.9243166136 0.0611946931 2.7500000000
6490 -2.9342539207 0.1033019264 2.5000000000
6491 -2.9381424161 0.1197786019 2.2500000000
6492 -2.9392927564 0.1246529249 2.0000000000
6493 -2.9381424161 0.1197786019 1.7500000000
6494 -2.9342539207 0.1033019264 1.5000000000
6495 -2.9243166136 0.0611946931 1.2500000000
6496 -2.9163237311 0.0273265468 2.7500000000
6497 -2.9163237311 0.0273265468 2.5000000000
6498 -2.9163237311 0.0273265468 2.2500000000
6499 -2.9163237311 0.0273265468 2.0000000000
6500 -2.9163237311 0.0273265468 1.7500000000
6501 -2.9163237311 0.0273265468 1.5000000000
6502 -2.9163237311 0.0273265468 1.2500000000
6503 -2.9083308486 -0.0065415994 2.7500000000
6504 -2.8983935416 -0.0486488328 2.5000000000
6505 -2.8945050461 -0.0651255082 2.2500000000
6506 -2.8933547059 -0.0699998313 2.0000000000
6507 -2.8945050461 -0.0651255082 1.7500000000
6508 -2.8983935416 -0.0486488328 1.5000000000
6509 -2.9083308486 -0.0065415994 1.2500000000
6510 -2.7473493462 0.1009293756 2.7500000000
6511 -2.7555656237 0.1434059804 2.5000000000
6512 -2.7587806756 0.1600271920 2.2500000000
6513 -2.7597317899 0.1649442734 2.0000000000
6514 -2.7587806756 0.1600271920 1.7500000000
6515 -2.7555656237 0.1434059804 1.5000000000
6516 -2.7473493462 0.1009293756 1.2500000000
6517 -2.7407407407 0.0667641326 2.7500000000
6518 -2.7407407407 0.0667641326 2.5000000000
6519 -2.7407407407 0.0667641326 2.2500000000
6520 -2.7407407407 0.0667641326 2.0000000000
6521 -2.7407407407 0.0667641326 1.7500000000
6522 -2.7407407407 0.0667641326 1.5000000000
6523 -2.7407407407 0.0667641326 1.2500000000
6524 -2.7341321353 0.0325988895 2.7500000000
6525 -2.7259158578 -0.0098777153 2.5000000000
6526 -2.7227008059 -0.0264989269 2.2500000000
6527 -2.7217496916 -0.0314160083 2.0000000000
6528 -2.7227008059 -0.0264989269 1.7500000000
6529 -2.7259158578 -0.0098777153 1.5000000000
6530 -2.7341321353 0.0325988895 1.2500000000
6531 -2.5448617734 0.1345487010 2.7500000000
6532 -2.5503264167 0.1774661432 2.5000000000
6533 -2.5524647465 0.1942598556 2.2500000000
6534 -2.5530973323 0.1992279683 2.0000000000
6535 -2.5524647465 0.1942598556 1.7500000000
6536 -2.5503264167 0.1774661432 1.5000000000
6537 -2.5448617734 0.1345487010 1.2500000000
6538 -2.5404663923 0.1000288788 2.7500000000
6539 -2.5404663923 0.1000288788 2.5000000000
6540 -2.5404663923 0.1000288788 2.2500000000
6541 -2.5404663923 0.1000288788 2.0000000000
6542 -2.5404663923 0.1000288788 1.7500000000
6543 -2.5404663923 0.1000288788 1.5000000000
6544 -2.5404663923 0.1000288788 1.2500000000
6545 -2.5360710112 0.0655090566 2.7500000000
6546 -2.5306063680 0.0225916144 2.5000000000
6547 -2.5284680381 0.0057979019 2.2500000000
6548 -2.5278354524 0.0008297893 2.0000000000
6549 -2.5284680381 0.0057979019 1.7500000000
6550 -2.5306063680 0.0225916144 1.5000000000
6551 -2.5360710112 0.0655090566 1.2500000000
6552 -2.3010677143 0.1577449458 2.7500000000
6553 -2.3035889824 0.2009353658 2.5000000000
6554 -2.3045755616 0.2178358952 2.2500000000
6555 -2.3048674229 0.2228356077 2.0000000000
6556 -2.3045755616 0.2178358952 1.7500000000
6557 -2.3035889824 0.2009353658 1.5000000000
6558 -2.3010677143 0.1577449458 1.2500000000
6559 -2.2990397805 0.1230055592 2.7500000000
6560 -2.2990397805 0.1230055592 2.5000000000
6561 -2.2990397805 0.1230055592 2.2500000000
6562 -2.2990397805 0.1230055592 2.0000000000
6563 -2.2990397805 0.1230055592 1.7500000000
6564 -2.2990397805 0.1230055592 1.5000000000
6565 -2.2990397805 0.1230055592 1.2500000000
6566 -2.2970118468 0.0882661725 2.7500000000
6567 -2.2944905786 0.0450757525 2.5000000000
6568 -2.2935039995 0.0281752232 2.2500000000
6569 -2.2932121381 0.0231755107 2.0000000000
6570 -2.2935039995 0.0281752232 1.7500000000
6571 -2.2944905786 0.0450757525 1.5000000000
6572 -2.2970118468 0.0882661725 1.2500000000
6573 -2.0000000000 0.1663774746 2.7500000000
6574 -2.0000000000 0.2096414223 2.5000000000
6575 -2.0000000000 0.2265707233 2.2500000000
6576 -2.0000000000 0.2315789474 2.0000000000
6577 -2.0000000000 0.2265707233 1.7500000000
6578 -2.0000000000 0.2096414223 1.5000000000
6579 -2.0000000000 0.1663774746 1.2500000000
6580 -2.0000000000 0.1315789474 2.7500000000
6581 -2.0000000000 0.1315789474 2.5000000000
6582 -2.0000000000 0.1315789474 2.2500000000
6583 -2.0000000000 0.1315789474 2.0000000000
6584 -2.0000000000 0.1315789474 1.7500000000
6585 -2.0000000000 0.1315789474 1.5000000000
6586 -2.0000000000 0.1315789474 1.2500000000
6587 -2.0000000000 0.0967804201 2.7500000000
6588 -2.0000000000 0.0535164724 2.5000000000
6589 -2.0000000000 0.0365871714 2.2500000000
6590 -2.0000000000 0.0315789474 2.0000000000
6591 -2.0000000000 0.0365871714 1.7500000000
6592 -2.0000000000 0.0535164724 1.5000000000
6593 -2.0000000000 0.0967804201 1.2500000000
6594 -1.6989322857 0.1577449458 2.7500000000
6595 -1.6964110176 0.2009353658 2.5000000000
6596 -1.6954244384 0.2178358952 2.2500000000
6597 -1.6951325771 0.2228356077 2.0000000000
6598 -1.6954244384 0.2178358952 1.7500000000
6599 -1.6964110176 0.2009353658 1.5000000000
6600 -1.6989322857 0.1577449458 1.2500000000
6601 -1.7009602195 0.1230055592 2.7500000000
6602 -1.7009602195 0.1230055592 2.5000000000
6603 -1.7009602195 0.1230055592 2.2500000000
6604 -1.7009602195 0.1230055592 2.0000000000
6605 -1.7009602195 0.1230055592 1.7500000000
6606 -1.7009602195 0.1230055592 1.5000000000
6607 -1.7009602195 0.1230055592 1.2500000000
6608 -1.7029881532 0.0882661725 2.7500000000
6609 -1.7055094214 0.0450757525 2.5000000000
6610 -1.7064960005 0.0281752232 2.2500000000
6611 -1.7067878619 0.0231755107 2.0000000000
6612 -1.7064960005 0.0281752232 1.7500000000
6613 -1.7055094214 0.0450757525 1.5000000000
6614 -1.7029881532 0.0882661725 1.2500000000
6615 -1.4551382266 0.1345487010 2.7500000000
6616 -1.4496735833 0.1774661432 2.5000000000
6617 -1.4475352535 0.1942598556 2.2500000000
6618 -1.4469026677 0.1992279683 2.0000000000
6619 -1.4475352535 0.1942598556 1.7500000000
6620 -1.4496735833 0.1774661432 1.5000000000
6621 -1.4551382266 0.1345487010 1.2500000000
6622 -1.4595336077 0.1000288788 2.7500000000
6623 -1.4595336077 0.1000288788 2.5000000000
6624 -1.4595336077 0.1000288788 2.2500000000
6625 -1.4595336077 0.1000288788 2.0000000000
6626 -1.4595336077 0.1000288788 1.7500000000
6627 -1.4595336077 0.1000288788 1.5000000000
6628 -1.4595336077 0.1000288788 1.2500000000
6629 -1.4639289888 0.0655090566 2.7500000000
6630 -1.4693936320 0.0225916144 2.5000000000
6631 -1.4715319619 0.0057979019 2.2500000000
6632 -1.4721645476 0.0008297893 2.0000000000
6633 -1.4715319619 0.0057979019 1.7500000000
6634 -1.4693936320 0.0225916144 1.5000000000
6635 -1.4639289888 0.0655090566 1.2500000000
6636 -1.2526506538 0.1009293756 2.7500000000
6637 -1.2444343763 0.1434059804 2.5000000000
6638 -1.2412193244 0.1600271920 2.2500000000
6639 -1.2402682101 0.1649442734 2.0000000000
6640 -1.2412193244 0.1600271920 1.7500000000
6641 -1.2444343763 0.1434059804 1.5000000000
6642 -1.2526506538 0.1009293756 1.2500000000
6643 -1.2592592593 0.0667641326 2.7500000000
6644 -1.2592592593 0.0667641326 2.5000000000
6645 -1.2592592593 0.0667641326 2.2500000000
6646 -1.2592592593 0.0667641326 2.0000000000
6647 -1.2592592593 0.0667641326 1.7500000000
6648 -1.2592592593 0.0667641326 1.5000000000
6649 -1.2592592593 0.0667641326 1.2500000000
6650 -1.2658678647 0.0325988895 2.7500000000
6651 -1.2740841422 -0.0098777153 2.5000000000
6652 -1.2772991941 -0.0264989269 2.2500000000
6653 -1.2782503084 -0.0314160083 2.0000000000
6654 -1.2772991941 -0.0264989269 1.7500000000
6655 -1.2740841422 -0.0098777153 1.5000000000
6656 -1.2658678647 0.0325988895 1.2500000000
6657 -1.0756833864 0.0611946931 2.7500000000
6658 -1.0657460793 0.1033019264 2.5000000000
6659 -1.0618575839 0.1197786019 2.2500000000
6660 -1.0607072436 0.1246529249 2.0000000000
6661 -1.0618575839 0.1197786019 1.7500000000
6662 -1.0657460793 0.1033019264 1.5000000000
6663 -1.0756833864 0.0611946931 1.2500000000
6664 -1.0836762689 0.0273265468 2.7500000000
6665 -1.0836762689 0.0273265468 2.5000000000
6666 -1.0836762689 0.0273265468 2.2500000000
6667 -1.0836762689 0.0273265468 2.0000000000
6668 -1.0836762689 0.0273265468 1.7500000000
6669 -1.0836762689 0.0273265468 1.5000000000
6670 -1.0836762689 0.0273265468 1.2500000000
6671 -1.0916691514 -0.0065415994 2.7500000000
6672 -1.1016064584 -0.0486488328 2.5000000000
6673 -1.1054949539 -0.0651255082 2.2500000000
6674 -1.1066452941 -0.0699998313 2.0000000000
6675 -1.1054949539 -0.0651255082 1.7500000000
6676 -1.1016064584 -0.0486488328 1.5000000000
6677 -1.0916691514 -0.0065415994 1.2500000000
6678 -0.9083308486 0.0196994941 2.7500000000
6679 -0.8983935416 0.0618067275 2.5000000000
6680 -0.8945050461 0.0782834030 2.2500000000
6681 -0.8933547059 0.0831577260 2.0000000000
6682 -0.8945050461 0.0782834030 1.7500000000
6683 -0.8983935416 0.0618067275 1.5000000000
6684 -0.9083308486 0.0196994941 1.2500000000
6685 -0.9163237311 -0.0141686521 2.7500000000
6686 -0.9163237311 -0.0141686521 2.5000000000
6687 -0.9163237311 -0.0141686521 2.2500000000
6688 -0.9163237311 -0.0141686521 2.0000000000
6689 -0.9163237311 -0.0141686521 1.7500000000
6690 -0.9163237311 -0.0141686521 1.5000000000
6691 -0.9163237311 -0.0141686521 1.2500000000
6692 -0.9243166136 -0.0480367983 2.7500000000
6693 -0.9342539207 -0.0901440317 2.5000000000
6694 -0.9381424161 -0.1066207071 2.2500000000
6695 -0.9392927564 -0.1114950302 2.0000000000
6696 -0.9381424161 -0.1066207071 1.7500000000
6697 -0.9342539207 -0.0901440317 1.5000000000
6698 -0.9243166136 -0.0480367983 1.2500000000
6699 -0.7341321353 -0.0194409947 2.7500000000
6700 -0.7259158578 0.0230356101 2.5000000000
6701 -0.7227008059 0.0396568216 2.2500000000
6702 -0.7217496916 0.0445739030 2.0000000000
6703 -0.7227008059 0.0396568216 1.7500000000
6704 -0.7259158578 0.0230356101 1.5000000000
6705 -0.7341321353 -0.0194409947 1.2500000000
6706 -0.7407407407 -0.0536062378 2.7500000000
6707 -0.7407407407 -0.0536062378 2.5000000000
6708 -0.7407407407 -0.0536062378 2.2500000000
6709 -0.7407407407 -0.0536062378 2.0000000000
6710 -0.7407407407 -0.0536062378 1.7500000000
6711 -0.7407407407 -0.0536062378 1.5000000000
6712 -0.7407407407 -0.0536062378 1.2500000000
6713 -0.7473493462 -0.0877714809 2.7500000000
6714 -0.7555656237 -0.1302480857 2.5000000000
6715 -0.7587806756 -0.1468692972 2.2500000000
6716 -0.7597317899 -0.1517863786 2.0000000000
6717 -0.7587806756 -0.1468692972 1.7500000000
6718 -0.7555656237 -0.1302480857 1.5000000000
6719 -0.7473493462 -0.0877714809 1.2500000000
6720 -0.5360710112 -0.0523511618 2.7500000000
6721 -0.5306063680 -0.0094337196 2.5000000000
6722 -0.5284680381 0.0073599928 2.2500000000
6723 -0.5278354524 0.0123281054 2.0000000000
6724 -0.5284680381 0.0073599928 1.7500000000
6725 -0.5306063680 -0.0094337196 1.5000000000
6726 -0.5360710112 -0.0523511618 1.2500000000
6727 -0.5404663923 -0.0868709840 2.7500000000
6728 -0.5404663923 -0.0868709840 2.5000000000
6729 -0.5404663923 -0.0868709840 2.2500000000
6730 -0.5404663923 -0.0868709840 2.0000000000
6731 -0.5404663923 -0.0868709840 1.7500000000
6732 -0.5404663923 -0.0868709840 1.5000000000
6733 -0.5404663923 -0.0868709840 1.2500000000
6734 -0.5448617734 -0.1213908062 2.7500000000
6735 -0.5503264167 -0.1643082485 2.5000000000
6736 -0.5524647465 -0.1811019609 2.2500000000
6737 -0.5530973323 -0.1860700735 2.0000000000
6738 -0.5524647465 -0.1811019609 1.7500000000
6739 -0.5503264167 -0.1643082485 1.5000000000
6740 -0.5448617734 -0.1213908062 1.2500000000
6741 -0.2970118468 -0.0751082778 2.7500000000
6742 -0.2944905786 -0.0319178578 2.5000000000
6743 -0.2935039995 -0.0150173284 2.2500000000
6744 -0.2932121381 -0.0100176159 2.0000000000
6745 -0.2935039995 -0.0150173284 1.7500000000
6746 -0.2944905786 -0.0319178578 1.5000000000
6747 -0.2970118468 -0.0751082778 1.2500000000
6748 -0.2990397805 -0.1098476644 2.7500000000
6749 -0.2990397805 -0.1098476644 2.5000000000
6750 -0.2990397805 -0.1098476644 2.2500000000
6751 -0.2990397805 -0.1098476644 2.0000000000
6752 -0.2990397805 -0.1098476644 1.7500000000
6753 -0.2990397805 -0.1098476644 1.5000000000
6754 -0.2990397805 -0.1098476644 1.2500000000
6755 -0.3010677143 -0.1445870511 2.7500000000
6756 -0.3035889824 -0.1877774711 2.5000000000
6757 -0.3045755616 -0.2046780004 2.2500000000
6758 -0.3048674229 -0.2096777129 2.0000000000
6759 -0.3045755616 -0.2046780004 1.7500000000
6760 -0.3035889824 -0.1877774711 1.5000000000
6761 -0.3010677143 -0.1445870511 1.2500000000
6762 -0.0000000000 -0.0836225254 2.7500000000
6763 -0.0000000000 -0.0403585777 2.5000000000
6764 -0.0000000000 -0.0234292767 2.2500000000
6765 -0.0000000000 -0.0184210526 2.0000000000
6766 -0.0000000000 -0.0234292767 1.7500000000
6767 -0.0000000000 -0.0403585777 1.5000000000
6768 -0.0000000000 -0.0836225254 1.2500000000
6769 -0.0000000000 -0.1184210526 2.7500000000
6770 -0.0000000000 -0.1184210526 2.5000000000
6771 -0.0000000000 -0.1184210526 2.2500000000
6772 -0.0000000000 -0.1184210526 2.0000000000
6773 -0.0000000000 -0.1184210526 1.7500000000
6774 -0.0000000000 -0.1184210526 1.5000000000
6775 -0.0000000000 -0.1184210526 1.2500000000
6776 -0.0000000000 -0.1532195799 2.7500000000
6777 -0.0000000000 -0.1964835276 2.5000000000
6778 -0.0000000000 -0.2134128286 2.2500000000
6779 -0.0000000000 -0.2184210526 2.0000000000
6780 -0.0000000000 -0.2134128286 1.7500000000
6781 -0.0000000000 -0.1964835276 1.5000000000
6782 -0.0000000000 -0.1532195799 1.2500000000
6783 -0.0000000000 -0.0836225254 2.7500000000
6784 -0.0000000000 -0.0403585777 2.5000000000
6785 -0.0000000000 -0.0234292767 2.2500000000
6786 -0.0000000000 -0.0184210526 2.0000000000
6787 -0.0000000000 -0.0234292767 1.7500000000
6788 -0.0000000000 -0.0403585777 1.5000000000
6789 -0.0000000000 -0.0836225254 1.2500000000
6790 -0.0000000000 -0.1184210526 2.7500000000
6791 -0.0000000000 -0.1184210526 2.5000000000
6792 -0.0000000000 -0.1184210526 2.2500000000
6793 -0.0000000000 -0.1184210526 2.0000000000
6794 -0.0000000000 -0.1184210526 1.7500000000
6795 -0.0000000000 -0.1184210526 1.5000000000
6796 -0.0000000000 -0.1184210526 1.2500000000
6797 -0.0000000000 -0.1532195799 2.7500000000
6798 -0.0000000000 -0.1964835276 2.5000000000
6799 -0.0000000000 -0.2134128286 2.2500000000
6800 -0.0000000000 -0.2184210526 2.0000000000
6801 -0.0000000000 -0.2134128286 1.7500000000
6802 -0.0000000000 -0.1964835276 1.5000000000
6803 -0.0000000000 -0.1532195799 1.2500000000
6804 0.2970118468 -0.0751082778 2.7500000000
6805 0.2944905786 -0.0319178578 2.5000000000
6806 0.2935039995 -0.0150173284 2.2500000000
6807 0.2932121381 -0.0100176159 2.0000000000
6808 0.2935039995 -0.0150173284 1.7500000000
6809 0.2944905786 -0.0319178578 1.5000000000
6810 0.2970118468 -0.0751082778 1.2500000000
6811 0.2990397805 -0.1098476644 2.7500000000
6812 0.2990397805 -0.1098476644 2.5000000000
6813 0.2990397805 -0.1098476644 2.2500000000
6814 0.2990397805 -0.1098476644 2.0000000000
6815 0.2990397805 -0.1098476644 1.7500000000
6816 0.2990397805 -0.1098476644 1.5000000000
6817 0.2990397805 -0.1098476644 1.2500000000
6818 0.3010677143 -0.1445870511 2.7500000000
6819 0.3035889824 -0.1877774711 2.5000000000
6820 0.3045755616 -0.2046780004 2.2500000000
6821 0.3048674229 -0.2096777129 2.0000000000
6822 0.3045755616 -0.2046780004 1.7500000000
6823 0.3035889824 -0.1877774711 1.5000000000
6824 0.3010677143 -0.1445870511 1.2500000000
6825 0.5360710112 -0.0523511618 2.7500000000
6826 0.5306063680 -0.0094337196 2.5000000000
6827 0.5284680381 0.0073599928 2.2500000000
6828 0.5278354524 0.0123281054 2.0000000000
6829 0.5284680381 0.0073599928 1.7500000000
6830 0.5306063680 -0.0094337196 1.5000000000
6831 0.5360710112 -0.0523511618 1.2500000000
6832 0.5404663923 -0.0868709840 2.7500000000
6833 0.5404663923 -0.0868709840 2.5000000000
6834 0.5404663923 -0.0868709840 2.2500000000
6835 0.5404663923 -0.0868709840 2.0000000000
6836 0.5404663923 -0.0868709840 1.7500000000
6837 0.5404663923 -0.0868709840 1.5000000000
6838 0.5404663923 -0.0868709840 1.2500000000
6839 0.5448617734 -0.1213908062 2.7500000000
6840 0.5503264167 -0.1643082485 2.5000000000
6841 0.5524647465 -0.1811019609 2.2500000000
6842 0.5530973323 -0.1860700735 2.0000000000
6843 0.5524647465 -0.1811019609 1.7500000000
6844 0.5503264167 -0.1643082485 1.5000000000
6845 0.5448617734 -0.1213908062 1.2500000000
6846 0.7341321353 -0.0194409947 2.7500000000
6847 0.7259158578 0.0230356101 2.5000000000
6848 0.7227008059 0.0396568216 2.2500000000
6849 0.7217496916 0.0445739030 2.0000000000
6850 0.7227008059 0.0396568216 1.7500000000
6851 0.7259158578 0.0230356101 1.5000000000
6852 0.7341321353 -0.0194409947 1.2500000000
6853 0.7407407407 -0.0536062378 2.7500000000
6854 0.7407407407 -0.0536062378 2.5000000000
6855 0.7407407407 -0.0536062378 2.2500000000
6856 0.7407407407 -0.0536062378 2.0000000000
6857 0.7407407407 -0.0536062378 1.7500000000
6858 0.7407407407 -0.0536062378 1.5000000000
6859 0.7407407407 -0.0536062378 1.2500000000
6860 0.7473493462 -0.0877714809 2.7500000000
6861 0.7555656237 -0.1302480857 2.5000000000
6862 0.7587806756 -0.1468692972 2.2500000000
6863 0.7597317899 -0.1517863786 2.0000000000
6864 0.7587806756 -0.1468692972 1.7500000000
6865 0.7555656237 -0.1302480857 1.5000000000
6866 0.7473493462 -0.0877714809 1.2500000000
6867 0.9083308486 0.0196994941 2.7500000000
6868 0.8983935416 0.0618067275 2.5000000000
6869 0.8945050461 0.0782834030 2.2500000000
6870 0.8933547059 0.0831577260 2.0000000000
6871 0.8945050461 0.0782834030 1.7500000000
6872 0.8983935416 0.0618067275 1.5000000000
6873 0.9083308486 0.0196994941 1.2500000000
6874 0.9163237311 -0.0141686521 2.7500000000
6875 0.9163237311 -0.0141686521 2.5000000000
6876 0.9163237311 -0.0141686521 2.2500000000
6877 0.9163237311 -0.0141686521 2.0000000000
6878 0.9163237311 -0.0141686521 1.7500000000
6879 0.9163237311 -0.0141686521 1.5000000000
6880 0.9163237311 -0.0141686521 1.2500000000
6881 0.9243166136 -0.0480367983 2.7500000000
6882 0.9342539207 -0.0901440317 2.5000000000
6883 0.9381424161 -0.1066207071 2.2500000000
6884 0.9392927564 -0.1114950302 2.0000000000
6885 0.9381424161 -0.1066207071 1.7500000000
6886 0.9342539207 -0.0901440317 1.5000000000
6887 0.9243166136 -0.0480367983 1.2500000000
6888 1.0756833864 0.0611946931 2.7500000000
6889 1.0657460793 0.1033019264 2.5000000000
6890 1.0618575839 0.1197786019 2.2500000000
6891 1.0607072436 0.1246529249 2.0000000000
6892 1.0618575839 0.1197786019 1.7500000000
6893 1.0657460793 0.1033019264 1.5000000000
6894 1.0756833864 0.0611946931 1.2500000000
6895 1.0836762689 0.0273265468 2.7500000000
6896 1.0836762689 0.0273265468 2.5000000000
6897 1.0836762689 0.0273265468 2.2500000000
6898 1.0836762689 0.0273265468 2.0000000000
6899 1.0836762689 0.0273265468 1.7500000000
6900 1.0836762689 0.0273265468 1.5000000000
6901 1.0836762689 0.0273265468 1.2500000000
6902 1.0916691514 -0.0065415994 2.7500000000
6903 1.1016064584 -0.0486488328 2.5000000000
6904 1.1054949539 -0.0651255082 2.2500000000
6905 1.1066452941 -0.0699998313 2.0000000000
6906 1.1054949539 -0.0651255082 1.7500000000
6907 1.1016064584 -0.0486488328 1.5000000000
6908 1.0916691514 -0.0065415994 1.2500000000
6909 1.2526506538 0.1009293756 2.7500000000
6910 1.2444343763 0.1434059804 2.5000000000
6911 1.2412193244 0.1600271920 2.2500000000
6912 1.2402682101 0.1649442734 2.0000000000
6913 1.2412193244 0.1600271920 1.7500000000
6914 1.2444343763 0.1434059804 1.5000000000
6915 1.2526506538 0.1009293756 1.2500000000
6916 1.2592592593 0.0667641326 2.7500000000
6917 1.2592592593 0.0667641326 2.5000000000
6918 1.2592592593 0.0667641326 2.2500000000
6919 1.2592592593 0.0667641326 2.0000000000
6920 1.2592592593 0.0667641326 1.7500000000
6921 1.2592592593 0.0667641326 1.5000000000
6922 1.2592592593 0.0667641326 1.2500000000
6923 1.2658678647 0.0325988895 2.7500000000
6924 1.2740841422 -0.0098777153 2.5000000000
6925 1.2772991941 -0.0264989269 2.2500000000
6926 1.2782503084 -0.0314160083 2.0000000000
6927 1.2772991941 -0.0264989269 1.7500000000
6928 1.2740841422 -0.0098777153 1.5000000000
6929 1.2658678647 0.0325988895 1.2500000000
6930 1.4551382266 0.1345487010 2.7500000000
6931 1.4496735833 0.1774661432 2.5000000000
6932 1.4475352535 0.1942598556 2.2500000000
6933 1.4469026677 0.1992279683 2.0000000000
6934 1.4475352535 0.1942598556 1.7500000000
6935 1.4496735833 0.1774661432 1.5000000000
6936 1.4551382266 0.1345487010 1.2500000000
6937 1.4595336077 0.1000288788 2.7500000000
6938 1.4595336077 0.1000288788 2.5000000000
6939 1.4595336077 0.1000288788 2.2500000000
6940 1.4595336077 0.1000288788 2.0000000000
6941 1.4595336077 0.1000288788 1.7500000000
6942 1.4595336077 0.1000288788 1.5000000000
6943 1.4595336077 0.1000288788 1.2500000000
6944 1.4639289888 0.0655090566 2.7500000000
6945 1.4693936320 0.0225916144 2.5000000000
6946 1.4715319619 0.0057979019 2.2500000000
6947 1.4721645476 0.0008297893 2.0000000000
6948 1.4715319619 0.0057979019 1.7500000000
6949 1.4693936320 0.0225916144 1.5000000000
6950 1.4639289888 0.0655090566 1.2500000000
6951 1.6989322857 0.1577449458 2.7500000000
6952 1.6964110176 0.2009353658 2.5000000000
6953 1.6954244384 0.2178358952 2.2500000000
6954 1.6951325771 0.2228356077 2.0000000000
6955 1.6954244384 0.2178358952 1.7500000000
6956 1.6964110176 0.2009353658 1.5000000000
6957 1.6989322857 0.1577449458 1.2500000000
6958 1.7009602195 0.1230055592 2.7500000000
6959 1.7009602195 0.1230055592 2.5000000000
6960 1.7009602195 0.1230055592 2.2500000000
6961 1.7009602195 0.1230055592 2.0000000000
6962 1.7009602195 0.1230055592 1.7500000000
6963 1.7009602195 0.1230055592 1.5000000000
6964 1.7009602195 0.1230055592 1.2500000000
6965 1.7029881532 0.0882661725 2.7500000000
6966 1.7055094214 0.0450757525 2.5000000000
6967 1.7064960005 0.0281752232 2.2500000000
6968 1.7067878619 0.0231755107 2.0000000000
6969 1.7064960005 0.0281752232 1.7500000000
6970 1.7055094214 0.0450757525 1.5000000000
6971 1.7029881532 0.0882661725 1.2500000000
6972 2.0000000000 0.1663774746 2.7500000000
6973 2.0000000000 0.2096414223 2.5000000000
6974 2.0000000000 0.2265707233 2.2500000000
6975 2.0000000000 0.2315789474 2.0000000000
6976 2.0000000000 0.2265707233 1.7500000000
6977 2.0000000000 0.2096414223 1.5000000000
6978 2.0000000000 0.1663774746 1.2500000000
6979 2.0000000000 0.1315789474 2.7500000000
6980 2.0000000000 0.1315789474 2.5000000000
6981 2.0000000000 0.1315789474 2.2500000000
6982 2.0000000000 0.1315789474 2.0000000000
6983 2.0000000000 0.1315789474 1.7500000000
6984 2.0000000000 0.1315789474 1.5000000000
6985 2.0000000000 0.1315789474 1.2500000000
6986 2.0000000000 0.0967804201 2.7500000000
6987 2.0000000000 0.0535164724 2.5000000000
6988 2.0000000000 0.0365871714 2.2500000000
6989 2.0000000000 0.0315789474 2.0000000000
6990 2.0000000000 0.0365871714 1.7500000000
6991 2.0000000000 0.0535164724 1.5000000000
6992 2.0000000000 0.0967804201 1.2500000000
6993 2.3010677143 0.1577449458 2.7500000000
6994 2.3035889824 0.2009353658 2.5000000000
6995 2.3045755616 0.2178358952 2.2500000000
6996 2.3048674229 0.2228356077 2.0000000000
6997 2.3045755616 0.2178358952 1.7500000000
6998 2.3035889824 0.2009353658 1.5000000000
6999 2.3010677143 0.1577449458 1.2500000000
7000 2.2990397805 0.1230055592 2.7500000000
7001 2.2990397805 0.1230055592 2.5000000000
7002 2.2990397805 0.1230055592 2.2500000000
7003 2.2990397805 0.1230055592 2.0000000000
7004 2.2990397805 0.1230055592 1.7500000000
7005 2.2990397805 0.1230055592 1.5000000000
7006 2.2990397805 0.1230055592 1.2500000000
7007 2.2970118468 0.0882661725 2.7500000000
7008 2.2944905786 0.0450757525 2.5000000000
7009 2.2935039995 0.0281752232 2.2500000000
7010 2.2932121381 0.0231755107 2.0000000000
7011 2.2935039995 0.0281752232 1.7500000000
7012 2.2944905786 0.0450757525 1.5000000000
7013 2.2970118468 0.0882661725 1.2500000000
7014 2.5448617734 0.1345487010 2.7500000000
7015 2.5503264167 0.1774661432 2.5000000000
7016 2.5524647465 0.1942598556 2.2500000000
7017 2.5530973323 0.1992279683 2.0000000000
7018 2.5524647465 0.1942598556 1.7500000000
7019 2.5503264167 0.1774661432 1.5000000000
7020 2.5448617734 0.1345487010 1.2500000000
7021 2.5404663923 0.1000288788 2.7500000000
7022 2.5404663923 0.1000288788 2.5000000000
7023 2.5404663923 0.1000288788 2.2500000000
7024 2.5404663923 0.1000288788 2.0000000000
7025 2.5404663923 0.1000288788 1.7500000000
7026 2.5404663923 0.1000288788 1.5000000000
7027 2.5404663923 0.1000288788 1.2500000000
7028 2.5360710112 0.0655090566 2.7500000000
7029 2.5306063680 0.0225916144 2.5000000000
7030 2.5284680381 0.0057979019 2.2500000000
7031 2.5278354524 0.0008297893 2.0000000000
7032 2.5284680381 0.0057979019 1.7500000000
7033 2.5306063680 0.0225916144 1.5000000000
7034 2.5360710112 0.0655090566 1.2500000000
7035 2.7473493462 0.1009293756 2.7500000000
7036 2.7555656237 0.1434059804 2.5000000000
7037 2.7587806756 0.1600271920 2.2500000000
7038 2.7597317899 0.1649442734 2.0000000000
7039 2.7587806756 0.1600271920 1.7500000000
7040 2.7555656237 0.1434059804 1.5000000000
7041 2.7473493462 0.1009293756 1.2500000000
7042 2.7407407407 0.0667641326 2.7500000000
7043 2.7407407407 0.0667641326 2.5000000000
7044 2.7407407407 0.0667641326 2.2500000000
7045 2.7407407407 0.0667641326 2.0000000000
7046 2.7407407407 0.0667641326 1.7500000000
7047 2.7407407407 0.0667641326 1.5000000000
7048 2.7407407407 0.0667641326 1.2500000000
7049 2.7341321353 0.0325988895 2.7500000000
7050 2.7259158578 -0.0098777153 2.5000000000
7051 2.7227008059 -0.0264989269 2.2500000000
7052 2.7217496916 -0.0314160083 2.0000000000
7053 2.7227008059 -0.0264989269 1.7500000000
7054 2.7259158578 -0.0098777153 1.5000000000
7055 2.7341321353 0.0325988895 1.2500000000
7056 2.9243166136 0.0611946931 2.7500000000
7057 2.9342539207 0.1033019264 2.5000000000
7058 2.9381424161 0.1197786019 2.2500000000
7059 2.9392927564 0.1246529249 2.0000000000
7060 2.9381424161 0.1197786019 1.7500000000
7061 2.9342539207 0.1033019264 1.5000000000
7062 2.9243166136 0.0611946931 1.2500000000
7063 2.9163237311 0.0273265468 2.7500000000
7064 2.9163237311 0.0273265468 2.5000000000
7065 2.9163237311 0.0273265468 2.2500000000
7066 2.9163237311 0.0273265468 2.0000000000
7067 2.9163237311 0.0273265468 1.7500000000
7068 2.9163237311 0.0273265468 1.5000000000
7069 2.9163237311 0.0273265468 1.2500000000
7070 2.9083308486 -0.0065415994 2.7500000000
7071 2.8983935416 -0.0486488328 2.5000000000
7072 2.8945050461 -0.0651255082 2.2500000000
7073 2.8933547059 -0.0699998313 2.0000000000
7074 2.8945050461 -0.0651255082 1.7500000000
7075 2.8983935416 -0.0486488328 1.5000000000
7076 2.9083308486 -0.0065415994 1.2500000000
7077 3.0916691514 0.0196994941 2.7500000000
7078 3.1016064584 0.0618067275 2.5000000000
7079 3.1054949539 0.0782834030 2.2500000000
7080 3.1066452941 0.0831577260 2.0000000000
7081 3.1054949539 0.0782834030 1.7500000000
7082 3.1016064584 0.0618067275 1.5000000000
7083 3.0916691514 0.0196994941 1.2500000000
7084 3.0836762689 -0.0141686521 2.7500000000
7085 3.0836762689 -0.0141686521 2.5000000000
7086 3.0836762689 -0.0141686521 2.2500000000
7087 3.0836762689 -0.0141686521 2.0000000000
7088 3.0836762689 -0.0141686521 1.7500000000
7089 3.0836762689 -0.0141686521 1.5000000000
7090 3.0836762689 -0.0141686521 1.2500000000
7091 3.0756833864 -0.0480367983 2.7500000000
7092 3.0657460793 -0.0901440317 2.5000000000
7093 3.0618575839 -0.1066207071 2.2500000000
7094 3.0607072436 -0.1114950302 2.0000000000
7095 3.0618575839 -0.1066207071 1.7500000000
7096 3.0657460793 -0.0901440317 1.5000000000
7097 3.0756833864 -0.0480367983 1.2500000000
7098 3.2658678647 -0.0194409947 2.7500000000
7099 3.2740841422 0.0230356101 2.5000000000
7100 3.2772991941 0.0396568216 2.2500000000
7101 3.2782503084 0.0445739030 2.0000000000
7102 3.2772991941 0.0396568216 1.7500000000
7103 3.2740841422 0.0230356101 1.5000000000
7104 3.2658678647 -0.0194409947 1.2500000000
7105 3.2592592593 -0.0536062378 2.7500000000
7106 3.2592592593 -0.0536062378 2.5000000000
7107 3.2592592593 -0.0536062378 2.2500000000
7108 3.2592592593 -0.0536062378 2.0000000000
7109 3.2592592593 -0.0536062378 1.7500000000
7110 3.2592592593 -0.0536062378 1.5000000000
7111 3.2592592593 -0.0536062378 1.2500000000
7112 3.2526506538 -0.0877714809 2.7500000000
7113 3.2444343763 -0.1302480857 2.5000000000
7114 3.2412193244 -0.1468692972 2.2500000000
7115 3.2402682101 -0.1517863786 2.0000000000
7116 3.2412193244 -0.1468692972 1.7500000000
7117 3.2444343763 -0.1302480857 1.5000000000
7118 3.2526506538 -0.0877714809 1.2500000000
7119 3.4639289888 -0.0523511618 2.7500000000
7120 3.4693936320 -0.0094337196 2.5000000000
7121 3.4715319619 0.0073599928 2.2500000000
7122 3.4721645476 0.0123281054 2.0000000000
7123 3.4715319619 0.0073599928 1.7500000000
7124 3.4693936320 -0.0094337196 1.5000000000
7125 3.4639289888 -0.0523511618 1.2500000000
7126 3.4595336077 -0.0868709840 2.7500000000
7127 3.4595336077 -0.0868709840 2.5000000000
7128 3.4595336077 -0.0868709840 2.2500000000
7129 3.4595336077 -0.0868709840 2.0000000000
7130 3.4595336077 -0.0868709840 1.7500000000
7131 3.4595336077 -0.0868709840 1.5000000000
7132 3.4595336077 -0.0868709840 1.2500000000
7133 3.4551382266 -0.1213908062 2.7500000000
7134 3.4496735833 -0.1643082485 2.5000000000
7135 3.4475352535 -0.1811019609 2.2500000000
7136 3.4469026677 -0.1860700735 2.0000000000
7137 3.4475352535 -0.1811019609 1.7500000000
7138 3.4496735833 -0.1643082485 1.5000000000
7139 3.4551382266 -0.1213908062 1.2500000000
7140 3.7029881532 -0.0751082778 2.7500000000
7141 3.7055094214 -0.0319178578 2.5000000000
7142 3.7064960005 -0.0150173284 2.2500000000
7143 3.7067878619 -0.0100176159 2.0000000000
7144 3.7064960005 -0.0150173284 1.7500000000
7145 3.7055094214 -0.0319178578 1.5000000000
7146 3.7029881532 -0.0751082778 1.2500000000
7147 3.7009602195 -0.1098476644 2.7500000000
7148 3.7009602195 -0.1098476644 2.5000000000
7149 3.7009602195 -0.1098476644 2.2500000000
7150 3.7009602195 -0.1098476644 2.0000000000
7151 3.7009602195 -0.1098476644 1.7500000000
7152 3.7009602195 -0.1098476644 1.5000000000
7153 3.7009602195 -0.1098476644 1.2500000000
7154 3.6989322857 -0.1445870511 2.7500000000
7155 3.6964110176 -0.1877774711 2.5000000000
7156 3.6954244384 -0.2046780004 2.2500000000
7157 3.6951325771 -0.2096777129 2.0000000000
7158 3.6954244384 -0.2046780004 1.7500000000
7159 3.6964110176 -0.1877774711 1.5000000000
7160 3.6989322857 -0.1445870511 1.2500000000
7161 4.0000000000 -0.0836225254 2.7500000000
7162 4.0000000000 -0.0403585777 2.5000000000
7163 4.0000000000 -0.0234292767 2.2500000000
7164 4.0000000000 -0.0184210526 2.0000000000
7165 4.0000000000 -0.0234292767 1.7500000000
7166 4.0000000000 -0.0403585777 1.5000000000
7167 4.0000000000 -0.0836225254 1.2500000000
7168 4.0000000000 -0.1184210526 2.7500000000
7169 4.0000000000 -0.1184210526 2.5000000000
7170 4.0000000000 -0.1184210526 2.2500000000
7171 4.0000000000 -0.1184210526 2.0000000000
7172 4.0000000000 -0.1184210526 1.7500000000
7173 4.0000000000 -0.1184210526 1.5000000000
7174 4.0000000000 -0.1184210526 1.2500000000
7175 4.0000000000 -0.1532195799 2.7500000000
7176 4.0000000000 -0.1964835276 2.5000000000
7177 4.0000000000 -0.2134128286 2.2500000000
7178 4.0000000000 -0.2184210526 2.0000000000
7179 4.0000000000 -0.2134128286 1.7500000000
7180 4.0000000000 -0.1964835276 1.5000000000
7181 4.0000000000 -0.1532195799 1.2500000000
7182 -4.0000000000 0.1532195799 4.7500000000
7183 -4.0000000000 0.1964835276 4.5000000000
7184 -4.0000000000 0.2134128286 4.2500000000
7185 -4.0000000000 0.2184210526 4.0000000000
7186 -4.0000000000 0.2134128286 3.7500000000
7187 -4.0000000000 0.1964835276 3.5000000000
7188 -4.0000000000 0.1532195799 3.2500000000
7189 -4.0000000000 0.1184210526 4.7500000000
7190 -4.0000000000 0.1184210526 4.5000000000
7191 -4.0000000000 0.1184210526 4.2500000000
7192 -4.0000000000 0.1184210526 4.0000000000
7193 -4.0000000000 0.1184210526 3.7500000000
7194 -4.0000000000 0.1184210526 3.5000000000
7195 -4.0000000000 0.1184210526 3.2500000000
7196 -4.0000000000 0.0836225254 4.7500000000
7197 -4.0000000000 0.0403585777 4.5000000000
7198 -4.0000000000 0.0234292767 4.2500000000
7199 -4.0000000000 0.0184210526 4.0000000000
7200 -4.0000000000 0.0234292767 3.7500000000
7201 -4.0000000000 0.0403585777 3.5000000000
7202 -4.0000000000 0.0836225254 3.2500000000
7203 -3.6989322857 0.1445870511 4.7500000000
7204 -3.6964110176 0.1877774711 4.5000000000
7205 -3.6954244384 0.2046780004 4.2500000000
7206 -3.6951325771 0.2096777129 4.0000000000
7207 -3.6954244384 0.2046780004 3.7500000000
7208 -3.6964110176 0.1877774711 3.5000000000
7209 -3.6989322857 0.1445870511 3.2500000000
7210 -3.7009602195 0.1098476644 4.7500000000
7211 -3.7009602195 0.1098476644 4.5000000000
7212 -3.7009602195 0.1098476644 4.2500000000
7213 -3.7009602195 0.1098476644 4.0000000000
7214 -3.7009602195 0.1098476644 3.7500000000
7215 -3.7009602195 0.1098476644 3.5000000000
7216 -3.7009602195 0.1098476644 3.2500000000
7217 -3.7029881532 0.0751082778 4.7500000000
7218 -3.7055094214 0.0319178578 4.5000000000
7219 -3.7064960005 0.0150173284 4.2500000000
7220 -3.7067878619 0.0100176159 4.0000000000
7221 -3.7064960005 0.0150173284 3.7500000000
7222 -3.7055094214 0.0319178578 3.5000000000
7223 -3.7029881532 0.0751082778 3.2500000000
7224 -3.4551382266 0.1213908062 4.7500000000
7225 -3.4496735833 0.1643082485 4.5000000000
7226 -3.4475352535 0.1811019609 4.2500000000
7227 -3.4469026677 0.1860700735 4.0000000000
7228 -3.4475352535 0.1811019609 3.7500000000
7229 -3.4496735833 0.1643082485 3.5000000000
7230 -3.4551382266 0.1213908062 3.2500000000
7231 -3.4595336077 0.0868709840 4.7500000000
7232 -3.4595336077 0.0868709840 4.5000000000
7233 -3.4595336077 0.0868709840 4.2500000000
7234 -3.4595336077 0.0868709840 4.0000000000
7235 -3.4595336077 0.0868709840 3.7500000000
7236 -3.4595336077 0.0868709840 3.5000000000
7237 -3.4595336077 0.0868709840 3.2500000000
7238 -3.4639289888 0.0523511618 4.7500000000
7239 -3.4693936320 0.0094337196 4.5000000000
7240 -3.4715319619 -0.0073599928 4.2500000000
7241 -3.4721645476 -0.0123281054 4.0000000000
7242 -3.4715319619 -0.0073599928 3.7500000000
7243 -3.4693936320 0.0094337196 3.5000000000
7244 -3.4639289888 0.0523511618 3.2500000000
7245 -3.2526506538 0.0877714809 4.7500000000
7246 -3.2444343763 0.1302480857 4.5000000000
7247 -3.2412193244 0.1468692972 4.2500000000
7248 -3.2402682101 0.1517863786 4.0000000000
7249 -3.2412193244 0.1468692972 3.7500000000
7250 -3.2444343763 0.1302480857 3.5000000000
7251 -3.2526506538 0.0877714809 3.2500000000
7252 -3.2592592593 0.0536062378 4.7500000000
7253 -3.2592592593 0.0536062378 4.5000000000
7254 -3.2592592593 0.0536062378 4.2500000000
7255 -3.2592592593 0.0536062378 4.0000000000
7256 -3.2592592593 0.0536062378 3.7500000000
7257 -3.2592592593 0.0536062378 3.5000000000
7258 -3.2592592593 0.0536062378 3.2500000000
7259 -3.2658678647 0.0194409947 4.7500000000
7260 -3.2740841422 -0.0230356101 4.5000000000
7261 -3.2772991941 -0.0396568216 4.2500000000
7262 -3.2782503084 -0.0445739030 4.0000000000
7263 -3.2772991941 -0.0396568216 3.7500000000
7264 -3.2740841422 -0.0230356101 3.5000000000
7265 -3.2658678647 0.0194409947 3.2500000000
7266 -3.0756833864 0.0480367983 4.7500000000
7267 -3.0657460793 0.0901440317 4.5000000000
7268 -3.0618575839 0.1066207071 4.2500000000
7269 -3.0607072436 0.1114950302 4.0000000000
7270 -3.0618575839 0.1066207071 3.7500000000
7271 -3.0657460793 0.0901440317 3.5000000000
7272 -3.0756833864 0.0480367983 3.2500000000
7273 -3.0836762689 0.0141686521 4.7500000000
7274 -3.0836762689 0.0141686521 4.5000000000
7275 -3.0836762689 0.0141686521 4.2500000000
7276 -3.0836762689 0.0141686521 4.0000000000
7277 -3.0836762689 0.0141686521 3.7500000000
7278 -3.0836762689 0.0141686521 3.5000000000
7279 -3.0836762689 0.0141686521 3.2500000000
7280 -3.0916691514 -0.0196994941 4.7500000000
7281 -3.1016064584 -0.0618067275 4.5000000000
7282 -3.1054949539 -0.0782834030 4.2500000000
7283 -3.1066452941 -0.0831577260 4.0000000000
7284 -3.1054949539 -0.0782834030 3.7500000000
7285 -3.1016064584 -0.0618067275 3.5000000000
7286 -3.0916691514 -0.0196994941 3.2500000000
7287 -2.9083308486 0.0065415994 4.7500000000
7288 -2.8983935416 0.0486488328 4.5000000000
7289 -2.8945050461 0.0651255082 4.2500000000
7290 -2.8933547059 0.0699998313 4.0000000000
7291 -2.8945050461 0.0651255082 3.7500000000
7292 -2.8983935416 0.0486488328 3.5000000000
7293 -2.9083308486 0.0065415994 3.2500000000
7294 -2.9163237311 -0.0273265468 4.7500000000
7295 -2.9163237311 -0.0273265468 4.5000000000
7296 -2.9163237311 -0.0273265468 4.2500000000
7297 -2.9163237311 -0.0273265468 4.0000000000
7298 -2.9163237311 -0.0273265468 3.7500000000
7299 -2.9163237311 -0.0273265468 3.5000000000
7300 -2.9163237311 -0.0273265468 3.2500000000
7301 -2.9243166136 -0.0611946931 4.7500000000
7302 -2.9342539207 -0.1033019264 4.5000000000
7303 -2.9381424161 -0.1197786019 4.2500000000
7304 -2.9392927564 -0.1246529249 4.0000000000
7305 -2.9381424161 -0.1197786019 3.7500000000
7306 -2.9342539207 -0.1033019264 3.5000000000
7307 -2.9243166136 -0.0611946931 3.2500000000
7308 -2.7341321353 -0.0325988895 4.7500000000
7309 -2.7259158578 0.0098777153 4.5000000000
7310 -2.7227008059 0.0264989269 4.2500000000
7311 -2.7217496916 0.0314160083 4.0000000000
7312 -2.7227008059 0.0264989269 3.7500000000
7313 -2.7259158578 0.0098777153 3.5000000000
7314 -2.7341321353 -0.0325988895 3.2500000000
7315 -2.7407407407 -0.0667641326 4.7500000000
7316 -2.7407407407 -0.0667641326 4.5000000000
7317 -2.7407407407 -0.0667641326 4.2500000000
7318 -2.7407407407 -0.0667641326 4.0000000000
7319 -2.7407407407 -0.0667641326 3.7500000000
7320 -2.7407407407 -0.0667641326 3.5000000000
7321 -2.7407407407 -0.0667641326 3.2500000000
7322 -2.7473493462 -0.1009293756 4.7500000000
7323 -2.7555656237 -0.1434059804 4.5000000000
7324 -2.7587806756 -0.1600271920 4.2500000000
7325 -2.7597317899 -0.1649442734 4.0000000000
7326 -2.7587806756 -0.1600271920 3.7500000000
7327 -2.7555656237 -0.1434059804 3.5000000000
7328 -2.7473493462 -0.1009293756 3.2500000000
7329 -2.5360710112 -0.0655090566 4.7500000000
7330 -2.5306063680 -0.0225916144 4.5000000000
7331 -2.5284680381 -0.0057979019 4.2500000000
7332 -2.5278354524 -0.0008297893 4.0000000000
7333 -2.5284680381 -0.0057979019 3.7500000000
7334 -2.5306063680 -0.0225916144 3.5000000000
7335 -2.5360710112 -0.0655090566 3.2500000000
7336 -2.5404663923 -0.1000288788 4.7500000000
7337 -2.5404663923 -0.1000288788 4.5000000000
7338 -2.5404663923 -0.1000288788 4.2500000000
7339 -2.5404663923 -0.1000288788 4.0000000000
7340 -2.5404663923 -0.1000288788 3.7500000000
7341 -2.5404663923 -0.1000288788 3.5000000000
7342 -2.5404663923 -0.1000288788 3.2500000000
7343 -2.5448617734 -0.1345487010 4.7500000000
7344 -2.5503264167 -0.1774661432 4.5000000000
7345 -2.5524647465 -0.1942598556 4.2500000000
7346 -2.5530973323 -0.1992279683 4.0000000000
7347 -2.5524647465 -0.1942598556 3.7500000000
7348 -2.5503264167 -0.1774661432 3.5000000000
7349 -2.5448617734 -0.1345487010 3.2500000000
7350 -2.2970118468 -0.0882661725 4.7500000000
7351 -2.2944905786 -0.0450757525 4.5000000000
7352 -2.2935039995 -0.0281752232 4.2500000000
7353 -2.2932121381 -0.0231755107 4.0000000000
7354 -2.2935039995 -0.0281752232 3.7500000000
7355 -2.2944905786 -0.0450757525 3.5000000000
7356 -2.2970118468 -0.0882661725 3.2500000000
7357 -2.2990397805 -0.1230055592 4.7500000000
7358 -2.2990397805 -0.1230055592 4.5000000000
7359 -2.2990397805 -0.1230055592 4.2500000000
7360 -2.2990397805 -0.1230055592 4.0000000000
7361 -2.2990397805 -0.1230055592 3.7500000000
7362 -2.2990397805 -0.1230055592 3.5000000000
7363 -2.2990397805 -0.1230055592 3.2500000000
7364 -2.3010677143 -0.1577449458 4.7500000000
7365 -2.3035889824 -0.2009353658 4.5000000000
7366 -2.3045755616 -0.2178358952 4.2500000000
7367 -2.3048674229 -0.2228356077 4.0000000000
7368 -2.3045755616 -0.2178358952 3.7500000000
7369 -2.3035889824 -0.2009353658 3.5000000000
7370 -2.3010677143 -0.1577449458 3.2500000000
7371 -2.0000000000 -0.0967804201 4.7500000000
7372 -2.0000000000 -0.0535164724 4.5000000000
7373 -2.0000000000 -0.0365871714 4.2500000000
7374 -2.0000000000 -0.0315789474 4.0000000000
7375 -2.0000000000 -0.0365871714 3.7500000000
7376 -2.0000000000 -0.0535164724 3.5000000000
7377 -2.0000000000 -0.0967804201 3.2500000000
7378 -2.0000000000 -0.1315789474 4.7500000000
7379 -2.0000000000 -0.1315789474 4.5000000000
7380 -2.0000000000 -0.1315789474 4.2500000000
7381 -2.0000000000 -0.1315789474 4.0000000000
7382 -2.0000000000 -0.1315789474 3.7500000000
7383 -2.0000000000 -0.1315789474 3.5000000000
7384 -2.0000000000 -0.1315789474 3.2500000000
7385 -2.0000000000 -0.1663774746 4.7500000000
7386 -2.0000000000 -0.2096414223 4.5000000000
7387 -2.0000000000 -0.2265707233 4.2500000000
7388 -2.0000000000 -0.2315789474 4.0000000000
7389 -2.0000000000 -0.2265707233 3.7500000000
7390 -2.0000000000 -0.2096414223 3.5000000000
7391 -2.0000000000 -0.1663774746 3.2500000000
7392 -1.7029881532 -0.0882661725 4.7500000000
7393 -1.7055094214 -0.0450757525 4.5000000000
7394 -1.7064960005 -0.0281752232 4.2500000000
7395 -1.7067878619 -0.0231755107 4.0000000000
7396 -1.7064960005 -0.0281752232 3.7500000000
7397 -1.7055094214 -0.0450757525 3.5000000000
7398 -1.7029881532 -0.0882661725 3.2500000000
7399 -1.7009602195 -0.1230055592 4.7500000000
7400 -1.7009602195 -0.1230055592 4.5000000000
7401 -1.7009602195 -0.1230055592 4.2500000000
7402 -1.7009602195 -0.1230055592 4.0000000000
7403 -1.7009602195 -0.1230055592 3.7500000000
7404 -1.7009602195 -0.1230055592 3.5000000000
7405 -1.7009602195 -0.1230055592 3.2500000000
7406 -1.6989322857 -0.1577449458 4.7500000000
7407 -1.6964110176 -0.2009353658 4.5000000000
7408 -1.6954244384 -0.2178358952 4.2500000000
7409 -1.6951325771 -0.2228356077 4.0000000000
7410 -1.6954244384 -0.2178358952 3.7500000000
7411 -1.6964110176 -0.2009353658 3.5000000000
7412 -1.6989322857 -0.1577449458 3.2500000000
7413 -1.4639289888 -0.0655090566 4.7500000000
7414 -1.4693936320 -0.0225916144 4.5000000000
7415 -1.4715319619 -0.0057979019 4.2500000000
7416 -1.4721645476 -0.0008297893 4.0000000000
7417 -1.4715319619 -0.0057979019 3.7500000000
7418 -1.4693936320 -0.0225916144 3.5000000000
7419 -1.4639289888 -0.0655090566 3.2500000000
7420 -1.4595336077 -0.1000288788 4.7500000000
7421 -1.4595336077 -0.1000288788 4.5000000000
7422 -1.4595336077 -0.1000288788 4.2500000000
7423 -1.4595336077 -0.1000288788 4.0000000000
7424 -1.4595336077 -0.1000288788 3.7500000000
7425 -1.4595336077 -0.1000288788 3.5000000000
7426 -1.4595336077 -0.1000288788 3.2500000000
7427 -1.4551382266 -0.1345487010 4.7500000000
7428 -1.4496735833 -0.1774661432 4.5000000000
7429 -1.4475352535 -0.1942598556 4.2500000000
7430 -1.4469026677 -0.1992279683 4.0000000000
7431 -1.4475352535 -0.1942598556 3.7500000000
7432 -1.4496735833 -0.1774661432 3.5000000000
7433 -1.4551382266 -0.1345487010 3.2500000000
7434 -1.2658678647 -0.0325988895 4.7500000000
7435 -1.2740841422 0.0098777153 4.5000000000
7436 -1.2772991941 0.0264989269 4.2500000000
7437 -1.2782503084 0.0314160083 4.0000000000
7438 -1.2772991941 0.0264989269 3.7500000000
7439 -1.2740841422 0.0098777153 3.5000000000
7440 -1.2658678647 -0.0325988895 3.2500000000
7441 -1.2592592593 -0.0667641326 4.7500000000
7442 -1.2592592593 -0.0667641326 4.5000000000
7443 -1.2592592593 -0.0667641326 4.2500000000
7444 -1.2592592593 -0.0667641326 4.0000000000
7445 -1.2592592593 -0.0667641326 3.7500000000
7446 -1.2592592593 -0.0667641326 3.5000000000
7447 -1.2592592593 -0.0667641326 3.2500000000
7448 -1.2526506538 -0.1009293756 4.7500000000
7449 -1.2444343763 -0.1434059804 4.5000000000
7450 -1.2412193244 -0.1600271920 4.2500000000
7451 -1.2402682101 -0.1649442734 4.0000000000
7452 -1.2412193244 -0.1600271920 3.7500000000
7453 -1.2444343763 -0.1434059804 3.5000000000
7454 -1.2526506538 -0.1009293756 3.2500000000
7455 -1.0916691514 0.0065415994 4.7500000000
7456 -1.1016064584 0.0486488328 4.5000000000
7457 -1.1054949539 0.0651255082 4.2500000000
7458 -1.1066452941 0.0699998313 4.0000000000
7459 -1.1054949539 0.0651255082 3.7500000000
7460 -1.1016064584 0.0486488328 3.5000000000
7461 -1.0916691514 0.0065415994 3.2500000000
7462 -1.0836762689 -0.0273265468 4.7500000000
7463 -1.0836762689 -0.0273265468 4.5000000000
7464 -1.0836762689 -0.0273265468 4.2500000000
7465 -1.0836762689 -0.0273265468 4.0000000000
7466 -1.0836762689 -0.0273265468 3.7500000000
7467 -1.0836762689 -0.0273265468 3.5000000000
7468 -1.0836762689 -0.0273265468 3.2500000000
7469 -1.0756833864 -0.0611946931 4.7500000000
7470 -1.0657460793 -0.1033019264 4.5000000000
7471 -1.0618575839 -0.1197786019 4.2500000000
7472 -1.0607072436 -0.1246529249 4.0000000000
7473 -1.0618575839 -0.1197786019 3.7500000000
7474 -1.0657460793 -0.1033019264 3.5000000000
7475 -1.0756833864 -0.0611946931 3.2500000000
7476 -0.9243166136 0.0480367983 4.7500000000
7477 -0.9342539207 0.0901440317 4.5000000000
7478 -0.9381424161 0.1066207071 4.2500000000
7479 -0.9392927564 0.1114950302 4.0000000000
7480 -0.9381424161 0.1066207071 3.7500000000
7481 -0.9342539207 0.0901440317 3.5000000000
7482 -0.9243166136 0.0480367983 3.2500000000
7483 -0.9163237311 0.0141686521 4.7500000000
7484 -0.9163237311 0.0141686521 4.5000000000
7485 -0.9163237311 0.0141686521 4.2500000000
7486 -0.9163237311 0.0141686521 4.0000000000
7487 -0.9163237311 0.0141686521 3.7500000000
7488 -0.9163237311 0.0141686521 3.5000000000
7489 -0.9163237311 0.0141686521 3.2500000000
7490 -0.9083308486 -0.0196994941 4.7500000000
7491 -0.8983935416 -0.0618067275 4.5000000000
7492 -0.8945050461 -0.0782834030 4.2500000000
7493 -0.8933547059 -0.0831577260 4.0000000000
7494 -0.8945050461 -0.0782834030 3.7500000000
7495 -0.8983935416 -0.0618067275 3.5000000000
7496 -0.9083308486 -0.0196994941 3.2500000000
7497 -0.7473493462 0.0877714809 4.7500000000
7498 -0.7555656237 0.1302480857 4.5000000000
7499 -0.7587806756 0.1468692972 4.2500000000
7500 -0.7597317899 0.1517863786 4.0000000000
7501 -0.7587806756 0.1468692972 3.7500000000
7502 -0.7555656237 0.1302480857 3.5000000000
7503 -0.7473493462 0.0877714809 3.2500000000
7504 -0.7407407407 0.0536062378 4.7500000000
7505 -0.7407407407 0.0536062378 4.5000000000
7506 -0.7407407407 0.0536062378 4.2500000000
7507 -0.7407407407 0.0536062378 4.0000000000
7508 -0.7407407407 0.0536062378 3.7500000000
7509 -0.7407407407 0.0536062378 3.5000000000
7510 -0.7407407407 0.0536062378 3.2500000000
7511 -0.7341321353 0.0194409947 4.7500000000
7512 -0.7259158578 -0.0230356101 4.5000000000
7513 -0.7227008059 -0.0396568216 4.2500000000
7514 -0.7217496916 -0.0445739030 4.0000000000
7515 -0.7227008059 -0.0396568216 3.7500000000
7516 -0.7259158578 -0.0230356101 3.5000000000
7517 -0.7341321353 0.0194409947 3.2500000000
7518 -0.5448617734 0.1213908062 4.7500000000
7519 -0.5503264167 0.1643082485 4.5000000000
7520 -0.5524647465 0.1811019609 4.2500000000
7521 -0.5530973323 0.1860700735 4.0000000000
7522 -0.5524647465 0.1811019609 3.7500000000
7523 -0.5503264167 0.1643082485 3.5000000000
7524 -0.5448617734 0.1213908062 3.2500000000
7525 -0.5404663923 0.0868709840 4.7500000000
7526 -0.5404663923 0.0868709840 4.5000000000
7527 -0.5404663923 0.0868709840 4.2500000000
7528 -0.5404663923 0.0868709840 4.0000000000
7529 -0.5404663923 0.0868709840 3.7500000000
7530 -0.5404663923 0.0868709840 3.5000000000
7531 -0.5404663923 0.0868709840 3.2500000000
7532 -0.5360710112 0.0523511618 4.7500000000
7533 -0.5306063680 0.0094337196 4.5000000000
7534 -0.5284680381 -0.0073599928 4.2500000000
7535 -0.5278354524 -0.0123281054 4.0000000000
7536 -0.5284680381 -0.0073599928 3.7500000000
7537 -0.5306063680 0.0094337196 3.5000000000
7538 -0.5360710112 0.0523511618 3.2500000000
7539 -0.3010677143 0.1445870511 4.7500000000
7540 -0.3035889824 0.1877774711 4.5000000000
7541 -0.3045755616 0.2046780004 4.2500000000
7542 -0.3048674229 0.2096777129 4.0000000000
7543 -0.3045755616 0.2046780004 3.7500000000
7544 -0.3035889824 0.1877774711 3.5000000000
7545 -0.3010677143 0.1445870511 3.2500000000
7546 -0.2990397805 0.1098476644 4.7500000000
7547 -0.2990397805 0.1098476644 4.5000000000
7548 -0.2990397805 0.1098476644 4.2500000000
7549 -0.2990397805 0.1098476644 4.0000000000
7550 -0.2990397805 0.1098476644 3.7500000000
7551 -0.2990397805 0.1098476644 3.5000000000
7552 -0.2990397805 0.1098476644 3.2500000000
7553 -0.2970118468 0.0751082778 4.7500000000
7554 -0.2944905786 0.0319178578 4.5000000000
7555 -0.2935039995 0.0150173284 4.2500000000
7556 -0.2932121381 0.0100176159 4.0000000000
7557 -0.2935039995 0.0150173284 3.7500000000
7558 -0.2944905786 0.0319178578 3.5000000000
7559 -0.2970118468 0.0751082778 3.2500000000
7560 -0.0000000000 0.1532195799 4.7500000000
7561 -0.0000000000 0.1964835276 4.5000000000
7562 -0.0000000000 0.2134128286 4.2500000000
7563 -0.0000000000 0.2184210526 4.0000000000
7564 -0.0000000000 0.2134128286 3.7500000000
7565 -0.0000000000 0.1964835276 3.5000000000
7566 -0.0000000000 0.1532195799 3.2500000000
7567 -0.0000000000 0.1184210526 4.7500000000
7568 -0.0000000000 0.1184210526 4.5000000000
7569 -0.0000000000 0.1184210526 4.2500000000
7570 -0.0000000000 0.1184210526 4.0000000000
7571 -0.0000000000 0.1184210526 3.7500000000
7572 -0.0000000000 0.1184210526 3.5000000000
7573 -0.0000000000 0.1184210526 3.2500000000
7574 -0.0000000000 0.0836225254 4.7500000000
7575 -0.0000000000 0.0403585777 4.5000000000
7576 -0.0000000000 0.0234292767 4.2500000000
7577 -0.0000000000 0.0184210526 4.0000000000
7578 -0.0000000000 0.0234292767 3.7500000000
7579 -0.0000000000 0.0403585777 3.5000000000
7580 -0.0000000000 0.0836225254 3.2500000000
7581 -0.0000000000 0.1532195799 4.7500000000
7582 -0.0000000000 0.1964835276 4.5000000000
7583 -0.0000000000 0.2134128286 4.2500000000
7584 -0.0000000000 0.2184210526 4.0000000000
7585 -0.0000000000 0.2134128286 3.7500000000
7586 -0.0000000000 0.1964835276 3.5000000000
7587 -0.0000000000 0.1532195799 3.2500000000
7588 -0.0000000000 0.1184210526 4.7500000000
7589 -0.0000000000 0.1184210526 4.5000000000
7590 -0.0000000000 0.1184210526 4.2500000000
7591 -0.0000000000 0.1184210526 4.0000000000
7592 -0.0000000000 0.1184210526 3.7500000000
7593 -0.0000000000 0.1184210526 3.5000000000
7594 -0.0000000000 0.1184210526 3.2500000000
7595 -0.0000000000 0.0836225254 4.7500000000
7596 -0.0000000000 0.0403585777 4.5000000000
7597 -0.0000000000 0.0234292767 4.2500000000
7598 -0.0000000000 0.0184210526 4.0000000000
7599 -0.0000000000 0.0234292767 3.7500000000
7600 -0.0000000000 0.0403585777 3.5000000000
7601 -0.0000000000 0.0836225254 3.2500000000
7602 0.3010677143 0.1445870511 4.7500000000
7603 0.3035889824 0.1877774711 4.5000000000
7604 0.3045755616 0.2046780004 4.2500000000
7605 0.3048674229 0.2096777129 4.0000000000
7606 0.3045755616 0.2046780004 3.7500000000
7607 0.3035889824 0.1877774711 3.5000000000
7608 0.3010677143 0.1445870511 3.2500000000
7609 0.2990397805 0.1098476644 4.7500000000
7610 0.2990397805 0.1098476644 4.5000000000
7611 0.2990397805 0.1098476644 4.2500000000
7612 0.2990397805 0.1098476644 4.0000000000
7613 0.2990397805 0.1098476644 3.7500000000
7614 0.2990397805 0.1098476644 3.5000000000
7615 0.2990397805 0.1098476644 3.2500000000
7616 0.2970118468 0.0751082778 4.7500000000
7617 0.2944905786 0.0319178578 4.5000000000
7618 0.2935039995 0.0150173284 4.2500000000
7619 0.2932121381 0.0100176159 4.0000000000
7620 0.2935039995 0.0150173284 3.7500000000
7621 0.2944905786 0.0319178578 3.5000000000
7622 0.2970118468 0.0751082778 3.2500000000
7623 0.5448617734 0.1213908062 4.7500000000
7624 0.5503264167 0.1643082485 4.5000000000
7625 0.5524647465 0.1811019609 4.2500000000
7626 0.5530973323 0.1860700735 4.0000000000
7627 0.5524647465 0.1811019609 3.7500000000
7628 0.5503264167 0.1643082485 3.5000000000
7629 0.5448617734 0.1213908062 3.2500000000
7630 0.5404663923 0.0868709840 4.7500000000
7631 0.5404663923 0.0868709840 4.5000000000
7632 0.5404663923 0.0868709840 4.2500000000
7633 0.5404663923 0.0868709840 4.0000000000
7634 0.5404663923 0.0868709840 3.7500000000
7635 0.5404663923 0.0868709840 3.5000000000
7636 0.5404663923 0.0868709840 3.2500000000
7637 0.5360710112 0.0523511618 4.7500000000
7638 0.5306063680 0.0094337196 4.5000000000
7639 0.5284680381 -0.0073599928 4.2500000000
7640 0.5278354524 -0.0123281054 4.0000000000
7641 0.5284680381 -0.0073599928 3.7500000000
7642 0.5306063680 0.0094337196 3.5000000000
7643 0.5360710112 0.0523511618 3.2500000000
7644 0.7473493462 0.0877714809 4.7500000000
7645 0.7555656237 0.1302480857 4.5000000000
7646 0.7587806756 0.1468692972 4.2500000000
7647 0.7597317899 0.1517863786 4.0000000000
7648 0.7587806756 0.1468692972 3.7500000000
7649 0.7555656237 0.1302480857 3.5000000000
7650 0.7473493462 0.0877714809 3.2500000000
7651 0.7407407407 0.0536062378 4.7500000000
7652 0.7407407407 0.0536062378 4.5000000000
7653 0.7407407407 0.0536062378 4.2500000000
7654 0.7407407407 0.0536062378 4.0000000000
7655 0.7407407407 0.0536062378 3.7500000000
7656 0.7407407407 0.0536062378 3.5000000000
7657 0.7407407407 0.0536062378 3.2500000000
7658 0.7341321353 0.0194409947 4.7500000000
7659 0.7259158578 -0.0230356101 4.5000000000
7660 0.7227008059 -0.0396568216 4.2500000000
7661 0.7217496916 -0.0445739030 4.0000000000
7662 0.7227008059 -0.0396568216 3.7500000000
7663 0.7259158578 -0.0230356101 3.5000000000
7664 0.7341321353 0.0194409947 3.2500000000
7665 0.9243166136 0.0480367983 4.7500000000
7666 0.9342539207 0.0901440317 4.5000000000
7667 0.9381424161 0.1066207071 4.2500000000
7668 0.9392927564 0.1114950302 4.0000000000
7669 0.9381424161 0.1066207071 3.7500000000
7670 0.9342539207 0.0901440317 3.5000000000
7671 0.9243166136 0.0480367983 3.2500000000
7672 0.9163237311 0.0141686521 4.7500000000
7673 0.9163237311 0.0141686521 4.5000000000
7674 0.9163237311 0.0141686521 4.2500000000
7675 0.9163237311 0.0141686521 4.0000000000
7676 0.9163237311 0.0141686521 3.7500000000
7677 0.9163237311 0.0141686521 3.5000000000
7678 0.9163237311 0.0141686521 3.2500000000
7679 0.9083308486 -0.0196994941 4.7500000000
7680 0.8983935416 -0.0618067275 4.5000000000
7681 0.8945050461 -0.0782834030 4.2500000000
7682 0.8933547059 -0.0831577260 4.0000000000
7683 0.8945050461 -0.0782834030 3.7500000000
7684 0.8983935416 -0.0618067275 3.5000000000
7685 0.9083308486 -0.0196994941 3.2500000000
7686 1.0916691514 0.0065415994 4.7500000000
7687 1.1016064584 0.0486488328 4.5000000000
7688 1.1054949539 0.0651255082 4.2500000000
7689 1.1066452941 0.0699998313 4.0000000000
7690 1.1054949539 0.0651255082 3.7500000000
7691 1.1016064584 0.0486488328 3.5000000000
7692 1.0916691514 0.0065415994 3.2500000000
7693 1.0836762689 -0.0273265468 4.7500000000
7694 1.0836762689 -0.0273265468 4.5000000000
7695 1.0836762689 -0.0273265468 4.2500000000
7696 1.0836762689 -0.0273265468 4.0000000000
7697 1.0836762689 -0.0273265468 3.7500000000
7698 1.0836762689 -0.0273265468 3.5000000000
7699 1.0836762689 -0.0273265468 3.2500000000
7700 1.0756833864 -0.0611946931 4.7500000000
7701 1.0657460793 -0.1033019264 4.5000000000
7702 1.0618575839 -0.1197786019 4.2500000000
7703 1.0607072436 -0.1246529249 4.0000000000
7704 1.0618575839 -0.1197786019 3.7500000000
7705 1.0657460793 -0.1033019264 3.5000000000
7706 1.0756833864 -0.0611946931 3.2500000000
7707 1.2658678647 -0.0325988895 4.7500000000
7708 1.2740841422 0.0098777153 4.5000000000
7709 1.2772991941 0.0264989269 4.2500000000
7710 1.2782503084 0.0314160083 4.0000000000
7711 1.2772991941 0.0264989269 3.7500000000
7712 1.2740841422 0.0098777153 3.5000000000
7713 1.2658678647 -0.0325988895 3.2500000000
7714 1.2592592593 -0.0667641326 4.7500000000
7715 1.2592592593 -0.0667641326 4.5000000000
7716 1.2592592593 -0.0667641326 4.2500000000
7717 1.2592592593 -0.0667641326 4.0000000000
7718 1.2592592593 -0.0667641326 3.7500000000
7719 1.2592592593 -0.0667641326 3.5000000000
7720 1.2592592593 -0.0667641326 3.2500000000
7721 1.2526506538 -0.1009293756 4.7500000000
7722 1.2444343763 -0.1434059804 4.5000000000
7723 1.2412193244 -0.1600271920 4.2500000000
7724 1.2402682101 -0.1649442734 4.0000000000
7725 1.2412193244 -0.1600271920 3.7500000000
7726 1.2444343763 -0.1434059804 3.5000000000
7727 1.2526506538 -0.1009293756 3.2500000000
7728 1.4639289888 -0.0655090566 4.7500000000
7729 1.4693936320 -0.0225916144 4.5000000000
7730 1.4715319619 -0.0057979019 4.2500000000
7731 1.4721645476 -0.0008297893 4.0000000000
7732 1.4715319619 -0.0057979019 3.7500000000
7733 1.4693936320 -0.0225916144 3.5000000000
7734 1.4639289888 -0.0655090566 3.2500000000
7735 1.4595336077 -0.1000288788 4.7500000000
7736 1.4595336077 -0.1000288788 4.5000000000
7737 1.4595336077 -0.1000288788 4.2500000000
7738 1.4595336077 -0.1000288788 4.0000000000
7739 1.4595336077 -0.1000288788 3.7500000000
7740 1.4595336077 -0.1000288788 3.5000000000
7741 1.4595336077 -0.1000288788 3.2500000000
7742 1.4551382266 -0.1345487010 4.7500000000
7743 1.4496735833 -0.1774661432 4.5000000000
7744 1.4475352535 -0.1942598556 4.2500000000
7745 1.4469026677 -0.1992279683 4.0000000000
7746 1.4475352535 -0.1942598556 3.7500000000
7747 1.4496735833 -0.1774661432 3.5000000000
7748 1.4551382266 -0.1345487010 3.2500000000
7749 1.7029881532 -0.0882661725 4.7500000000
7750 1.7055094214 -0.0450757525 4.5000000000
7751 1.7064960005 -0.0281752232 4.2500000000
7752 1.7067878619 -0.0231755107 4.0000000000
7753 1.7064960005 -0.0281752232 3.7500000000
7754 1.7055094214 -0.0450757525 3.5000000000
7755 1.7029881532 -0.0882661725 3.2500000000
7756 1.7009602195 -0.1230055592 4.7500000000
7757 1.7009602195 -0.1230055592 4.5000000000
7758 1.7009602195 -0.1230055592 4.2500000000
7759 1.7009602195 -0.1230055592 4.0000000000
7760 1.7009602195 -0.1230055592 3.7500000000
7761 1.7009602195 -0.1230055592 3.5000000000
7762 1.7009602195 -0.1230055592 3.2500000000
7763 1.6989322857 -0.1577449458 4.7500000000
7764 1.6964110176 -0.2009353658 4.5000000000
7765 1.6954244384 -0.2178358952 4.2500000000
7766 1.6951325771 -0.2228356077 4.0000000000
7767 1.6954244384 -0.2178358952 3.7500000000
7768 1.6964110176 -0.2009353658 3.5000000000
7769 1.6989322857 -0.1577449458 3.2500000000
7770 2.0000000000 -0.0967804201 4.7500000000
7771 2.0000000000 -0.0535164724 4.5000000000
7772 2.0000000000 -0.0365871714 4.2500000000
7773 2.0000000000 -0.0315789474 4.0000000000
7774 2.0000000000 -0.0365871714 3.7500000000
7775 2.0000000000 -0.0535164724 3.5000000000
7776 2.0000000000 -0.0967804201 3.2500000000
7777 2.0000000000 -0.1315789474 4.7500000000
7778 2.0000000000 -0.1315789474 4.5000000000
7779 2.0000000000 -0.1315789474 4.2500000000
7780 2.0000000000 -0.1315789474 4.0000000000
7781 2.0000000000 -0.1315789474 3.7500000000
7782 2.0000000000 -0.1315789474 3.5000000000
7783 2.0000000000 -0.1315789474 3.2500000000
7784 2.0000000000 -0.1663774746 4.7500000000
7785 2.0000000000 -0.2096414223 4.5000000000
7786 2.0000000000 -0.2265707233 4.2500000000
7787 2.0000000000 -0.2315789474 4.0000000000
7788 2.0000000000 -0.2265707233 3.7500000000
7789 2.0000000000 -0.2096414223 3.5000000000
7790 2.0000000000 -0.1663774746 3.2500000000
7791 2.2970118468 -0.0882661725 4.7500000000
7792 2.2944905786 -0.0450757525 4.5000000000
7793 2.2935039995 -0.0281752232 4.2500000000
7794 2.2932121381 -0.0231755107 4.0000000000
7795 2.2935039995 -0.0281752232 3.7500000000
7796 2.2944905786 -0.0450757525 3.5000000000
7797 2.2970118468 -0.0882661725 3.2500000000
7798 2.2990397805 -0.1230055592 4.7500000000
7799 2.2990397805 -0.1230055592 4.5000000000
7800 2.2990397805 -0.1230055592 4.2500000000
7801 2.2990397805 -0.1230055592 4.0000000000
7802 2.2990397805 -0.1230055592 3.7500000000
7803 2.2990397805 -0.1230055592 3.5000000000
7804 2.2990397805 -0.1230055592 3.2500000000
7805 2.3010677143 -0.1577449458 4.7500000000
7806 2.3035889824 -0.2009353658 4.5000000000
7807 2.3045755616 -0.2178358952 4.2500000000
7808 2.3048674229 -0.2228356077 4.0000000000
7809 2.3045755616 -0.2178358952 3.7500000000
7810 2.3035889824 -0.2009353658 3.5000000000
7811 2.3010677143 -0.1577449458 3.2500000000
7812 2.5360710112 -0.0655090566 4.7500000000
7813 2.5306063680 -0.0225916144 4.5000000000
7814 2.5284680381 -0.0057979019 4.2500000000
7815 2.5278354524 -0.0008297893 4.0000000000
7816 2.5284680381 -0.0057979019 3.7500000000
7817 2.5306063680 -0.0225916144 3.5000000000
7818 2.5360710112 -0.0655090566 3.2500000000
7819 2.5404663923 -0.1000288788 4.7500000000
7820 2.5404663923 -0.1000288788 4.5000000000
7821 2.5404663923 -0.1000288788 4.2500000000
7822 2.5404663923 -0.1000288788 4.0000000000
7823 2.5404663923 -0.1000288788 3.7500000000
7824 2.5404663923 -0.1000288788 3.5000000000
7825 2.5404663923 -0.1000288788 3.2500000000
7826 2.5448617734 -0.1345487010 4.7500000000
7827 2.5503264167 -0.1774661432 4.5000000000
7828 2.5524647465 -0.1942598556 4.2500000000
7829 2.5530973323 -0.1992279683 4.0000000000
7830 2.5524647465 -0.1942598556 3.7500000000
7831 2.5503264167 -0.1774661432 3.5000000000
7832 2.5448617734 -0.1345487010 3.2500000000
7833 2.7341321353 -0.0325988895 4.7500000000
7834 2.7259158578 0.0098777153 4.5000000000
7835 2.7227008059 0.0264989269 4.2500000000
7836 2.7217496916 0.0314160083 4.0000000000
7837 2.7227008059 0.0264989269 3.7500000000
7838 2.7259158578 0.0098777153 3.5000000000
7839 2.7341321353 -0.0325988895 3.2500000000
7840 2.7407407407 -0.0667641326 4.7500000000
7841 2.7407407407 -0.0667641326 4.5000000000
7842 2.7407407407 -0.0667641326 4.2500000000
7843 2.7407407407 -0.0667641326 4.0000000000
7844 2.7407407407 -0.0667641326 3.7500000000
7845 2.7407407407 -0.0667641326 3.5000000000
7846 2.7407407407 -0.0667641326 3.2500000000
7847 2.7473493462 -0.1009293756 4.7500000000
7848 2.7555656237 -0.1434059804 4.5000000000
7849 2.7587806756 -0.1600271920 4.2500000000
7850 2.7597317899 -0.1649442734 4.0000000000
7851 2.7587806756 -0.1600271920 3.7500000000
7852 2.7555656237 -0.1434059804 3.5000000000
7853 2.7473493462 -0.1009293756 3.2500000000
7854 2.9083308486 0.0065415994 4.7500000000
7855 2.8983935416 0.0486488328 4.5000000000
7856 2.8945050461 0.0651255082 4.2500000000
7857 2.8933547059 0.0699998313 4.0000000000
7858 2.8945050461 0.0651255082 3.7500000000
7859 2.8983935416 0.0486488328 3.5000000000
7860 2.9083308486 0.0065415994 3.2500000000
7861 2.9163237311 -0.0273265468 4.7500000000
7862 2.9163237311 -0.0273265468 4.5000000000
7863 2.9163237311 -0.0273265468 4.2500000000
7864 2.9163237311 -0.0273265468 4.0000000000
7865 2.9163237311 -0.0273265468 3.7500000000
7866 2.9163237311 -0.0273265468 3.5000000000
7867 2.9163237311 -0.0273265468 3.2500000000
7868 2.9243166136 -0.0611946931 4.7500000000
7869 2.9342539207 -0.1033019264 4.5000000000
7870 2.9381424161 -0.1197786019 4.2500000000
7871 2.9392927564 -0.1246529249 4.0000000000
7872 2.9381424161 -0.1197786019 3.7500000000
7873 2.9342539207 -0.1033019264 3.5000000000
7874 2.9243166136 -0.0611946931 3.2500000000
7875 3.0756833864 0.0480367983 4.7500000000
7876 3.0657460793 0.0901440317 4.5000000000
7877 3.0618575839 0.1066207071 4.2500000000
7878 3.0607072436 0.1114950302 4.0000000000
7879 3.0618575839 0.1066207071 3.7500000000
7880 3.0657460793 0.0901440317 3.5000000000
7881 3.0756833864 0.0480367983 3.2500000000
7882 3.0836762689 0.0141686521 4.7500000000
7883 3.0836762689 0.0141686521 4.5000000000
7884 3.0836762689 0.0141686521 4.2500000000
7885 3.0836762689 0.0141686521 4.0000000000
7886 3.0836762689 0.0141686521 3.7500000000
7887 3.0836762689 0.0141686521 3.5000000000
7888 3.0836762689 0.0141686521 3.2500000000
7889 3.0916691514 -0.0196994941 4.7500000000
7890 3.1016064584 -0.0618067275 4.5000000000
7891 3.1054949539 -0.0782834030 4.2500000000
7892 3.1066452941 -0.0831577260 4.0000000000
7893 3.1054949539 -0.0782834030 3.7500000000
7894 3.1016064584 -0.0618067275 3.5000000000
7895 3.0916691514 -0.0196994941 3.2500000000
7896 3.2526506538 0.0877714809 4.7500000000
7897 3.2444343763 0.1302480857 4.5000000000
7898 3.2412193244 0.1468692972 4.2500000000
7899 3.2402682101 0.1517863786 4.0000000000
7900 3.2412193244 0.1468692972 3.7500000000
7901 3.2444343763 0.1302480857 3.5000000000
7902 3.2526506538 0.0877714809 3.2500000000
7903 3.2592592593 0.0536062378 4.7500000000
7904 3.2592592593 0.0536062378 4.5000000000
7905 3.2592592593 0.0536062378 4.2500000000
7906 3.2592592593 0.0536062378 4.0000000000
7907 3.2592592593 0.0536062378 3.7500000000
7908 3.2592592593 0.0536062378 3.5000000000
7909 3.2592592593 0.0536062378 3.2500000000
7910 3.2658678647 0.0194409947 4.7500000000
7911 3.2740841422 -0.0230356101 4.5000000000
7912 3.2772991941 -0.0396568216 4.2500000000
7913 3.2782503084 -0.0445739030 4.0000000000
7914 3.2772991941 -0.0396568216 3.7500000000
7915 3.2740841422 -0.0230356101 3.5000000000
7916 3.2658678647 0.0194409947 3.2500000000
7917 3.4551382266 0.1213908062 4.7500000000
7918 3.4496735833 0.1643082485 4.5000000000
7919 3.4475352535 0.1811019609 4.2500000000
7920 3.4469026677 0.1860700735 4.0000000000
7921 3.4475352535 0.1811019609 3.7500000000
7922 3.4496735833 0.1643082485 3.5000000000
7923 3.4551382266 0.1213908062 3.2500000000
7924 3.4595336077 0.0868709840 4.7500000000
7925 3.4595336077 0.0868709840 4.5000000000
7926 3.4595336077 0.0868709840 4.2500000000
7927 3.4595336077 0.0868709840 4.0000000000
7928 3.4595336077 0.0868709840 3.7500000000
7929 3.4595336077 0.0868709840 3.5000000000
7930 3.4595336077 0.0868709840 3.2500000000
7931 3.4639289888 0.0523511618 4.7500000000
7932 3.4693936320 0.0094337196 4.5000000000
7933 3.4715319619 -0.0073599928 4.2500000000
7934 3.4721645476 -0.0123281054 4.0000000000
7935 3.4715319619 -0.0073599928 3.7500000000
7936 3.4693936320 0.0094337196 3.5000000000
7937 3.4639289888 0.0523511618 3.2500000000
7938 3.6989322857 0.1445870511 4.7500000000
7939 3.6964110176 0.1877774711 4.5000000000
7940 3.6954244384 0.2046780004 4.2500000000
7941 3.6951325771 0.2096777129 4.0000000000
7942 3.6954244384 0.2046780004 3.7500000000
7943 3.6964110176 0.1877774711 3.5000000000
7944 3.6989322857 0.1445870511 3.2500000000
7945 3.7009602195 0.1098476644 4.7500000000
7946 3.7009602195 0.1098476644 4.5000000000
7947 3.7009602195 0.1098476644 4.2500000000
7948 3.7009602195 0.1098476644 4.0000000000
7949 3.7009602195 0.1098476644 3.7500000000
7950 3.7009602195 0.1098476644 3.5000000000
7951 3.7009602195 0.1098476644 3.2500000000
7952 3.7029881532 0.0751082778 4.7500000000
7953 3.7055094214 0.0319178578 4.5000000000
7954 3.7064960005 0.0150173284 4.2500000000
7955 3.7067878619 0.0100176159 4.0000000000
7956 3.7064960005 0.0150173284 3.7500000000
7957 3.7055094214 0.0319178578 3.5000000000
7958 3.7029881532 0.0751082778 3.2500000000
7959 4.0000000000 0.1532195799 4.7500000000
7960 4.0000000000 0.1964835276 4.5000000000
7961 4.0000000000 0.2134128286 4.2500000000
7962 4.0000000000 0.2184210526 4.0000000000
7963 4.0000000000 0.2134128286 3.7500000000
7964 4.0000000000 0.1964835276 3.5000000000
7965 4.0000000000 0.1532195799 3.2500000000
7966 4.0000000000 0.1184210526 4.7500000000
7967 4.0000000000 0.1184210526 4.5000000000
7968 4.0000000000 0.1184210526 4.2500000000
7969 4.0000000000 0.1184210526 4.0000000000
7970 4.0000000000 0.1184210526 3.7500000000
7971 4.0000000000 0.1184210526 3.5000000000
7972 4.0000000000 0.1184210526 3.2500000000
7973 4.0000000000 0.0836225254 4.7500000000
7974 4.0000000000 0.0403585777 4.5000000000
7975 4.0000000000 0.0234292767 4.2500000000
7976 4.0000000000 0.0184210526 4.0000000000
7977 4.0000000000 0.0234292767 3.7500000000
7978 4.0000000000 0.0403585777 3.5000000000
7979 4.0000000000 0.0836225254 3.2500000000
$EndNodes
$Elements
4320
0 5 1 1 8 1 0 7 29 22 21 28
1 5 1 1 15 8 7 14 36 29 28 35
2 5 1 1 9 2 1 8 30 23 22 29
3 5 1 1 16 9 8 15 37 30 29 36
4 5 1 1 10 3 2 9 31 24 23 30
5 5 1 1 17 10 9 16 38 31 30 37
6 5 1 1 11 4 3 10 32 25 24 31
7 5 1 1 18 11 10 17 39 32 31 38
8 5 1 1 12 5 4 11 33 26 25 32
9 5 1 1 19 12 11 18 40 33 32 39
10 5 1 1 13 6 5 12 34 27 26 33
11 5 1 1 20 13 12 19 41 34 33 40
12 5 1 1 29 22 21 28 50 43 42 49
13 5 1 1 36 29 28 35 57 50 49 56
14 5 1 1 30 23 22 29 51 44 43 50
15 5 1 1 37 30 29 36 58 51 50 57
16 5 1 1 31 24 23 30 52 45 44 51
17 5 1 1 38 31 30 37 59 52 51 58
18 5 1 1 32 25 24 31 53 46 45 52
19 5 1 1 39 32 31 38 60 53 52 59
20 5 1 1 33 26 25 32 54 47 46 53
21 5 1 1 40 33 32 39 61 54 53 60
22 5 1 1 34 27 26 33 55 48 47 54
23 5 1 1 41 34 33 40 62 55 54 61
24 5 1 1 50 43 42 49 71 64 63 70
25 5 1 1 57 50 49 56 78 71 70 77
26 5 1 1 51 44 43 50 72 65 64 71
27 5 1 1 58 51 50 57 79 72 71 78
28 5 1 1 52 45 44 51 73 66 65 72
29 5 1 1 59 52 51 58 80 73 72 79
30 5 1 1 53 46 45 52 74 67 66 73
31 5 1 1 60 53 52 59 81 74 73 80
32 5 1 1 54 47 46 53 75 68 67 74
33 5 1 1 61 54 53 60 82 75 74 81
34 5 1 1 55 48 47 54 76 69 68 75
35 5 1 1 62 55 54 61 83 76 75 82
36 5 1 1 71 64 63 70 92 85 84 91
37 5 1 1 78 71 70 77 99 92 91 98
38 5 1 1 72 65 64 71 93 86 85 92
39 5 1 1 79 72 71 78 100 93 92 99
40 5 1 1 73 66 65 72 94 87 86 93
41 5 1 1 80 73 72 79 101 94 93 100
42 5 1 1 74 67 66 73 95 88 87 94
43 5 1 1 81 74 73 80 102 95 94 101
44 5 1 1 75 68 67 74 96 89 88 95
45 5 1 1 82 75 74 81 103 96 95 102
46 5 1 1 76 69 68 75 97 90 89 96
47 5 1 1 83 76 75 82 104 97 96 103
48 5 1 1 92 85 84 91 113 106 105 112
49 5 1 1 99 92 91 98 120 113 112 119
50 5 1 1 93 86 85 92 114 107 106 113
51 5 1 1 100 93 92 99 121 114 113 120
52 5 1 1 94 87 86 93 115 108 107 114
53 5 1 1 101 94 93 100 122 115 114 121
54 5 1 1 95 88 87 94 116 109 108 115
55 5 1 1 102 95 94 101 123 116 115 122
56 5 1 1 96 89 88 95 117 110 109 116
57 5 1 1 103 96 95 102 124 117 116 123
58 5 1 1 97 90 89 96 118 111 110 117
59 5 1 1 104 97 96 103 125 118 117 124
60 5 1 1 113 106 105 112 134 127 126 133
61 5 1 1 120 113 112 119 141 134 133 140
62 5 1 1 114 107 106 113 135 128 127 134
63 5 1 1 121 114 113 120 142 135 134 141
64 5 1 1 115 108 107 114 136 129 128 135
65 5 1 1 122 115 114 121 143 136 135 142
66 5 1 1 116 109 108 115 137 130 129 136
67 5 1 1 123 116 115 122 144 137 136 143
68 5 1 1 117 110 109 116 138 131 130 137
69 5 1 1 124 117 116 123 145 138 137 144
70 5 1 1 118 111 110 117 139 132 131 138
71 5 1 1 125 118 117 124 146 139 138 145
72 5 1 1 134 127 126 133 155 148 147 154
73 5 1 1 141 134 133 140 162 155 154 161
74 5 1 1 135 128 127 134 156 149 148 155
75 5 1 1 142 135 134 141 163 156 155 162
76 5 1 1 136 129 128 135 157 150 149 156
77 5 1 1 143 136 135 142 164 157 156 163
78 5 1 1 137 130 129 136 158 151 150 157
79 5 1 1 144 137 136 143 165 158 157 164
80 5 1 1 138 131 130 137 159 152 151 158
81 5 1 1 145 138 137 144 166 159 158 165
82 5 1 1 139 132 131 138 160 153 152 159
83 5 1 1 146 139 138 145 167 160 159 166
84 5 1 1 155 148 147 154 176 169 168 175
85 5 1 1 162 155 154 161 183 176 175 182
86 5 1 1 156 149 148 155 177 170 169 176
87 5 1 1 163 156 155 162 184 177 176 183
88 5 1 1 157 150 149 156 178 171 170 177
89 5 1 1 164 157 156 163 185 178 177 184
90 5 1 1 158 151 150 157 179 172 171 178
91 5 1 1 165 158 157 164 186 179 178 185
92 5 1 1 159 152 151 158 180 173 172 179
93 5 1 1 166 159 158 165 187 180 179 186
94 5 1 1 160 153 152 159 181 174 173 180
95 5 1 1 167 160 159 166 188 181 180 187
96 5 1 1 176 169 168 175 197 190 189 196
97 5 1 1 183 176 175 182 204 197 196 203
98 5 1 1 177 170 169 176 198 191 190 197
99 5 1 1 184 177 176 183 205 198 197 204
100 5 1 1 178 171 170 177 199 192 191 198
101 5 1 1 185 178 177 184 206 199 198 205
102 5 1 1 179 172 171 178 200 193 192 199
103 5 1 1 186 179 178 185 207 200 199 206
104 5 1 1 180 173 172 179 201 194 193 200
105 5 1 1 187 180 179 186 208 201 200 207
106 5 1 1 181 174 173 180 202 195 194 201
107 5 1 1 188 181 180 187 209 202 201 208
108 5 1 1 197 190 189 196 218 211 210 217
109 5 1 1 204 197 196 203 225 218 217 224
110 5 1 1 198 191 190 197 219 212 211 218
111 5 1 1 205 198 197 204 226 219 218 225
112 5 1 1 199 192 191 198 220 213 212 219
113 5 1 1 206 199 198 205 227 220 219 226
114 5 1 1 200 193 192 199 221 214 213 220
115 5 1 1 207 200 199 206 228 221 220 227
116 5 1 1 201 194 193 200 222 215 214 221
117 5 1 1 208 201 200 207 229 222 221 228
118 5 1 1 202 195 194 201 223 216 215 222
119 5 1 1 209 202 201 208 230 223 222 229
120 5 1 1 218 211 210 217 239 232 231 238
121 5 1 1 225 218 217 224 246 239 238 245
122 5 1 1 219 212 211 218 240 233 232 239
123 5 1 1 226 219 218 225 247 240 239 246
124 5 1 1 220 213 212 219 241 234 233 240
125 5 1 1 227 220 219 226 248 241 240 247
126 5 1 1 221 214 213 220 242 235 234 241
127 5 1 1 228 221 220 227 249 242 241 248
128 5 1 1 222 215 214 221 243 236 235 242
129 5 1 1 229 222 221 228 250 243 242 249
130 5 1 1 223 216 215 222 244 237 236 243
131 5 1 1 230 223 222 229 251 244 243 250
132 5 1 1 239 232 231 238 260 253 252 259
133 5 1 1 246 239 238 245 267 260 259 266
134 5 1 1 240 233 232 239 261 254 253 260
135 5 1 1 247 240 239 246 268 261 260 267
136 5 1 1 241 234 233 240 262 255 254 261
137 5 1 1 248 241 240 247 269 262 261 268
138 5 1 1 242 235 234 241 263 256 255 262
139 5 1 1 249 242 241 248 270 263 262 269
140 5 1 1 243 236 235 242 264 257 256 263
141 5 1 1 250 243 242 249 271 264 263 270
142 5 1 1 244 237 236 243 265 258 257 264
143 5 1 1 251 244 243 250 272 265 264 271
144 5 1 1 260 253 252 259 281 274 273 280
145 5 1 1 267 260 259 266 288 281 280 287
146 5 1 1 261 254 253 260 282 275 274 281
147 5 1 1 268 261 260 267 289 282 281 288
148 5 1 1 262 255 254 261 283 276 275 282
149 5 1 1 269 262 261 268 290 283 282 289
150 5 1 1 263 256 255 262 284 277 276 283
151 5 1 1 270 263 262 269 291 284 283 290
152 5 1 1 264 257 256 263 285 278 277 284
153 5 1 1 271 264 263 270 292 285 284 291
154 5 1 1 265 258 257 264 286 279 278 285
155 5 1 1 272 265 264 271 293 286 285 292
156 5 1 1 281 274 273 280 302 295 294 301
157 5 1 1 288 281 280 287 309 302 301 308
158 5 1 1 282 275 274 281 303 296 295 302
159 5 1 1 289 282 281 288 310 303 302 309
160 5 1 1 283 276 275 282 304 297 296 303
161 5 1 1 290 283 282 289 311 304 303 310
162 5 1 1 284 277 276 283 305 298 297 304
163 5 1 1 291 284 283 290 312 305 304 311
164 5 1 1 285 278 277 284 306 299 298 305
165 5 1 1 292 285 284 291 313 306 305 312
166 5 1 1 286 279 278 285 307 300 299 306
167 5 1 1 293 286 285 292 314 307 306 313
168 5 1 1 302 295 294 301 323 316 315 322
169 5 1 1 309 302 301 308 330 323 322 329
170 5 1 1 303 296 295 302 324 317 316 323
171 5 1 1 310 303 302 309 331 324 323 330
172 5 1 1 304 297 296 303 325 318 317 324
173 5 1 1 311 304 303 310 332 325 324 331
174 5 1 1 305 298 297 304 326 319 318 325
175 5 1 1 312 305 304 311 333 326 325 332
176 5 1 1 306 299 298 305 327 320 319 326
177 5 1 1 313 306 305 312 334 327 326 333
178 5 1 1 307 300 299 306 328 321 320 327
179 5 1 1 314 307 306 313 335 328 327 334
180 5 1 1 323 316 315 322 344 337 336 343
181 5 1 1 330 323 322 329 351 344 343 350
182 5 1 1 324 317 316 323 345 338 337 344
183 5 1 1 331 324 323 330 352 345 344 351
184 5 1 1 325 318 317 324 346 339 338 345
185 5 1 1 332 325 324 331 353 346 345 352
186 5 1 1 326 319 318 325 347 340 339 346
187 5 1 1 333 326 325 332 354 347 346 353
188 5 1 1 327 320 319 326 348 341 340 347
189 5 1 1 334 327 326 333 355 348 347 354
190 5 1 1 328 321 320 327 349 342 341 348
191 5 1 1 335 328 327 334 356 349 348 355
192 5 1 1 344 337 336 343 365 358 357 364
193 5 1 1 351 344 343 350 372 365 364 371
194 5 1 1 345 338 337 344 366 359 358 365
195 5 1 1 352 345 344 351 373 366 365 372
196 5 1 1 346 339 338 345 367 360 359 366
197 5 1 1 353 346 345 352 374 367 366 373
198 5 1 1 347 340 339 346 368 361 360 367
199 5 1 1 354 347 346 353 375 368 367 374
200 5 1 1 348 341 340 347 369 362 361 368
201 5 1 1 355 348 347 354 376 369 368 375
202 5 1 1 349 342 341 348 370 363 362 369
203 5 1 1 356 349 348 355 377 370 369 376
204 5 1 1 365 358 357 364 386 379 378 385
205 5 1 1 372 365 364 371 393 386 385 392
206 5 1 1 366 359 358 365 387 380 379 386
207 5 1 1 373 366 365 372 394 387 386 393
208 5 1 1 367 360 359 366 388 381 380 387
209 5 1 1 374 367 366 373 395 388 387 394
210 5 1 1 368 361 360 367 389 382 381 388
211 5 1 1 375 368 367 374 396 389 388 395
212 5 1 1 369 362 361 368 390 383 382 389
213 5 1 1 376 369 368 375 397 390 389 396
214 5 1 1 370 363 362 369 391 384 383 390
215 5 1 1 377 370 369 376 398 391 390 397
216 5 1 1 407 400 399 406 428 421 420 427
217 5 1 1 414 407 406 413 435 428 427 434
218 5 1 1 408 401 400 407 429 422 421 428
219 5 1 1 415 408 407 414 436 429 428 435
220 5 1 1 409 402 401 408 430 423 422 429
221 5 1 1 416 409 408 415 437 430 429 436
222 5 1 1 410 403 402 409 431 424 423 430
223 5 1 1 417 410 409 416 438 431 430 437
224 5 1 1 411 404 403 410 432 425 424 431
225 5 1 1 418 411 410 417 439 432 431 438
226 5 1 1 412 405 404 411 433 426 425 432
227 5 1 1 419 412 411 418 440 433 432 439
228 5 1 1 428 421 420 427 449 442 441 448
229 5 1 1 435 428 427 434 456 449 448 455
230 5 1 1 429 422 421 428 450 443 442 449
231 5 1 1 436 429 428 435 457 450 449 456
232 5 1 1 430 423 422 429 451 444 443 450
233 5 1 1 437 430 429 436 458 451 450 457
234 5 1 1 431 424 423 430 452 445 444 451
235 5 1 1 438 431 430 437 459 452 451 458
236 5 1 1 432 425 424 431 453 446 445 452
237 5 1 1 439 432 431 438 460 453 452 459
238 5 1 1 433 426 425 432 454 447 446 453
239 5 1 1 440 433 432 439 461 454 453 460
240 5 1 1 449 442 441 448 470 463 462 469
241 5 1 1 456 449 448 455 477 470 469 476
242 5 1 1 450 443 442 449 471 464 463 470
243 5 1 1 457 450 449 456 478 471 470 477
244 5 1 1 451 444 443 450 472 465 464 471
245 5 1 1 458 451 450 457 479 472 471 478
246 5 1 1 452 445 444 451 473 466 465 472
247 5 1 1 459 452 451 458 480 473 472 479
248 5 1 1 453 446 445 452 474 467 466 473
249 5 1 1 460 453 452 459 481 474 473 480
250 5 1 1 454 447 446 453 475 468 467 474
251 5 1 1 461 454 453 460 482 475 474 481
252 5 1 1 470 463 462 469 491 484 483 490
253 5 1 1 477 470 469 476 498 491 490 497
254 5 1 1 471 464 463 470 492 485 484 491
255 5 1 1 478 471 470 477 499 492 491 498
256 5 1 1 472 465 464 471 493 486 485 492
257 5 1 1 479 472 471 478 500 493 492 499
258 5 1 1 473 466 465 472 494 487 486 493
259 5 1 1 480 473 472 479 501 494 493 500
260 5 1 1 474 467 466 473 495 488 487 494
261 5 1 1 481 474 473 480 502 495 494 501
262 5 1 1 475 468 467 474 496 489 488 495
263 5 1 1 482 475 474 481 503 496 495 502
264 5 1 1 491 484 483 490 512 505 504 511
265 5 1 1 498 491 490 497 519 512 511 518
266 5 1 1 492 485 484 491 513 506 505 512
267 5 1 1 499 492 491 498 520 513 512 519
268 5 1 1 493 486 485 492 514 507 506 513
269 5 1 1 500 493 492 499 521 514 513 520
270 5 1 1 494 487 486 493 515 508 507 514
271 5 1 1 501 494 493 500 522 515 514 521
272 5 1 1 495 488 487 494 516 509 508 515
273 5 1 1 502 495 494 501 523 516 515 522
274 5 1 1 496 489 488 495 517 510 509 516
275 5 1 1 503 496 495 502 524 517 516 523
276 5 1 1 512 505 504 511 533 526 525 532
277 5 1 1 519 512 511 518 540 533 532 539
278 5 1 1 513 506 505 512 534 527 526 533
279 5 1 1 520 513 512 519 541 534 533 540
280 5 1 1 514 507 506 513 535 528 527 534
281 5 1 1 521 514 513 520 542 535 534 541
282 5 1 1 515 508 507 514 536 529 528 535
283 5 1 1 522 515 514 521 543 536 535 542
284 5 1 1 516 509 508 515 537 530 529 536
285 5 1 1 523 516 515 522 544 537 536 543
286 5 1 1 517 510 509 516 538 531 530 537
287 5 1 1 524 517 516 523 545 538 537 544
288 5 1 1 533 526 525 532 554 547 546 553
289 5 1 1 540 533 532 539 561 554 553 560
290 5 1 1 534 527 526 533 555 548 547 554
291 5 1 1 541 534 533 540 562 555 554 561
292 5 1 1 535 528 527 534 556 549 548 555
293 5 1 1 542 535 534 541 563 556 555 562
294 5 1 1 536 529 528 535 557 550 549 556
295 5 1 1 543 536 535 542 564 557 556 563
296 5 1 1 537 530 529 536 558 551 550 557
297 5 1 1 544 537 536 543 565 558 557 564
298 5 1 1 538 531 530 537 559 552 551 558
299 5 1 1 545 538 537 544 566 559 558 565
300 5 1 1 554 547 546 553 575 568 567 574
301 5 1 1 561 554 553 560 582 575 574 581
302 5 1 1 555 548 547 554 576 569 568 575
303 5 1 1 562 555 554 561 583 576 575 582
304 5 1 1 556 549 548 555 577 570 569 576
305 5 1 1 563 556 555 562 584 577 576 583
306 5 1 1 557 550 549 556 578 571 570 577
307 5 1 1 564 557 556 563 585 578 577 584
308 5 1 1 558 551 550 557 579 572 571 578
309 5 1 1 565 558 557 564 586 579 578 585
310 5 1 1 559 552 551 558 580 573 572 579
311 5 1 1 566 559 558 565 587 580 579 586
312 5 1 1 575 568 567 574 596 589 588 595
313 5 1 1 582 575 574 581 603 596 595 602
314 5 1 1 576 569 568 575 597 590 589 596
315 5 1 1 583 576 575 582 604 597 596 603
316 5 1 1 577 570 569 576 598 591 590 597
317 5 1 1 584 577 576 583 605 598 597 604
318 5 1 1 578 571 570 577 599 592 591 598
319 5 1 1 585 578 577 584 606 599 598 605
320 5 1 1 579 572 571 578 600 593 592 599
321 5 1 1 586 579 578 585 607 600 599 606
322 5 1 1 580 573 572 579 601 594 593 600
323 5 1 1 587 580 579 586 608 601 600 607
324 5 1 1 596 589 588 595 617 610 609 616
325 5 1 1 603 596 595 602 624 617 616 623
326 5 1 1 597 590 589 596 618 611 610 617
327 5 1 1 604 597 596 603 625 618 617 624
328 5 1 1 598 591 590 597 619 612 611 618
329 5 1 1 605 598 597 604 626 619 618 625
330 5 1 1 599 592 591 598 620 613 612 619
331 5 1 1 606 599 598 605 627 620 619 626
332 5 1 1 600 593 592 599 621 614 613 620
333 5 1 1 607 600 599 606 628 621 620 627
334 5 1 1 601 594 593 600 622 615 614 621
335 5 1 1 608 601 600 607 629 622 621 628
336 5 1 1 617 610 609 616 638 631 630 637
337 5 1 1 624 617 616 623 645 638 637 644
338 5 1 1 618 611 610 617 639 632 631 638
339 5 1 1 625 618 617 624 646 639 638 645
340 5 1 1 619 612 611 618 640 633 632 639
341 5 1 1 626 619 618 625 647 640 639 646
342 5 1 1 620 613 612 619 641 634 633 640
343 5 1 1 627 620 619 626 648 641 640 647
344 5 1 1 621 614 613 620 642 635 634 641
345 5 1 1 628 621 620 627 649 642 641 648
346 5 1 1 622 615 614 621 643 636 635 642
347 5 1 1 629 622 621 628 650 643 642 649
348 5 1 1 638 631 630 637 659 652 651 658
349 5 1 1 645 638 637 644 666 659 658 665
350 5 1 1 639 632 631 638 660 653 652 659
351 5 1 1 646 639 638 645 667 660 659 666
352 5 1 1 640 633 632 639 661 654 653 660
353 5 1 1 647 640 639 646 668 661 660 667
354 5 1 1 641 634 633 640 662 655 654 661
355 5 1 1 648 641 640 647 669 662 661 668
356 5 1 1 642 635 634 641 663 656 655 662
357 5 1 1 649 642 641 648 670 663 662 669
358 5 1 1 643 636 635 642 664 657 656 663
359 5 1 1 650 643 642 649 671 664 663 670
360 5 1 1 659 652 651 658 680 673 672 679
361 5 1 1 666 659 658 665 687 680 679 686
362 5 1 1 660 653 652 659 681 674 673 680
363 5 1 1 667 660 659 666 688 681 680 687
364 5 1 1 661 654 653 660 682 675 674 681
365 5 1 1 668 661 660 667 689 682 681 688
366 5 1 1 662 655 654 661 683 676 675 682
367 5 1 1 669 662 661 668 690 683 682 689
368 5 1 1 663 656 655 662 684 677 676 683
369 5 1 1 670 663 662 669 691 684 683 690
370 5 1 1 664 657 656 663 685 678 677 684
371 5 1 1 671 664 663 670 692 685 684 691
372 5 1 1 680 673 672 679 701 694 693 700
373 5 1 1 687 680 679 686 708 701 700 707
374 5 1 1 681 674 673 680 702 695 694 701
375 5 1 1 688 681 680 687 709 702 701 708
376 5 1 1 682 675 674 681 703 696 695 702
377 5 1 1 689 682 681 688 710 703 702 709
378 5 1 1 683 676 675 682 704 697 696 703
379 5 1 1 690 683 682 689 711 704 703 710
380 5 1 1 684 677 676 683 705 698 697 704
381 5 1 1 691 684 683 690 712 705 704 711
382 5 1 1 685 678 677 684 706 699 698 705
383 5 1 1 692 685 684 691 713 706 705 712
384 5 1 1 701 694 693 700 722 715 714 721
385 5 1 1 708 701 700 707 729 722 721 728
386 5 1 1 702 695 694 701 723 716 715 722
387 5 1 1 709 702 701 708 730 723 722 729
388 5 1 1 703 696 695 702 724 717 716 723
389 5 1 1 710 703 702 709 731 724 723 730
390 5 1 1 704 697 696 703 725 718 717 724
391 5 1 1 711 704 703 710 732 725 724 731
392 5 1 1 705 698 697 704 726 719 718 725
393 5 1 1 712 705 704 711 733 726 725 732
394 5 1 1 706 699 698 705 727 720 719 726
395 5 1 1 713 706 705 712 734 727 726 733
396 5 1 1 722 715 714 721 743 736 735 742
397 5 1 1 729 722 721 728 750 743 742 749
398 5 1 1 723 716 715 722 744 737 736 743
399 5 1 1 730 723 722 729 751 744 743 750
400 5 1 1 724 717 716 723 745 738 737 744
401 5 1 1 731 724 723 730 752 745 744 751
402 5 1 1 725 718 717 724 746 739 738 745
403 5 1 1 732 725 724 731 753 746 745 752
404 5 1 1 726 719 718 725 747 740 739 746
405 5 1 1 733 726 725 732 754 747 746 753
406 5 1 1 727 720 719 726 748 741 740 747
407 5 1 1 734 727 726 733 755 748 747 754
408 5 1 1 743 736 735 742 764 757 756 763
409 5 1 1 750 743 742 749 771 764 763 770
410 5 1 1 744 737 736 743 765 758 757 764
411 5 1 1 751 744 743 750 772 765 764 771
412 5 1 1 745 738 737 744 766 759 758 765
413 5 1 1 752 745 744 751 773 766 765 772
414 5 1 1 746 739 738 745 767 760 759 766
415 5 1 1 753 746 745 752 774 767 766 773
416 5 1 1 747 740 739 746 768 761 760 767
417 5 1 1 754 747 746 753 775 768 767 774
418 5 1 1 748 741 740 747 769 762 761 768
419 5 1 1 755 748 747 754 776 769 768 775
420 5 1 1 764 757 756 763 785 778 777 784
421 5 1 1 771 764 763 770 792 785 784 791
422 5 1 1 765 758 757 764 786 779 778 785
423 5 1 1 772 765 764 771 793 786 785 792
424 5 1 1 766 759 758 765 787 780 779 786
425 5 1 1 773 766 765 772 794 787 786 793
426 5 1 1 767 760 759 766 788 781 780 787
427 5 1 1 774 767 766 773 795 788 787 794
428 5 1 1 768 761 760 767 789 782 781 788
429 5 1 1 775 768 767 774 796 789 788 795
430 5 1 1 769 762 761 768 790 783 782 789
431 5 1 1 776 769 768 775 797 790 789 796
432 5 1 1 806 799 798 805 827 820 819 826
433 5 1 1 813 806 805 812 834 827 826 833
434 5 1 1 807 800 799 806 828 821 820 827
435 5 1 1 814 807 806 813 835 828 827 834
436 5 1 1 808 801 800 807 829 822 821 828
437 5 1 1 815 808 807 814 836 829 828 835
438 5 1 1 809 802 801 808 830 823 822 829
439 5 1 1 816 809 808 815 837 830 829 836
440 5 1 1 810 803 802 809 831 824 823 830
441 5 1 1 817 810 809 816 838 831 830 837
442 5 1 1 811 804 803 810 832 825 824 831
443 5 1 1 818 811 810 817 839 832 831 838
444 5 1 1 827 820 819 826 848 841 840 847
445 5 1 1 834 827 826 833 855 848 847 854
446 5 1 1 828 821 820 827 849 842 841 848
447 5 1 1 835 828 827 834 856 849 848 855
448 5 1 1 829 822 821 828 850 843 842 849
449 5 1 1 836 829 828 835 857 850 849 856
450 5 1 1 830 823 822 829 851 844 843 850
451 5 1 1 837 830 829 836 858 851 850 857
452 5 1 1 831 824 823 830 852 845 844 851
453 5 1 1 838 831 830 837 859 852 851 858
454 5 1 1 832 825 824 831 853 846 845 852
455 5 1 1 839 832 831 838 860 853 852 859
456 5 1 1 848 841 840 847 869 862 861 868
457 5 1 1 855 848 847 854 876 869 868 875
458 5 1 1 849 842 841 848 870 863 862 869
459 5 1 1 856 849 848 855 877 870 869 876
460 5 1 1 850 843 842 849 871 864 863 870
461 5 1 1 857 850 849 856 878 871 870 877
462 5 1 1 851 844 843 850 872 865 864 871
463 5 1 1 858 851 850 857 879 872 871 878
464 5 1 1 852 845 844 851 873 866 865 872
465 5 1 1 859 852 851 858 880 873 872 879
466 5 1 1 853 846 845 852 874 867 866 873
467 5 1 1 860 853 852 859 881 874 873 880
468 5 1 1 869 862 861 868 890 883 882 889
469 5 1 1 876 869 868 875 897 890 889 896
470 5 1 1 870 863 862 869 891 884 883 890
471 5 1 1 877 870 869 876 898 891 890 897
472 5 1 1 871 864 863 870 892 885 884 891
473 5 1 1 878 871 870 877 899 892 891 898
474 5 1 1 872 865 864 871 893 886 885 892
475 5 1 1 879 872 871 878 900 893 892 899
476 5 1 1 873 866 865 872 894 887 886 893
477 5 1 1 880 873 872 879 901 894 893 900
478 5 1 1 874 867 866 873 895 888 887 894
479 5 1 1 881 874 873 880 902 895 894 901
480 5 1 1 890 883 882 889 911 904 903 910
481 5 1 1 897 890 889 896 918 911 910 917
482 5 1 1 891 884 883 890 912 905 904 911
483 5 1 1 898 891 890 897 919 912 911 918
484 5 1 1 892 885 884 891 913 906 905 912
485 5 1 1 899 892 891 898 920 913 912 919
486 5 1 1 893 886 885 892 914 907 906 913
487 5 1 1 900 893 892 899 921 914 913 920
488 5 1 1 894 887 886 893 915 908 907 914
489 5 1 1 901 894 893 900 922 915 914 921
490 5 1 1 895 888 887 894 916 909 908 915
491 5 1 1 902 895 894 901 923 916 915 922
492 5 1 1 911 904 903 910 932 925 924 931
493 5 1 1 918 911 910 917 939 932 931 938
494 5 1 1 912 905 904 911 933 926 925 932
495 5 1 1 919 912 911 918 940 933 932 939
496 5 1 1 913 906 905 912 934 927 926 933
497 5 1 1 920 913 912 919 941 934 933 940
498 5 1 1 914 907 906 913 935 928 927 934
499 5 1 1 921 914 913 920 942 935 934 941
500 5 1 1 915 908 907 914 936 929 928 935
501 5 1 1 922 915 914 921 943 936 935 942
502 5 1 1 916 909 908 915 937 930 929 936
503 5 1 1 923 916 915 922 944 937 936 943
504 5 1 1 932 925 924 931 953 946 945 952
505 5 1 1 939 932 931 938 960 953 952 959
506 5 1 1 933 926 925 932 954 947 946 953
507 5 1 1 940 933 932 939 961 954 953 960
508 5 1 1 934 927 926 933 955 948 947 954
509 5 1 1 941 934 933 940 962 955 954 961
510 5 1 1 935 928 927 934 956 949 948 955
511 5 1 1 942 935 934 941 963 956 955 962
512 5 1 1 936 929 928 935 957 950 949 956
513 5 1 1 943 936 935 942 964 957 956 963
514 5 1 1 937 930 929 936 958 951 950 957
515 5 1 1 944 937 936 943 965 958 957 964
516 5 1 1 953 946 945 952 974 967 966 973
517 5 1 1 960 953 952 959 981 974 973 980
518 5 1 1 954 947 946 953 975 968 967 974
519 5 1 1 961 954 953 960 982 975 974 981
520 5 1 1 955 948 947 954 976 969 968 975
521 5 1 1 962 955 954 961 983 976 975 982
522 5 1 1 956 949 948 955 977 970 969 976
523 5 1 1 963 956 955 962 984 977 976 983
524 5 1 1 957 950 949 956 978 971 970 977
525 5 1 1 964 957 956 963 985 978 977 984
526 5 1 1 958 951 950 957 979 972 971 978
527 5 1 1 965 958 957 964 986 979 978 985
528 5 1 1 974 967 966 973 995 988 987 994
529 5 1 1 981 974 973 980 1002 995 994 1001
530 5 1 1 975 968 967 974 996 989 988 995
531 5 1 1 982 975 974 981 1003 996 995 1002
532 5 1 1 976 969 968 975 997 990 989 996
533 5 1 1 983 976 975 982 1004 997 996 1003
534 5 1 1 977 970 969 976 998 991 990 997
535 5 1 1 984 977 976 983 1005 998 997 1004
536 5 1 1 978 971 970 977 999 992 991 998
537 5 1 1 985 978 977 984 1006 999 998 1005
538 5 1 1 979 972 971 978 1000 993 992 999
539 5 1 1 986 979 978 985 1007 1000 999 1006
540 5 1 1 995 988 987 994 1016 1009 1008 1015
541 5 1 1 1002 995 994 1001 1023 1016 1015 1022
542 5 1 1 996 989 988 995 1017 1010 1009 1016
543 5 1 1 1003 996 995 1002 1024 1017 1016 1023
544 5 1 1 997 990 989 996 1018 1011 1010 1017
545 5 1 1 1004 997 996 1003 1025 1018 1017 1024
546 5 1 1 998 991 990 997 1019 1012 1011 1018
547 5 1 1 1005 998 997 1004 1026 1019 1018 1025
548 5 1 1 999 992 991 998 1020 1013 1012 1019
549 5 1 1 1006 999 998 1005 1027 1020 1019 1026
550 5 1 1 1000 993 992 999 1021 1014 1013 1020
551 5 1 1 1007 1000 999 1006 1028 1021 1020 1027
552 5 1 1 1016 1009 1008 1015 1037 1030 1029 1036
553 5 1 1 1023 1016 1015 1022 1044 1037 1036 1043
554 5 1 1 1017 1010 1009 1016 1038 1031 1030 1037
555 5 1 1 1024 1017 1016 1023 1045 1038 1037 1044
556 5 1 1 1018 1011 1010 1017 1039 1032 1031 1038
557 5 1 1 1025 1018 1017 1024 1046 1039 1038 1045
558 5 1 1 1019 1012 1011 1018 1040 1033 1032 1039
559 5 1 1 1026 1019 1018 1025 1047 1040 1039 1046
560 5 1 1 1020 1013 1012 1019 1041 1034 1033 1040
561 5 1 1 1027 1020 1019 1026 1048 1041 1040 1047
562 5 1 1 1021 1014 1013 1020 1042 1035 1034 1041
563 5 1 1 1028 1021 1020 1027 1049 1042 1041 1048
564 5 1 1 1037 1030 1029 1036 1058 1051 1050 1057
565 5 1 1 1044 1037 1036 1043 1065 1058 1057 1064
566 5 1 1 1038 1031 1030 1037 1059 1052 1051 1058
567 5 1 1 1045 1038 1037 1044 1066 1059 1058 1065
568 5 1 1 1039 1032 1031 1038 1060 1053 1052 1059
569 5 1 1 1046 1039 1038 1045 1067 1060 1059 1066
570 5 1 1 1040 1033 1032 1039 1061 1054 1053 1060
571 5 1 1 1047 1040 1039 1046 1068 1061 1060 1067
572 5 1 1 1041 1034 1033 1040 1062 1055 1054 1061
573 5 1 1 1048 1041 1040 1047 1069 1062 1061 1068
574 5 1 1 1042 1035 1034 1041 1063 1056 1055 1062
575 5 1 1 1049 1042 1041 1048 1070 1063 1062 1069
576 5 1 1 1058 1051 1050 1057 1079 1072 1071 1078
577 5 1 1 1065 1058 1057 1064 1086 1079 1078 1085
578 5 1 1 1059 1052 1051 1058 1080 1073 1072 1079
579 5 1 1 1066 1059 1058 1065 1087 1080 1079 1086
580 5 1 1 1060 1053 1052 1059 1081 1074 1073 1080
581 5 1 1 1067 1060 1059 1066 1088 1081 1080 1087
582 5 1 1 1061 1054 1053 1060 1082 1075 1074 1081
583 5 1 1 1068 1061 1060 1067 1089 1082 1081 1088
584 5 1 1 1062 1055 1054 1061 1083 1076 1075 1082
585 5 1 1 1069 1062 1061 1068 1090 1083 1082 1089
586 5 1 1 1063 1056 1055 1062 1084 1077 1076 1083
587 5 1 1 1070 1063 1062 1069 1091 1084 1083 1090
588 5 1 1 1079 1072 1071 1078 1100 1093 1092 1099
589 5 1 1 1086 1079 1078 1085 1107 1100 1099 1106
590 5 1 1 1080 1073 1072 1079 1101 1094 1093 1100
591 5 1 1 1087 1080 1079 1086 1108 1101 1100 1107
592 5 1 1 1081 1074 1073 1080 1102 1095 1094 1101
593 5 1 1 1088 1081 1080 1087 1109 1102 1101 1108
594 5 1 1 1082 1075 1074 1081 1103 1096 1095 1102
595 5 1 1 1089 1082 1081 1088 1110 1103 1102 1109
596 5 1 1 1083 1076 1075 1082 1104 1097 1096 1103
597 5 1 1 1090 1083 1082 1089 1111 1104 1103 1110
598 5 1 1 1084 1077 1076 1083 1105 1098 1097 1104
599 5 1 1 1091 1084 1083 1090 1112 1105 1104 1111
600 5 1 1 1100 1093 1092 1099 1121 1114 1113 1120
601 5 1 1 1107 1100 1099 1106 1128 1121 1120 1127
602 5 1 1 1101 1094 1093 1100 1122 1115 1114 1121
603 5 1 1 1108 1101 1100 1107 1129 1122 1121 1128
604 5 1 1 1102 1095 1094 1101 1123 1116 1115 1122
605 5 1 1 1109 1102 1101 1108 1130 1123 1122 1129
606 5 1 1 1103 1096 1095 1102 1124 1117 1116 1123
607 5 1 1 1110 1103 1102 1109 1131 1124 1123 1130
608 5 1 1 1104 1097 1096 1103 1125 1118 1117 1124
609 5 1 1 1111 1104 1103 1110 1132 1125 1124 1131
610 5 1 1 1105 1098 1097 1104 1126 1119 1118 1125
611 5 1 1 1112 1105 1104 1111 1133 1126 1125 1132
612 5 1 1 1121 1114 1113 1120 1142 1135 1134 1141
613 5 1 1 1128 1121 1120 1127 1149 1142 1141 1148
614 5 1 1 1122 1115 1114 1121 1143 1136 1135 1142
615 5 1 1 1129 1122 1121 1128 1150 1143 1142 1149
616 5 1 1 1123 1116 1115 1122 1144 1137 1136 1143
617 5 1 1 1130 1123 1122 1129 1151 1144 1143 1150
618 5 1 1 1124 1117 1116 1123 1145 1138 1137 1144
619 5 1 1 1131 1124 1123 1130 1152 1145 1144 1151
620 5 1 1 1125 1118 1117 1124 1146 1139 1138 1145
621 5 1 1 1132 1125 1124 1131 1153 1146 1145 1152
622 5 1 1 1126 1119 1118 1125 1147 1140 1139 1146
623 5 1 1 1133 1126 1125 1132 1154 1147 1146 1153
624 5 1 1 1142 1135 1134 1141 1163 1156 1155 1162
625 5 1 1 1149 1142 1141 1148 1170 1163 1162 1169
626 5 1 1 1143 1136 1135 1142 1164 1157 1156 1163
627 5 1 1 1150 1143 1142 1149 1171 1164 1163 1170
628 5 1 1 1144 1137 1136 1143 1165 1158 1157 1164
629 5 1 1 1151 1144 1143 1150 1172 1165 1164 1171
630 5 1 1 1145 1138 1137 1144 1166 1159 1158 1165
631 5 1 1 1152 1145 1144 1151 1173 1166 1165 1172
632 5 1 1 1146 1139 1138 1145 1167 1160 1159 1166
633 5 1 1 1153 1146 1145 1152 1174 1167 1166 1173
634 5 1 1 1147 1140 1139 1146 1168 1161 1160 1167
635 5 1 1 1154 1147 1146 1153 1175 1168 1167 1174
636 5 1 1 1163 1156 1155 1162 1184 1177 1176 1183
637 5 1 1 1170 1163 1162 1169 1191 1184 1183 1190
638 5 1 1 1164 1157 1156 1163 1185 1178 1177 1184
639 5 1 1 1171 1164 1163 1170 1192 1185 1184 1191
640 5 1 1 1165 1158 1157 1164 1186 1179 1178 1185
641 5 1 1 1172 1165 1164 1171 1193 1186 1185 1192
642 5 1 1 1166 1159 1158 1165 1187 1180 1179 1186
643 5 1 1 1173 1166 1165 1172 1194 1187 1186 1193
644 5 1 1 1167 1160 1159 1166 1188 1181 1180 1187
645 5 1 1 1174 1167 1166 1173 1195 1188 1187 1194
646 5 1 1 1168 1161 1160 1167 1189 1182 1181 1188
647 5 1 1 1175 1168 1167 1174 1196 1189 1188 1195
648 5 1 1 1205 1198 1197 1204 1226 1219 1218 1225
649 5 1 1 1212 1205 1204 1211 1233 1226 1225 1232
650 5 1 1 1206 1199 1198 1205 1227 1220 1219 1226
651 5 1 1 1213 1206 1205 1212 1234 1227 1226 1233
652 5 1 1 1207 1200 1199 1206 1228 1221 1220 1227
653 5 1 1 1214 1207 1206 1213 1235 1228 1227 1234
654 5 1 1 1208 1201 1200 1207 1229 1222 1221 1228
655 5 1 1 1215 1208 1207 1214 1236 1229 1228 1235
656 5 1 1 1209 1202 1201 1208 1230 1223 1222 1229
657 5 1 1 1216 1209 1208 1215 1237 1230 1229 1236
658 5 1 1 1210 1203 1202 1209 1231 1224 1223 1230
659 5 1 1 1217 1210 1209 1216 1238 1231 1230 1237
660 5 1 1 1226 1219 1218 1225 1247 1240 1239 1246
661 5 1 1 1233 1226 1225 1232 1254 1247 1246 1253
662 5 1 1 1227 1220 1219 1226 1248 1241 1240 1247
663 5 1 1 1234 1227 1226 1233 1255 1248 1247 1254
664 5 1 1 1228 1221 1220 1227 1249 1242 1241 1248
665 5 1 1 1235 1228 1227 1234 1256 1249 1248 1255
666 5 1 1 1229 1222 1221 1228 1250 1243 1242 1249
667 5 1 1 1236 1229 1228 1235 1257 1250 1249 1256
668 5 1 1 1230 1223 1222 1229 1251 1244 1243 1250
669 5 1 1 1237 1230 1229 1236 1258 1251 1250 1257
670 5 1 1 1231 1224 1223 1230 1252 1245 1244 1251
671 5 1 1 1238 1231 1230 1237 1259 1252 1251 1258
672 5 1 1 1247 1240 1239 1246 1268 1261 1260 1267
673 5 1 1 1254 1247 1246 1253 1275 1268 1267 1274
674 5 1 1 1248 1241 1240 1247 1269 1262 1261 1268
675 5 1 1 1255 1248 1247 1254 1276 1269 1268 1275
676 5 1 1 1249 1242 1241 1248 1270 1263 1262 1269
677 5 1 1 1256 1249 1248 1255 1277 1270 1269 1276
678 5 1 1 1250 1243 1242 1249 1271 1264 1263 1270
679 5 1 1 1257 1250 1249 1256 1278 1271 1270 1277
680 5 1 1 1251 1244 1243 1250 1272 1265 1264 1271
681 5 1 1 1258 1251 1250 1257 1279 1272 1271 1278
682 5 1 1 1252 1245 1244 1251 1273 1266 1265 1272
683 5 1 1 1259 1252 1251 1258 1280 1273 1272 1279
684 5 1 1 1268 1261 1260 1267 1289 1282 1281 1288
685 5 1 1 1275 1268 1267 1274 1296 1289 1288 1295
686 5 1 1 1269 1262 1261 1268 1290 1283 1282 1289
687 5 1 1 1276 1269 1268 1275 1297 1290 1289 1296
688 5 1 1 1270 1263 1262 1269 1291 1284 1283 1290
689 5 1 1 1277 1270 1269 1276 1298 1291 1290 1297
690 5 1 1 1271 1264 1263 1270 1292 1285 1284 1291
691 5 1 1 1278 1271 1270 1277 1299 1292 1291 1298
692 5 1 1 1272 1265 1264 1271 1293 1286 1285 1292
693 5 1 1 1279 1272 1271 1278 1300 1293 1292 1299
694 5 1 1 1273 1266 1265 1272 1294 1287 1286 1293
695 5 1 1 1280 1273 1272 1279 1301 1294 1293 1300
696 5 1 1 1289 1282 1281 1288 1310 1303 1302 1309
697 5 1 1 1296 1289 1288 1295 1317 1310 1309 1316
698 5 1 1 1290 1283 1282 1289 1311 1304 1303 1310
699 5 1 1 1297 1290 1289 1296 1318 1311 1310 1317
700 5 1 1 1291 1284 1283 1290 1312 1305 1304 1311
701 5 1 1 1298 1291 1290 1297 1319 1312 1311 1318
702 5 1 1 1292 1285 1284 1291 1313 1306 1305 1312
703 5 1 1 1299 1292 1291 1298 1320 1313 1312 1319
704 5 1 1 1293 1286 1285 1292 1314 1307 1306 1313
705 5 1 1 1300 1293 1292 1299 1321 1314 1313 1320
706 5 1 1 1294 1287 1286 1293 1315 1308 1307 1314
707 5 1 1 1301 1294 1293 1300 1322 1315 1314 1321
708 5 1 1 1310 1303 1302 1309 1331 1324 1323 1330
709 5 1 1 1317 1310 1309 1316 1338 1331 1330 1337
710 5 1 1 1311 1304 1303 1310 1332 1325 1324 1331
711 5 1 1 1318 1311 1310 1317 1339 1332 1331 1338
712 5 1 1 1312 1305 1304 1311 1333 1326 1325 1332
713 5 1 1 1319 1312 1311 1318 1340 1333 1332 1339
714 5 1 1 1313 1306 1305 1312 1334 1327 1326 1333
715 5 1 1 1320 1313 1312 1319 1341 1334 1333 1340
716 5 1 1 1314 1307 1306 1313 1335 1328 1327 1334
717 5 1 1 1321 1314 1313 1320 1342 1335 1334 1341
718 5 1 1 1315 1308 1307 1314 1336 1329 1328 1335
719 5 1 1 1322 1315 1314 1321 1343 1336 1335 1342
720 5 1 1 1331 1324 1323 1330 1352 1345 1344 1351
721 5 1 1 1338 1331 1330 1337 1359 1352 1351 1358
722 5 1 1 1332 1325 1324 1331 1353 1346 1345 1352
723 5 1 1 1339 1332 1331 1338 1360 1353 1352 1359
724 5 1 1 1333 1326 1325 1332 1354 1347 1346 1353
725 5 1 1 1340 1333 1332 1339 1361 1354 1353 1360
726 5 1 1 1334 1327 1326 1333 1355 1348 1347 1354
727 5 1 1 1341 1334 1333 1340 1362 1355 1354 1361
728 5 1 1 1335 1328 1327 1334 1356 1349 1348 1355
729 5 1 1 1342 1335 1334 1341 1363 1356 1355 1362
730 5 1 1 1336 1329 1328 1335 1357 1350 1349 1356
731 5 1 1 1343 1336 1335 1342 1364 1357 1356 1363
732 5 1 1 1352 1345 1344 1351 1373 1366 1365 1372
733 5 1 1 1359 1352 1351 1358 1380 1373 1372 1379
734 5 1 1 1353 1346 1345 1352 1374 1367 1366 1373
735 5 1 1 1360 1353 1352 1359 1381 1374 1373 1380
736 5 1 1 1354 1347 1346 1353 1375 1368 1367 1374
737 5 1 1 1361 1354 1353 1360 1382 1375 1374 1381
738 5 1 1 1355 1348 1347 1354 1376 1369 1368 1375
739 5 1 1 1362 1355 1354 1361 1383 1376 1375 1382
740 5 1 1 1356 1349 1348 1355 1377 1370 1369 1376
741 5 1 1 1363 1356 1355 1362 1384 1377 1376 1383
742 5 1 1 1357 1350 1349 1356 1378 1371 1370 1377
743 5 1 1 1364 1357 1356 1363 1385 1378 1377 1384
744 5 1 1 1373 1366 1365 1372 1394 1387 1386 1393
745 5 1 1 1380 1373 1372 1379 1401 1394 1393 1400
746 5 1 1 1374 1367 1366 1373 1395 1388 1387 1394
747 5 1 1 1381 1374 1373 1380 1402 1395 1394 1401
748 5 1 1 1375 1368 1367 1374 1396 1389 1388 1395
749 5 1 1 1382 1375 1374 1381 1403 1396 1395 1402
750 5 1 1 1376 1369 1368 1375 1397 1390 1389 1396
751 5 1 1 1383 1376 1375 1382 1404 1397 1396 1403
752 5 1 1 1377 1370 1369 1376 1398 1391 1390 1397
753 5 1 1 1384 1377 1376 1383 1405 1398 1397 1404
754 5 1 1 1378 1371 1370 1377 1399 1392 1391 1398
755 5 1 1 1385 1378 1377 1384 1406 1399 1398 1405
756 5 1 1 1394 1387 1386 1393 1415 1408 1407 1414
757 5 1 1 1401 1394 1393 1400 1422 1415 1414 1421
758 5 1 1 1395 1388 1387 1394 1416 1409 1408 1415
759 5 1 1 1402 1395 1394 1401 1423 1416 1415 1422
760 5 1 1 1396 1389 1388 1395 1417 1410 1409 1416
761 5 1 1 1403 1396 1395 1402 1424 1417 1416 1423
762 5 1 1 1397 1390 1389 1396 1418 1411 1410 1417
763 5 1 1 1404 1397 1396 1403 1425 1418 1417 1424
764 5 1 1 1398 1391 1390 1397 1419 1412 1411 1418
765 5 1 1 1405 1398 1397 1404 1426 1419 1418 1425
766 5 1 1 1399 1392 1391 1398 1420 1413 1412 1419
767 5 1 1 1406 1399 1398 1405 1427 1420 1419 1426
768 5 1 1 1415 1408 1407 1414 1436 1429 1428 1435
769 5 1 1 1422 1415 1414 1421 1443 1436 1435 1442
770 5 1 1 1416 1409 1408 1415 1437 1430 1429 1436
771 5 1 1 1423 1416 1415 1422 1444 1437 1436 1443
772 5 1 1 1417 1410 1409 1416 1438 1431 1430 1437
773 5 1 1 1424 1417 1416 1423 1445 1438 1437 1444
774 5 1 1 1418 1411 1410 1417 1439 1432 1431 1438
775 5 1 1 1425 1418 1417 1424 1446 1439 1438 1445
776 5 1 1 1419 1412 1411 1418 1440 1433 1432 1439
777 5 1 1 1426 1419 1418 1425 1447 1440 1439 1446
778 5 1 1 1420 1413 1412 1419 1441 1434 1433 1440
779 5 1 1 1427 1420 1419 1426 1448 1441 1440 1447
780 5 1 1 1436 1429 1428 1435 1457 1450 1449 1456
781 5 1 1 1443 1436 1435 1442 1464 1457 1456 1463
782 5 1 1 1437 1430 1429 1436 1458 1451 1450 1457
783 5 1 1 1444 1437 1436 1443 1465 1458 1457 1464
784 5 1 1 1438 1431 1430 1437 1459 1452 1451 1458
785 5 1 1 1445 1438 1437 1444 1466 1459 1458 1465
786 5 1 1 1439 1432 1431 1438 1460 1453 1452 1459
787 5 1 1 1446 1439 1438 1445 1467 1460 1459 1466
788 5 1 1 1440 1433 1432 1439 1461 1454 1453 1460
789 5 1 1 1447 1440 1439 1446 1468 1461 1460 1467
790 5 1 1 1441 1434 1433 1440 1462 1455 1454 1461
791 5 1 1 1448 1441 1440 1447 1469 1462 1461 1468
792 5 1 1 1457 1450 1449 1456 1478 1471 1470 1477
793 5 1 1 1464 1457 1456 1463 1485 1478 1477 1484
794 5 1 1 1458 1451 1450 1457 1479 1472 1471 1478
795 5 1 1 1465 1458 1457 1464 1486 1479 1478 1485
796 5 1 1 1459 1452 1451 1458 1480 1473 1472 1479
797 5 1 1 1466 1459 1458 1465 1487 1480 1479 1486
798 5 1 1 1460 1453 1452 1459 1481 1474 1473 1480
799 5 1 1 1467 1460 1459 1466 1488 1481 1480 1487
800 5 1 1 1461 1454 1453 1460 1482 1475 1474 1481
801 5 1 1 1468 1461 1460 1467 1489 1482 1481 1488
802 5 1 1 1462 1455 1454 1461 1483 1476 1475 1482
803 5 1 1 1469 1462 1461 1468 1490 1483 1482 1489
804 5 1 1 1478 1471 1470 1477 1499 1492 1491 1498
805 5 1 1 1485 1478 1477 1484 1506 1499 1498 1505
806 5 1 1 1479 1472 1471 1478 1500 1493 1492 1499
807 5 1 1 1486 1479 1478 1485 1507 1500 1499 1506
808 5 1 1 1480 1473 1472 1479 1501 1494 1493 1500
809 5 1 1 1487 1480 1479 1486 1508 1501 1500 1507
810 5 1 1 1481 1474 1473 1480 1502 1495 1494 1501
811 5 1 1 1488 1481 1480 1487 1509 1502 1501 1508
812 5 1 1 1482 1475 1474 1481 1503 1496 1495 1502
813 5 1 1 1489 1482 1481 1488 1510 1503 1502 1509
814 5 1 1 1483 1476 1475 1482 1504 1497 1496 1503
815 5 1 1 1490 1483 1482 1489 1511 1504 1503 1510
816 5 1 1 1499 1492 1491 1498 1520 1513 1512 1519
817 5 1 1 1506 1499 1498 1505 1527 1520 1519 1526
818 5 1 1 1500 1493 1492 1499 1521 1514 1513 1520
819 5 1 1 1507 1500 1499 1506 1528 1521 1520 1527
820 5 1 1 1501 1494 1493 1500 1522 1515 1514 1521
821 5 1 1 1508 1501 1500 1507 1529 1522 1521 1528
822 5 1 1 1502 1495 1494 1501 1523 1516 1515 1522
823 5 1 1 1509 1502 1501 1508 1530 1523 1522 1529
824 5 1 1 1503 1496 1495 1502 1524 1517 1516 1523
825 5 1 1 1510 1503 1502 1509 1531 1524 1523 1530
826 5 1 1 1504 1497 1496 1503 1525 1518 1517 1524
827 5 1 1 1511 1504 1503 1510 1532 1525 1524 1531
828 5 1 1 1520 1513 1512 1519 1541 1534 1533 1540
829 5 1 1 1527 1520 1519 1526 1548 1541 1540 1547
830 5 1 1 1521 1514 1513 1520 1542 1535 1534 1541
831 5 1 1 1528 1521 1520 1527 1549 1542 1541 1548
832 5 1 1 1522 1515 1514 1521 1543 1536 1535 1542
833 5 1 1 1529 1522 1521 1528 1550 1543 1542 1549
834 5 1 1 1523 1516 1515 1522 1544 1537 1536 1543
835 5 1 1 1530 1523 1522 1529 1551 1544 1543 1550
836 5 1 1 1524 1517 1516 1523 1545 1538 1537 1544
837 5 1 1 1531 1524 1523 1530 1552 1545 1544 1551
838 5 1 1 1525 1518 1517 1524 1546 1539 1538 1545
839 5 1 1 1532 1525 1524 1531 1553 1546 1545 1552
840 5 1 1 1541 1534 1533 1540 1562 1555 1554 1561
841 5 1 1 1548 1541 1540 1547 1569 1562 1561 1568
842 5 1 1 1542 1535 1534 1541 1563 1556 1555 1562
843 5 1 1 1549 1542 1541 1548 1570 1563 1562 1569
844 5 1 1 1543 1536 1535 1542 1564 1557 1556 1563
845 5 1 1 1550 1543 1542 1549 1571 1564 1563 1570
846 5 1 1 1544 1537 1536 1543 1565 1558 1557 1564
847 5 1 1 1551 1544 1543 1550 1572 1565 1564 1571
848 5 1 1 1545 1538 1537 1544 1566 1559 1558 1565
849 5 1 1 1552 1545 1544 1551 1573 1566 1565 1572
850 5 1 1 1546 1539 1538 1545 1567 1560 1559 1566
851 5 1 1 1553 1546 1545 1552 1574 1567 1566 1573
852 5 1 1 1562 1555 1554 1561 1583 1576 1575 1582
853 5 1 1 1569 1562 1561 1568 1590 1583 1582 1589
854 5 1 1 1563 1556 1555 1562 1584 1577 1576 1583
855 5 1 1 1570 1563 1562 1569 1591 1584 1583 1590
856 5 1 1 1564 1557 1556 1563 1585 1578 1577 1584
857 5 1 1 1571 1564 1563 1570 1592 1585 1584 1591
858 5 1 1 1565 1558 1557 1564 1586 1579 1578 1585
859 5 1 1 1572 1565 1564 1571 1593 1586 1585 1592
860 5 1 1 1566 1559 1558 1565 1587 1580 1579 1586
861 5 1 1 1573 1566 1565 1572 1594 1587 1586 1593
862 5 1 1 1567 1560 1559 1566 1588 1581 1580 1587
863 5 1 1 1574 1567 1566 1573 1595 1588 1587 1594
864 5 1 1 1604 1597 1596 1603 1625 1618 1617 1624
865 5 1 1 1611 1604 1603 1610 1632 1625 1624 1631
866 5 1 1 1605 1598 1597 1604 1626 1619 1618 1625
867 5 1 1 1612 1605 1604 1611 1633 1626 1625 1632
868 5 1 1 1606 1599 1598 1605 1627 1620 1619 1626
869 5 1 1 1613 1606 1605 1612 1634 1627 1626 1633
870 5 1 1 1607 1600 1599 1606 1628 1621 1620 1627
871 5 1 1 1614 1607 1606 1613 1635 1628 1627 1634
872 5 1 1 1608 1601 1600 1607 1629 1622 1621 1628
873 5 1 1 1615 1608 1607 1614 1636 1629 1628 1635
874 5 1 1 1609 1602 1601 1608 1630 1623 1622 1629
875 5 1 1 1616 1609 1608 1615 1637 1630 1629 1636
876 5 1 1 1625 1618 1617 1624 1646 1639 1638 1645
877 5 1 1 1632 1625 1624 1631 1653 1646 1645 1652
878 5 1 1 1626 1619 1618 1625 1647 1640 1639 1646
879 5 1 1 1633 1626 1625 1632 1654 1647 1646 1653
880 5 1 1 1627 1620 1619 1626 1648 1641 1640 1647
881 5 1 1 1634 1627 1626 1633 1655 1648 1647 1654
882 5 1 1 1628 1621 1620 1627 1649 1642 1641 1648
883 5 1 1 1635 1628 1627 1634 1656 1649 1648 1655
884 5 1 1 1629 1622 1621 1628 1650 1643 1642 1649
885 5 1 1 1636 1629 1628 1635 1657 1650 1649 1656
886 5 1 1 1630 1623 1622 1629 1651 1644 1643 1650
887 5 1 1 1637 1630 1629 1636 1658 1651 1650 1657
888 5 1 1 1646 1639 1638 1645 1667 1660 1659 1666
889 5 1 1 1653 1646 1645 1652 1674 1667 1666 1673
890 5 1 1 1647 1640 1639 1646 1668 1661 1660 1667
891 5 1 1 1654 1647 1646 1653 1675 1668 1667 1674
892 5 1 1 1648 1641 1640 1647 1669 1662 1661 1668
893 5 1 1 1655 1648 1647 1654 1676 1669 1668 1675
894 5 1 1 1649 1642 1641 1648 1670 1663 1662 1669
895 5 1 1 1656 1649 1648 1655 1677 1670 1669 1676
896 5 1 1 1650 1643 1642 1649 1671 1664 1663 1670
897 5 1 1 1657 1650 1649 1656 1678 1671 1670 1677
898 5 1 1 1651 1644 1643 1650 1672 1665 1664 1671
899 5 1 1 1658 1651 1650 1657 1679 1672 1671 1678
900 5 1 1 1667 1660 1659 1666 1688 1681 1680 1687
901 5 1 1 1674 1667 1666 1673 1695 1688 1687 1694
902 5 1 1 1668 1661 1660 1667 1689 1682 1681 1688
903 5 1 1 1675 1668 1667 1674 1696 1689 1688 1695
904 5 1 1 1669 1662 1661 1668 1690 1683 1682 1689
905 5 1 1 1676 1669 1668 1675 1697 1690 1689 1696
906 5 1 1 1670 1663 1662 1669 1691 1684 1683 1690
907 5 1 1 1677 1670 1669 1676 1698 1691 1690 1697
908 5 1 1 1671 1664 1663 1670 1692 1685 1684 1691
909 5 1 1 1678 1671 1670 1677 1699 1692 1691 1698
910 5 1 1 1672 1665 1664 1671 1693 1686 1685 1692
911 5 1 1 1679 1672 1671 1678 1700 1693 1692 1699
912 5 1 1 1688 1681 1680 1687 1709 1702 1701 1708
913 5 1 1 1695 1688 1687 1694 1716 1709 1708 1715
914 5 1 1 1689 1682 1681 1688 1710 1703 1702 1709
915 5 1 1 1696 1689 1688 1695 1717 1710 1709 1716
916 5 1 1 1690 1683 1682 1689 1711 1704 1703 1710
917 5 1 1 1697 1690 1689 1696 1718 1711 1710 1717
918 5 1 1 1691 1684 1683 1690 1712 1705 1704 1711
919 5 1 1 1698 1691 1690 1697 1719 1712 1711 1718
920 5 1 1 1692 1685 1684 1691 1713 1706 1705 1712
921 5 1 1 1699 1692 1691 1698 1720 1713 1712 1719
922 5 1 1 1693 1686 1685 1692 1714 1707 1706 1713
923 5 1 1 1700 1693 1692 1699 1721 1714 1713 1720
924 5 1 1 1709 1702 1701 1708 1730 1723 1722 1729
925 5 1 1 1716 1709 1708 1715 1737 1730 1729 1736
926 5 1 1 1710 1703 1702 1709 1731 1724 1723 1730
927 5 1 1 1717 1710 1709 1716 1738 1731 1730 1737
928 5 1 1 1711 1704 1703 1710 1732 1725 1724 1731
929 5 1 1 1718 1711 1710 1717 1739 1732 1731 1738
930 5 1 1 1712 1705 1704 1711 1733 1726 1725 1732
931 5 1 1 1719 1712 1711 1718 1740 1733 1732 1739
932 5 1 1 1713 1706 1705 1712 1734 1727 1726 1733
933 5 1 1 1720 1713 1712 1719 1741 1734 1733 1740
934 5 1 1 1714 1707 1706 1713 1735 1728 1727 1734
935 5 1 1 1721 1714 1713 1720 1742 1735 1734 1741
936 5 1 1 1730 1723 1722 1729 1751 1744 1743 1750
937 5 1 1 1737 1730 1729 1736 1758 1751 1750 1757
938 5 1 1 1731 1724 1723 1730 1752 1745 1744 1751
939 5 1 1 1738 1731 1730 1737 1759 1752 1751 1758
940 5 1 1 1732 1725 1724 1731 1753 1746 1745 1752
941 5 1 1 1739 1732 1731 1738 1760 1753 1752 1759
942 5 1 1 1733 1726 1725 1732 1754 1747 1746 1753
943 5 1 1 1740 1733 1732 1739 1761 1754 1753 1760
944 5 1 1 1734 1727 1726 1733 1755 1748 1747 1754
945 5 1 1 1741 1734 1733 1740 1762 1755 1754 1761
946 5 1 1 1735 1728 1727 1734 1756 1749 1748 1755
947 5 1 1 1742 1735 1734 1741 1763 1756 1755 1762
948 5 1 1 1751 1744 1743 1750 1772 1765 1764 1771
949 5 1 1 1758 1751 1750 1757 1779 1772 1771 1778
950 5 1 1 1752 1745 1744 1751 1773 1766 1765 1772
951 5 1 1 1759 1752 1751 1758 1780 1773 1772 1779
952 5 1 1 1753 1746 1745 1752 1774 1767 1766 1773
953 5 1 1 1760 1753 1752 1759 1781 1774 1773 1780
954 5 1 1 1754 1747 1746 1753 1775 1768 1767 1774
955 5 1 1 1761 1754 1753 1760 1782 1775 1774 1781
956 5 1 1 1755 1748 1747 1754 1776 1769 1768 1775
957 5 1 1 1762 1755 1754 1761 1783 1776 1775 1782
958 5 1 1 1756 1749 1748 1755 1777 1770 1769 1776
959 5 1 1 1763 1756 1755 1762 1784 1777 1776 1783
960 5 1 1 1772 1765 1764 1771 1793 1786 1785 1792
961 5 1 1 1779 1772 1771 1778 1800 1793 1792 1799
962 5 1 1 1773 1766 1765 1772 1794 1787 1786 1793
963 5 1 1 1780 1773 1772 1779 1801 1794 1793 1800
964 5 1 1 1774 1767 1766 1773 1795 1788 1787 1794
965 5 1 1 1781 1774 1773 1780 1802 1795 1794 1801
966 5 1 1 1775 1768 1767 1774 1796 1789 1788 1795
967 5 1 1 1782 1775 1774 1781 1803 1796 1795 1802
968 5 1 1 1776 1769 1768 1775 1797 1790 1789 1796
969 5 1 1 1783 1776 1775 1782 1804 1797 1796 1803
970 5 1 1 1777 1770 1769 1776 1798 1791 1790 1797
971 5 1 1 1784 1777 1776 1783 1805 1798 1797 1804
972 5 1 1 1793 1786 1785 1792 1814 1807 1806 1813
973 5 1 1 1800 1793 1792 1799 1821 1814 1813 1820
974 5 1 1 1794 1787 1786 1793 1815 1808 1807 1814
975 5 1 1 1801 1794 1793 1800 1822 1815 1814 1821
976 5 1 1 1795 1788 1787 1794 1816 1809 1808 1815
977 5 1 1 1802 1795 1794 1801 1823 1816 1815 1822
978 5 1 1 1796 1789 1788 1795 1817 1810 1809 1816
979 5 1 1 1803 1796 1795 1802 1824 1817 1816 1823
980 5 1 1 1797 1790 1789 1796 1818 1811 1810 1817
981 5 1 1 1804 1797 1796 1803 1825 1818 1817 1824
982 5 1 1 1798 1791 1790 1797 1819 1812 1811 1818
983 5 1 1 1805 1798 1797 1804 1826 1819 1818 1825
984 5 1 1 1814 1807 1806 1813 1835 1828 1827 1834
985 5 1 1 1821 1814 1813 1820 1842 1835 1834 1841
986 5 1 1 1815 1808 1807 1814 1836 1829 1828 1835
987 5 1 1 1822 1815 1814 1821 1843 1836 1835 1842
988 5 1 1 1816 1809 1808 1815 1837 1830 1829 1836
989 5 1 1 1823 1816 1815 1822 1844 1837 1836 1843
990 5 1 1 1817 1810 1809 1816 1838 1831 1830 1837
991 5 1 1 1824 1817 1816 1823 1845 1838 1837 1844
992 5 1 1 1818 1811 1810 1817 1839 1832 1831 1838
993 5 1 1 1825 1818 1817 1824 1846 1839 1838 1845
994 5 1 1 1819 1812 1811 1818 1840 1833 1832 1839
995 5 1 1 1826 1819 1818 1825 1847 1840 1839 1846
996 5 1 1 1835 1828 1827 1834 1856 1849 1848 1855
997 5 1 1 1842 1835 1834 1841 1863 1856 1855 1862
998 5 1 1 1836 1829 1828 1835 1857 1850 1849 1856
999 5 1 1 1843 1836 1835 1842 1864 1857 1856 1863
1000 5 1 1 1837 1830 1829 1836 1858 1851 1850 1857
1001 5 1 1 1844 1837 1836 1843 1865 1858 1857 1864
1002 5 1 1 1838 1831 1830 1837 1859 1852 1851 1858
1003 5 1 1 1845 1838 1837 1844 1866 1859 1858 1865
1004 5 1 1 1839 1832 1831 1838 1860 1853 1852 1859
1005 5 1 1 1846 1839 1838 1845 1867 1860 1859 1866
1006 5 1 1 1840 1833 1832 1839 1861 1854 1853 1860
1007 5 1 1 1847 1840 1839 1846 1868 1861 1860 1867
1008 5 1 1 1856 1849 1848 1855 1877 1870 1869 1876
1009 5 1 1 1863 1856 1855 1862 1884 1877 1876 1883
1010 5 1 1 1857 1850 1849 1856 1878 1871 1870 1877
1011 5 1 1 1864 1857 1856 1863 1885 1878 1877 1884
1012 5 1 1 1858 1851 1850 1857 1879 1872 1871 1878
1013 5 1 1 1865 1858 1857 1864 1886 1879 1878 1885
1014 5 1 1 1859 1852 1851 1858 1880 1873 1872 1879
1015 5 1 1 1866 1859 1858 1865 1887 1880 1879 1886
1016 5 1 1 1860 1853 1852 1859 1881 1874 1873 1880
1017 5 1 1 1867 1860 1859 1866 1888 1881 1880 1887
1018 5 1 1 1861 1854 1853 1860 1882 1875 1874 1881
1019 5 1 1 1868 1861 1860 1867 1889 1882 1881 1888
1020 5 1 1 1877 1870 1869 1876 1898 1891 1890 1897
1021 5 1 1 1884 1877 1876 1883 1905 1898 1897 1904
1022 5 1 1 1878 1871 1870 1877 1899 1892 1891 1898
1023 5 1 1 1885 1878 1877 1884 1906 1899 1898 1905
1024 5 1 1 1879 1872 1871 1878 1900 1893 1892 1899
1025 5 1 1 1886 1879 1878 1885 1907 1900 1899 1906
1026 5 1 1 1880 1873 1872 1879 1901 1894 1893 1900
1027 5 1 1 1887 1880 1879 1886 1908 1901 1900 1907
1028 5 1 1 1881 1874 1873 1880 1902 1895 1894 1901
1029 5 1 1 1888 1881 1880 1887 1909 1902 1901 1908
1030 5 1 1 1882 1875 1874 1881 1903 1896 1895 1902
1031 5 1 1 1889 1882 1881 1888 1910 1903 1902 1909
1032 5 1 1 1898 1891 1890 1897 1919 1912 1911 1918
1033 5 1 1 1905 1898 1897 1904 1926 1919 1918 1925
1034 5 1 1 1899 1892 1891 1898 1920 1913 1912 1919
1035 5 1 1 1906 1899 1898 1905 1927 1920 1919 1926
1036 5 1 1 1900 1893 1892 1899 1921 1914 1913 1920
1037 5 1 1 1907 1900 1899 1906 1928 1921 1920 1927
1038 5 1 1 1901 1894 1893 1900 1922 1915 1914 1921
1039 5 1 1 1908 1901 1900 1907 1929 1922 1921 1928
1040 5 1 1 1902 1895 1894 1901 1923 1916 1915 1922
1041 5 1 1 1909 1902 1901 1908 1930 1923 1922 1929
1042 5 1 1 1903 1896 1895 1902 1924 1917 1916 1923
1043 5 1 1 1910 1903 1902 1909 1931 1924 1923 1930
1044 5 1 1 1919 1912 1911 1918 1940 1933 1932 1939
1045 5 1 1 1926 1919 1918 1925 1947 1940 1939 1946
1046 5 1 1 1920 1913 1912 1919 1941 1934 1933 1940
1047 5 1 1 1927 1920 1919 1926 1948 1941 1940 1947
1048 5 1 1 1921 1914 1913 1920 1942 1935 1934 1941
1049 5 1 1 1928 1921 1920 1927 1949 1942 1941 1948
1050 5 1 1 1922 1915 1914 1921 1943 1936 1935 1942
1051 5 1 1 1929 1922 1921 1928 1950 1943 1942 1949
1052 5 1 1 1923 1916 1915 1922 1944 1937 1936 1943
1053 5 1 1 1930 1923 1922 1929 1951 1944 1943 1950
1054 5 1 1 1924 1917 1916 1923 1945 1938 1937 1944
1055 5 1 1 1931 1924 1923 1930 1952 1945 1944 1951
1056 5 1 1 1940 1933 1932 1939 1961 1954 1953 1960
1057 5 1 1 1947 1940 1939 1946 1968 1961 1960 1967
1058 5 1 1 1941 1934 1933 1940 1962 1955 1954 1961
1059 5 1 1 1948 1941 1940 1947 1969 1962 1961 1968
1060 5 1 1 1942 1935 1934 1941 1963 1956 1955 1962
1061 5 1 1 1949 1942 1941 1948 1970 1963 1962 1969
1062 5 1 1 1943 1936 1935 1942 1964 1957 1956 1963
1063 5 1 1 1950 1943 1942 1949 1971 1964 1963 1970
1064 5 1 1 1944 1937 1936 1943 1965 1958 1957 1964
1065 5 1 1 1951 1944 1943 1950 1972 1965 1964 1971
1066 5 1 1 1945 1938 1937 1944 1966 1959 1958 1965
1067 5 1 1 1952 1945 1944 1951 1973 1966 1965 1972
1068 5 1 1 1961 1954 1953 1960 1982 1975 1974 1981
1069 5 1 1 1968 1961 1960 1967 1989 1982 1981 1988
1070 5 1 1 1962 1955 1954 1961 1983 1976 1975 1982
1071 5 1 1 1969 1962 1961 1968 1990 1983 1982 1989
1072 5 1 1 1963 1956 1955 1962 1984 1977 1976 1983
1073 5 1 1 1970 1963 1962 1969 1991 1984 1983 1990
1074 5 1 1 1964 1957 1956 1963 1985 1978 1977 1984
1075 5 1 1 1971 1964 1963 1970 1992 1985 1984 1991
1076 5 1 1 1965 1958 1957 1964 1986 1979 1978 1985
1077 5 1 1 1972 1965 1964 1971 1993 1986 1985 1992
1078 5 1 1 1966 1959 1958 1965 1987 1980 1979 1986
1079 5 1 1 1973 1966 1965 1972 1994 1987 1986 1993
1080 5 1 1 2003 1996 1995 2002 2024 2017 2016 2023
1081 5 1 1 2010 2003 2002 2009 2031 2024 2023 2030
1082 5 1 1 2004 1997 1996 2003 2025 2018 2017 2024
1083 5 1 1 2011 2004 2003 2010 2032 2025 2024 2031
1084 5 1 1 2005 1998 1997 2004 2026 2019 2018 2025
1085 5 1 1 2012 2005 2004 2011 2033 2026 2025 2032
1086 5 1 1 2006 1999 1998 2005 2027 2020 2019 2026
1087 5 1 1 2013 2006 2005 2012 2034 2027 2026 2033
1088 5 1 1 2007 2000 1999 2006 2028 2021 2020 2027
1089 5 1 1 2014 2007 2006 2013 2035 2028 2027 2034
1090 5 1 1 2008 2001 2000 2007 2029 2022 2021 2028
1091 5 1 1 2015 2008 2007 2014 2036 2029 2028 2035
1092 5 1 1 2024 2017 2016 2023 2045 2038 2037 2044
1093 5 1 1 2031 2024 2023 2030 2052 2045 2044 2051
1094 5 1 1 2025 2018 2017 2024 2046 2039 2038 2045
1095 5 1 1 2032 2025 2024 2031 2053 2046 2045 2052
1096 5 1 1 2026 2019 2018 2025 2047 2040 2039 2046
1097 5 1 1 2033 2026 2025 2032 2054 2047 2046 2053
1098 5 1 1 2027 2020 2019 2026 2048 2041 2040 2047
1099 5 1 1 2034 2027 2026 2033 2055 2048 2047 2054
1100 5 1 1 2028 2021 2020 2027 2049 2042 2041 2048
1101 5 1 1 2035 2028 2027 2034 2056 2049 2048 2055
1102 5 1 1 2029 2022 2021 2028 2050 2043 2042 2049
1103 5 1 1 2036 2029 2028 2035 2057 2050 2049 2056
1104 5 1 1 2045 2038 2037 2044 2066 2059 2058 2065
1105 5 1 1 2052 2045 2044 2051 2073 2066 2065 2072
1106 5 1 1 2046 2039 2038 2045 2067 2060 2059 2066
1107 5 1 1 2053 2046 2045 2052 2074 2067 2066 2073
1108 5 1 1 2047 2040 2039 2046 2068 2061 2060 2067
1109 5 1 1 2054 2047 2046 2053 2075 2068 2067 2074
1110 5 1 1 2048 2041 2040 2047 2069 2062 2061 2068
1111 5 1 1 2055 2048 2047 2054 2076 2069 2068 2075
1112 5 1 1 2049 2042 2041 2048 2070 2063 2062 2069
1113 5 1 1 2056 2049 2048 2055 2077 2070 2069 2076
1114 5 1 1 2050 2043 2042 2049 2071 2064 2063 2070
1115 5 1 1 2057 2050 2049 2056 2078 2071 2070 2077
1116 5 1 1 2066 2059 2058 2065 2087 2080 2079 2086
1117 5 1 1 2073 2066 2065 2072 2094 2087 2086 2093
1118 5 1 1 2067 2060 2059 2066 2088 2081 2080 2087
1119 5 1 1 2074 2067 2066 2073 2095 2088 2087 2094
1120 5 1 1 2068 2061 2060 2067 2089 2082 2081 2088
1121 5 1 1 2075 2068 2067 2074 2096 2089 2088 2095
1122 5 1 1 2069 2062 2061 2068 2090 2083 2082 2089
1123 5 1 1 2076 2069 2068 2075 2097 2090 2089 2096
1124 5 1 1 2070 2063 2062 2069 2091 2084 2083 2090
1125 5 1 1 2077 2070 2069 2076 2098 2091 2090 2097
1126 5 1 1 2071 2064 2063 2070 2092 2085 2084 2091
1127 5 1 1 2078 2071 2070 2077 2099 2092 2091 2098
1128 5 1 1 2087 2080 2079 2086 2108 2101 2100 2107
1129 5 1 1 2094 2087 2086 2093 2115 2108 2107 2114
1130 5 1 1 2088 2081 2080 2087 2109 2102 2101 2108
1131 5 1 1 2095 2088 2087 2094 2116 2109 2108 2115
1132 5 1 1 2089 2082 2081 2088 2110 2103 2102 2109
1133 5 1 1 2096 2089 2088 2095 2117 2110 2109 2116
1134 5 1 1 2090 2083 2082 2089 2111 2104 2103 2110
1135 5 1 1 2097 2090 2089 2096 2118 2111 2110 2117
1136 5 1 1 2091 2084 2083 2090 2112 2105 2104 2111
1137 5 1 1 2098 2091 2090 2097 2119 2112 2111 2118
1138 5 1 1 2092 2085 2084 2091 2113 2106 2105 2112
1139 5 1 1 2099 2092 2091 2098 2120 2113 2112 2119
1140 5 1 1 2108 2101 2100 2107 2129 2122 2121 2128
1141 5 1 1 2115 2108 2107 2114 2136 2129 2128 2135
1142 5 1 1 2109 2102 2101 2108 2130 2123 2122 2129
1143 5 1 1 2116 2109 2108 2115 2137 2130 2129 2136
1144 5 1 1 2110 2103 2102 2109 2131 2124 2123 2130
1145 5 1 1 2117 2110 2109 2116 2138 2131 2130 2137
1146 5 1 1 2111 2104 2103 2110 2132 2125 2124 2131
1147 5 1 1 2118 2111 2110 2117 2139 2132 2131 2138
1148 5 1 1 2112 2105 2104 2111 2133 2126 2125 2132
1149 5 1 1 2119 2112 2111 2118 2140 2133 2132 2139
1150 5 1 1 2113 2106 2105 2112 2134 2127 2126 2133
1151 5 1 1 2120 2113 2112 2119 2141 2134 2133 2140
1152 5 1 1 2129 2122 2121 2128 2150 2143 2142 2149
1153 5 1 1 2136 2129 2128 2135 2157 2150 2149 2156
1154 5 1 1 2130 2123 2122 2129 2151 2144 2143 2150
1155 5 1 1 2137 2130 2129 2136 2158 2151 2150 2157
1156 5 1 1 2131 2124 2123 2130 2152 2145 2144 2151
1157 5 1 1 2138 2131 2130 2137 2159 2152 2151 2158
1158 5 1 1 2132 2125 2124 2131 2153 2146 2145 2152
1159 5 1 1 2139 2132 2131 2138 2160 2153 2152 2159
1160 5 1 1 2133 2126 2125 2132 2154 2147 2146 2153
1161 5 1 1 2140 2133 2132 2139 2161 2154 2153 2160
1162 5 1 1 2134 2127 2126 2133 2155 2148 2147 2154
1163 5 1 1 2141 2134 2133 2140 2162 2155 2154 2161
1164 5 1 1 2150 2143 2142 2149 2171 2164 2163 2170
1165 5 1 1 2157 2150 2149 2156 2178 2171 2170 2177
1166 5 1 1 2151 2144 2143 2150 2172 2165 2164 2171
1167 5 1 1 2158 2151 2150 2157 2179 2172 2171 2178
1168 5 1 1 2152 2145 2144 2151 2173 2166 2165 2172
1169 5 1 1 2159 2152 2151 2158 2180 2173 2172 2179
1170 5 1 1 2153 2146 2145 2152 2174 2167 2166 2173
1171 5 1 1 2160 2153 2152 2159 2181 2174 2173 2180
1172 5 1 1 2154 2147 2146 2153 2175 2168 2167 2174
1173 5 1 1 2161 2154 2153 2160 2182 2175 2174 2181
1174 5 1 1 2155 2148 2147 2154 2176 2169 2168 2175
1175 5 1 1 2162 2155 2154 2161 2183 2176 2175 2182
1176 5 1 1 2171 2164 2163 2170 2192 2185 2184 2191
1177 5 1 1 2178 2171 2170 2177 2199 2192 2191 2198
1178 5 1 1 2172 2165 2164 2171 2193 2186 2185 2192
1179 5 1 1 2179 2172 2171 2178 2200 2193 2192 2199
1180 5 1 1 2173 2166 2165 2172 2194 2187 2186 2193
1181 5 1 1 2180 2173 2172 2179 2201 2194 2193 2200
1182 5 1 1 2174 2167 2166 2173 2195 2188 2187 2194
1183 5 1 1 2181 2174 2173 2180 2202 2195 2194 2201
1184 5 1 1 2175 2168 2167 2174 2196 2189 2188 2195
1185 5 1 1 2182 2175 2174 2181 2203 2196 2195 2202
1186 5 1 1 2176 2169 2168 2175 2197 2190 2189 2196
1187 5 1 1 2183 2176 2175 2182 2204 2197 2196 2203
1188 5 1 1 2192 2185 2184 2191 2213 2206 2205 2212
1189 5 1 1 2199 2192 2191 2198 2220 2213 2212 2219
1190 5 1 1 2193 2186 2185 2192 2214 2207 2206 2213
1191 5 1 1 2200 2193 2192 2199 2221 2214 2213 2220
1192 5 1 1 2194 2187 2186 2193 2215 2208 2207 2214
1193 5 1 1 2201 2194 2193 2200 2222 2215 2214 2221
1194 5 1 1 2195 2188 2187 2194 2216 2209 2208 2215
1195 5 1 1 2202 2195 2194 2201 2223 2216 2215 2222
1196 5 1 1 2196 2189 2188 2195 2217 2210 2209 2216
1197 5 1 1 2203 2196 2195 2202 2224 2217 2216 2223
1198 5 1 1 2197 2190 2189 2196 2218 2211 2210 2217
1199 5 1 1 2204 2197 2196 2203 2225 2218 2217 2224
1200 5 1 1 2213 2206 2205 2212 2234 2227 2226 2233
1201 5 1 1 2220 2213 2212 2219 2241 2234 2233 2240
1202 5 1 1 2214 2207 2206 2213 2235 2228 2227 2234
1203 5 1 1 2221 2214 2213 2220 2242 2235 2234 2241
1204 5 1 1 2215 2208 2207 2214 2236 2229 2228 2235
1205 5 1 1 2222 2215 2214 2221 2243 2236 2235 2242
1206 5 1 1 2216 2209 2208 2215 2237 2230 2229 2236
1207 5 1 1 2223 2216 2215 2222 2244 2237 2236 2243
1208 5 1 1 2217 2210 2209 2216 2238 2231 2230 2237
1209 5 1 1 2224 2217 2216 2223 2245 2238 2237 2244
1210 5 1 1 2218 2211 2210 2217 2239 2232 2231 2238
1211 5 1 1 2225 2218 2217 2224 2246 2239 2238 2245
1212 5 1 1 2234 2227 2226 2233 2255 2248 2247 2254
1213 5 1 1 2241 2234 2233 2240 2262 2255 2254 2261
1214 5 1 1 2235 2228 2227 2234 2256 2249 2248 2255
1215 5 1 1 2242 2235 2234 2241 2263 2256 2255 2262
1216 5 1 1 2236 2229 2228 2235 2257 2250 2249 2256
1217 5 1 1 2243 2236 2235 2242 2264 2257 2256 2263
1218 5 1 1 2237 2230 2229 2236 2258 2251 2250 2257
1219 5 1 1 2244 2237 2236 2243 2265 2258 2257 2264
1220 5 1 1 2238 2231 2230 2237 2259 2252 2251 2258
1221 5 1 1 2245 2238 2237 2244 2266 2259 2258 2265
1222 5 1 1 2239 2232 2231 2238 2260 2253 2252 2259
1223 5 1 1 2246 2239 2238 2245 2267 2260 2259 2266
1224 5 1 1 2255 2248 2247 2254 2276 2269 2268 2275
1225 5 1 1 2262 2255 2254 2261 2283 2276 2275 2282
1226 5 1 1 2256 2249 2248 2255 2277 2270 2269 2276
1227 5 1 1 2263 2256 2255 2262 2284 2277 2276 2283
1228 5 1 1 2257 2250 2249 2256 2278 2271 2270 2277
1229 5 1 1 2264 2257 2256 2263 2285 2278 2277 2284
1230 5 1 1 2258 2251 2250 2257 2279 2272 2271 2278
1231 5 1 1 2265 2258 2257 2264 2286 2279 2278 2285
1232 5 1 1 2259 2252 2251 2258 2280 2273 2272 2279
1233 5 1 1 2266 2259 2258 2265 2287 2280 2279 2286
1234 5 1 1 2260 2253 2252 2259 2281 2274 2273 2280
1235 5 1 1 2267 2260 2259 2266 2288 2281 2280 2287
1236 5 1 1 2276 2269 2268 2275 2297 2290 2289 2296
1237 5 1 1 2283 2276 2275 2282 2304 2297 2296 2303
1238 5 1 1 2277 2270 2269 2276 2298 2291 2290 2297
1239 5 1 1 2284 2277 2276 2283 2305 2298 2297 2304
1240 5 1 1 2278 2271 2270 2277 2299 2292 2291 2298
1241 5 1 1 2285 2278 2277 2284 2306 2299 2298 2305
1242 5 1 1 2279 2272 2271 2278 2300 2293 2292 2299
1243 5 1 1 2286 2279 2278 2285 2307 2300 2299 2306
1244 5 1 1 2280 2273 2272 2279 2301 2294 2293 2300
1245 5 1 1 2287 2280 2279 2286 2308 2301 2300 2307
1246 5 1 1 2281 2274 2273 2280 2302 2295 2294 2301
1247 5 1 1 2288 2281 2280 2287 2309 2302 2301 2308
1248 5 1 1 2297 2290 2289 2296 2318 2311 2310 2317
1249 5 1 1 2304 2297 2296 2303 2325 2318 2317 2324
1250 5 1 1 2298 2291 2290 2297 2319 2312 2311 2318
1251 5 1 1 2305 2298 2297 2304 2326 2319 2318 2325
1252 5 1 1 2299 2292 2291 2298 2320 2313 2312 2319
1253 5 1 1 2306 2299 2298 2305 2327 2320 2319 2326
1254 5 1 1 2300 2293 2292 2299 2321 2314 2313 2320
1255 5 1 1 2307 2300 2299 2306 2328 2321 2320 2327
1256 5 1 1 2301 2294 2293 2300 2322 2315 2314 2321
1257 5 1 1 2308 2301 2300 2307 2329 2322 2321 2328
1258 5 1 1 2302 2295 2294 2301 2323 2316 2315 2322
1259 5 1 1 2309 2302 2301 2308 2330 2323 2322 2329
1260 5 1 1 2318 2311 2310 2317 2339 2332 2331 2338
1261 5 1 1 2325 2318 2317 2324 2346 2339 2338 2345
1262 5 1 1 2319 2312 2311 2318 2340 2333 2332 2339
1263 5 1 1 2326 2319 2318 2325 2347 2340 2339 2346
1264 5 1 1 2320 2313 2312 2319 2341 2334 2333 2340
1265 5 1 1 2327 2320 2319 2326 2348 2341 2340 2347
1266 5 1 1 2321 2314 2313 2320 2342 2335 2334 2341
1267 5 1 1 2328 2321 2320 2327 2349 2342 2341 2348
1268 5 1 1 2322 2315 2314 2321 2343 2336 2335 2342
1269 5 1 1 2329 2322 2321 2328 2350 2343 2342 2349
1270 5 1 1 2323 2316 2315 2322 2344 2337 2336 2343
1271 5 1 1 2330 2323 2322 2329 2351 2344 2343 2350
1272 5 1 1 2339 2332 2331 2338 2360 2353 2352 2359
1273 5 1 1 2346 2339 2338 2345 2367 2360 2359 2366
1274 5 1 1 2340 2333 2332 2339 2361 2354 2353 2360
1275 5 1 1 2347 2340 2339 2346 2368 2361 2360 2367
1276 5 1 1 2341 2334 2333 2340 2362 2355 2354 2361
1277 5 1 1 2348 2341 2340 2347 2369 2362 2361 2368
1278 5 1 1 2342 2335 2334 2341 2363 2356 2355 2362
1279 5 1 1 2349 2342 2341 2348 2370 2363 2362 2369
1280 5 1 1 2343 2336 2335 2342 2364 2357 2356 2363
1281 5 1 1 2350 2343 2342 2349 2371 2364 2363 2370
1282 5 1 1 2344 2337 2336 2343 2365 2358 2357 2364
1283 5 1 1 2351 2344 2343 2350 2372 2365 2364 2371
1284 5 1 1 2360 2353 2352 2359 2381 2374 2373 2380
1285 5 1 1 2367 2360 2359 2366 2388 2381 2380 2387
1286 5 1 1 2361 2354 2353 2360 2382 2375 2374 2381
1287 5 1 1 2368 2361 2360 2367 2389 2382 2381 2388
1288 5 1 1 2362 2355 2354 2361 2383 2376 2375 2382
1289 5 1 1 2369 2362 2361 2368 2390 2383 2382 2389
1290 5 1 1 2363 2356 2355 2362 2384 2377 2376 2383
1291 5 1 1 2370 2363 2362 2369 2391 2384 2383 2390
1292 5 1 1 2364 2357 2356 2363 2385 2378 2377 2384
1293 5 1 1 2371 2364 2363 2370 2392 2385 2384 2391
1294 5 1 1 2365 2358 2357 2364 2386 2379 2378 2385
1295 5 1 1 2372 2365 2364 2371 2393 2386 2385 2392
1296 5 1 1 2402 2395 2394 2401 2423 2416 2415 2422
1297 5 1 1 2409 2402 2401 2408 2430 2423 2422 2429
1298 5 1 1 2403 2396 2395 2402 2424 2417 2416 2423
1299 5 1 1 2410 2403 2402 2409 2431 2424 2423 2430
1300 5 1 1 2404 2397 2396 2403 2425 2418 2417 2424
1301 5 1 1 2411 2404 2403 2410 2432 2425 2424 2431
1302 5 1 1 2405 2398 2397 2404 2426 2419 2418 2425
1303 5 1 1 2412 2405 2404 2411 2433 2426 2425 2432
1304 5 1 1 2406 2399 2398 2405 2427 2420 2419 2426
1305 5 1 1 2413 2406 2405 2412 2434 2427 2426 2433
1306 5 1 1 2407 2400 2399 2406 2428 2421 2420 2427
1307 5 1 1 2414 2407 2406 2413 2435 2428 2427 2434
1308 5 1 1 2423 2416 2415 2422 2444 2437 2436 2443
1309 5 1 1 2430 2423 2422 2429 2451 2444 2443 2450
1310 5 1 1 2424 2417 2416 2423 2445 2438 2437 2444
1311 5 1 1 2431 2424 2423 2430 2452 2445 2444 2451
1312 5 1 1 2425 2418 2417 2424 2446 2439 2438 2445
1313 5 1 1 2432 2425 2424 2431 2453 2446 2445 2452
1314 5 1 1 2426 2419 2418 2425 2447 2440 2439 2446
1315 5 1 1 2433 2426 2425 2432 2454 2447 2446 2453
1316 5 1 1 2427 2420 2419 2426 2448 2441 2440 2447
1317 5 1 1 2434 2427 2426 2433 2455 2448 2447 2454
1318 5 1 1 2428 2421 2420 2427 2449 2442 2441 2448
1319 5 1 1 2435 2428 2427 2434 2456 2449 2448 2455
1320 5 1 1 2444 2437 2436 2443 2465 2458 2457 2464
1321 5 1 1 2451 2444 2443 2450 2472 2465 2464 2471
1322 5 1 1 2445 2438 2437 2444 2466 2459 2458 2465
1323 5 1 1 2452 2445 2444 2451 2473 2466 2465 2472
1324 5 1 1 2446 2439 2438 2445 2467 2460 2459 2466
1325 5 1 1 2453 2446 2445 2452 2474 2467 2466 2473
1326 5 1 1 2447 2440 2439 2446 2468 2461 2460 2467
1327 5 1 1 2454 2447 2446 2453 2475 2468 2467 2474
1328 5 1 1 2448 2441 2440 2447 2469 2462 2461 2468
1329 5 1 1 2455 2448 2447 2454 2476 2469 2468 2475
1330 5 1 1 2449 2442 2441 2448 2470 2463 2462 2469
1331 5 1 1 2456 2449 2448 2455 2477 2470 2469 2476
1332 5 1 1 2465 2458 2457 2464 2486 2479 2478 2485
1333 5 1 1 2472 2465 2464 2471 2493 2486 2485 2492
1334 5 1 1 2466 2459 2458 2465 2487 2480 2479 2486
1335 5 1 1 2473 2466 2465 2472 2494 2487 2486 2493
1336 5 1 1 2467 2460 2459 2466 2488 2481 2480 2487
1337 5 1 1 2474 2467 2466 2473 2495 2488 2487 2494
1338 5 1 1 2468 2461 2460 2467 2489 2482 2481 2488
1339 5 1 1 2475 2468 2467 2474 2496 2489 2488 2495
1340 5 1 1 2469 2462 2461 2468 2490 2483 2482 2489
1341 5 1 1 2476 2469 2468 2475 2497 2490 2489 2496
1342 5 1 1 2470 2463 2462 2469 2491 2484 2483 2490
1343 5 1 1 2477 2470 2469 2476 2498 2491 2490 2497
1344 5 1 1 2486 2479 2478 2485 2507 2500 2499 2506
1345 5 1 1 2493 2486 2485 2492 2514 2507 2506 2513
1346 5 1 1 2487 2480 2479 2486 2508 2501 2500 2507
1347 5 1 1 2494 2487 2486 2493 2515 2508 2507 2514
1348 5 1 1 2488 2481 2480 2487 2509 2502 2501 2508
1349 5 1 1 2495 2488 2487 2494 2516 2509 2508 2515
1350 5 1 1 2489 2482 2481 2488 2510 2503 2502 2509
1351 5 1 1 2496 2489 2488 2495 2517 2510 2509 2516
1352 5 1 1 2490 2483 2482 2489 2511 2504 2503 2510
1353 5 1 1 2497 2490 2489 2496 2518 2511 2510 2517
1354 5 1 1 2491 2484 2483 2490 2512 2505 2504 2511
1355 5 1 1 2498 2491 2490 2497 2519 2512 2511 2518
1356 5 1 1 2507 2500 2499 2506 2528 2521 2520 2527
1357 5 1 1 2514 2507 2506 2513 2535 2528 2527 2534
1358 5 1 1 2508 2501 2500 2507 2529 2522 2521 2528
1359 5 1 1 2515 2508 2507 2514 2536 2529 2528 2535
1360 5 1 1 2509 2502 2501 2508 2530 2523 2522 2529
1361 5 1 1 2516 2509 2508 2515 2537 2530 2529 2536
1362 5 1 1 2510 2503 2502 2509 2531 2524 2523 2530
1363 5 1 1 2517 2510 2509 2516 2538 2531 2530 2537
1364 5 1 1 2511 2504 2503 2510 2532 2525 2524 2531
1365 5 1 1 2518 2511 2510 2517 2539 2532 2531 2538
1366 5 1 1 2512 2505 2504 2511 2533 2526 2525 2532
1367 5 1 1 2519 2512 2511 2518 2540 2533 2532 2539
1368 5 1 1 2528 2521 2520 2527 2549 2542 2541 2548
1369 5 1 1 2535 2528 2527 2534 2556 2549 2548 2555
1370 5 1 1 2529 2522 2521 2528 2550 2543 2542 2549
1371 5 1 1 2536 2529 2528 2535 2557 2550 2549 2556
1372 5 1 1 2530 2523 2522 2529 2551 2544 2543 2550
1373 5 1 1 2537 2530 2529 2536 2558 2551 2550 2557
1374 5 1 1 2531 2524 2523 2530 2552 2545 2544 2551
1375 5 1 1 2538 2531 2530 2537 2559 2552 2551 2558
1376 5 1 1 2532 2525 2524 2531 2553 2546 2545 2552
1377 5 1 1 2539 2532 2531 2538 2560 2553 2552 2559
1378 5 1 1 2533 2526 2525 2532 2554 2547 2546 2553
1379 5 1 1 2540 2533 2532 2539 2561 2554 2553 2560
1380 5 1 1 2549 2542 2541 2548 2570 2563 2562 2569
1381 5 1 1 2556 2549 2548 2555 2577 2570 2569 2576
1382 5 1 1 2550 2543 2542 2549 2571 2564 2563 2570
1383 5 1 1 2557 2550 2549 2556 2578 2571 2570 2577
1384 5 1 1 2551 2544 2543 2550 2572 2565 2564 2571
1385 5 1 1 2558 2551 2550 2557 2579 2572 2571 2578
1386 5 1 1 2552 2545 2544 2551 2573 2566 2565 2572
1387 5 1 1 2559 2552 2551 2558 2580 2573 2572 2579
1388 5 1 1 2553 2546 2545 2552 2574 2567 2566 2573
1389 5 1 1 2560 2553 2552 2559 2581 2574 2573 2580
1390 5 1 1 2554 2547 2546 2553 2575 2568 2567 2574
1391 5 1 1 2561 2554 2553 2560 2582 2575 2574 2581
1392 5 1 1 2570 2563 2562 2569 2591 2584 2583 2590
1393 5 1 1 2577 2570 2569 2576 2598 2591 2590 2597
1394 5 1 1 2571 2564 2563 2570 2592 2585 2584 2591
1395 5 1 1 2578 2571 2570 2577 2599 2592 2591 2598
1396 5 1 1 2572 2565 2564 2571 2593 2586 2585 2592
1397 5 1 1 2579 2572 2571 2578 2600 2593 2592 2599
1398 5 1 1 2573 2566 2565 2572 2594 2587 2586 2593
1399 5 1 1 2580 2573 2572 2579 2601 2594 2593 2600
1400 5 1 1 2574 2567 2566 2573 2595 2588 2587 2594
1401 5 1 1 2581 2574 2573 2580 2602 2595 2594 2601
1402 5 1 1 2575 2568 2567 2574 2596 2589 2588 2595
1403 5 1 1 2582 2575 2574 2581 2603 2596 2595 2602
1404 5 1 1 2591 2584 2583 2590 2612 2605 2604 2611
1405 5 1 1 2598 2591 2590 2597 2619 2612 2611 2618
1406 5 1 1 2592 2585 2584 2591 2613 2606 2605 2612
1407 5 1 1 2599 2592 2591 2598 2620 2613 2612 2619
1408 5 1 1 2593 2586 2585 2592 2614 2607 2606 2613
1409 5 1 1 2600 2593 2592 2599 2621 2614 2613 2620
1410 5 1 1 2594 2587 2586 2593 2615 2608 2607 2614
1411 5 1 1 2601 2594 2593 2600 2622 2615 2614 2621
1412 5 1 1 2595 2588 2587 2594 2616 2609 2608 2615
1413 5 1 1 2602 2595 2594 2601 2623 2616 2615 2622
1414 5 1 1 2596 2589 2588 2595 2617 2610 2609 2616
1415 5 1 1 2603 2596 2595 2602 2624 2617 2616 2623
1416 5 1 1 2612 2605 2604 2611 2633 2626 2625 2632
1417 5 1 1 2619 2612 2611 2618 2640 2633 2632 2639
1418 5 1 1 2613 2606 2605 2612 2634 2627 2626 2633
1419 5 1 1 2620 2613 2612 2619 2641 2634 2633 2640
1420 5 1 1 2614 2607 2606 2613 2635 2628 2627 2634
1421 5 1 1 2621 2614 2613 2620 2642 2635 2634 2641
1422 5 1 1 2615 2608 2607 2614 2636 2629 2628 2635
1423 5 1 1 2622 2615 2614 2621 2643 2636 2635 2642
1424 5 1 1 2616 2609 2608 2615 2637 2630 2629 2636
1425 5 1 1 2623 2616 2615 2622 2644 2637 2636 2643
1426 5 1 1 2617 2610 2609 2616 2638 2631 2630 2637
1427 5 1 1 2624 2617 2616 2623 2645 2638 2637 2644
1428 5 1 1 2633 2626 2625 2632 2654 2647 2646 2653
1429 5 1 1 2640 2633 2632 2639 2661 2654 2653 2660
1430 5 1 1 2634 2627 2626 2633 2655 2648 2647 2654
1431 5 1 1 2641 2634 2633 2640 2662 2655 2654 2661
1432 5 1 1 2635 2628 2627 2634 2656 2649 2648 2655
1433 5 1 1 2642 2635 2634 2641 2663 2656 2655 2662
1434 5 1 1 2636 2629 2628 2635 2657 2650 2649 2656
1435 5 1 1 2643 2636 2635 2642 2664 2657 2656 2663
1436 5 1 1 2637 2630 2629 2636 2658 2651 2650 2657
1437 5 1 1 2644 2637 2636 2643 2665 2658 2657 2664
1438 5 1 1 2638 2631 2630 2637 2659 2652 2651 2658
1439 5 1 1 2645 2638 2637 2644 2666 2659 2658 2665
1440 5 1 1 2654 2647 2646 2653 2675 2668 2667 2674
1441 5 1 1 2661 2654 2653 2660 2682 2675 2674 2681
1442 5 1 1 2655 2648 2647 2654 2676 2669 2668 2675
1443 5 1 1 2662 2655 2654 2661 2683 2676 2675 2682
1444 5 1 1 2656 2649 2648 2655 2677 2670 2669 2676
1445 5 1 1 2663 2656 2655 2662 2684 2677 2676 2683
1446 5 1 1 2657 2650 2649 2656 2678 2671 2670 2677
1447 5 1 1 2664 2657 2656 2663 2685 2678 2677 2684
1448 5 1 1 2658 2651 2650 2657 2679 2672 2671 2678
1449 5 1 1 2665 2658 2657 2664 2686 2679 2678 2685
1450 5 1 1 2659 2652 2651 2658 2680 2673 2672 2679
1451 5 1 1 2666 2659 2658 2665 2687 2680 2679 2686
1452 5 1 1 2675 2668 2667 2674 2696 2689 2688 2695
1453 5 1 1 2682 2675 2674 2681 2703 2696 2695 2702
1454 5 1 1 2676 2669 2668 2675 2697 2690 2689 2696
1455 5 1 1 2683 2676 2675 2682 2704 2697 2696 2703
1456 5 1 1 2677 2670 2669 2676 2698 2691 2690 2697
1457 5 1 1 2684 2677 2676 2683 2705 2698 2697 2704
1458 5 1 1 2678 2671 2670 2677 2699 2692 2691 2698
1459 5 1 1 2685 2678 2677 2684 2706 2699 2698 2705
1460 5 1 1 2679 2672 2671 2678 2700 2693 2692 2699
1461 5 1 1 2686 2679 2678 2685 2707 2700 2699 2706
1462 5 1 1 2680 2673 2672 2679 2701 2694 2693 2700
1463 5 1 1 2687 2680 2679 2686 2708 2701 2700 2707
1464 5 1 1 2696 2689 2688 2695 2717 2710 2709 2716
1465 5 1 1 2703 2696 2695 2702 2724 2717 2716 2723
1466 5 1 1 2697 2690 2689 2696 2718 2711 2710 2717
1467 5 1 1 2704 2697 2696 2703 2725 2718 2717 2724
1468 5 1 1 2698 2691 2690 2697 2719 2712 2711 2718
1469 5 1 1 2705 2698 2697 2704 2726 2719 2718 2725
1470 5 1 1 2699 2692 2691 2698 2720 2713 2712 2719
1471 5 1 1 2706 2699 2698 2705 2727 2720 2719 2726
1472 5 1 1 2700 2693 2692 2699 2721 2714 2713 2720
1473 5 1 1 2707 2700 2699 2706 2728 2721 2720 2727
1474 5 1 1 2701 2694 2693 2700 2722 2715 2714 2721
1475 5 1 1 2708 2701 2700 2707 2729 2722 2721 2728
1476 5 1 1 2717 2710 2709 2716 2738 2731 2730 2737
1477 5 1 1 2724 2717 2716 2723 2745 2738 2737 2744
1478 5 1 1 2718 2711 2710 2717 2739 2732 2731 2738
1479 5 1 1 2725 2718 2717 2724 2746 2739 2738 2745
1480 5 1 1 2719 2712 2711 2718 2740 2733 2732 2739
1481 5 1 1 2726 2719 2718 2725 2747 2740 2739 2746
1482 5 1 1 2720 2713 2712 2719 2741 2734 2733 2740
1483 5 1 1 2727 2720 2719 2726 2748 2741 2740 2747
1484 5 1 1 2721 2714 2713 2720 2742 2735 2734 2741
1485 5 1 1 2728 2721 2720 2727 2749 2742 2741 2748
1486 5 1 1 2722 2715 2714 2721 2743 2736 2735 2742
1487 5 1 1 2729 2722 2721 2728 2750 2743 2742 2749
1488 5 1 1 2738 2731 2730 2737 2759 2752 2751 2758
1489 5 1 1 2745 2738 2737 2744 2766 2759 2758 2765
1490 5 1 1 2739 2732 2731 2738 2760 2753 2752 2759
1491 5 1 1 2746 2739 2738 2745 2767 2760 2759 2766
1492 5 1 1 2740 2733 2732 2739 2761 2754 2753 2760
1493 5 1 1 2747 2740 2739 2746 2768 2761 2760 2767
1494 5 1 1 2741 2734 2733 2740 2762 2755 2754 2761
1495 5 1 1 2748 2741 2740 2747 2769 2762 2761 2768
1496 5 1 1 2742 2735 2734 2741 2763 2756 2755 2762
1497 5 1 1 2749 2742 2741 2748 2770 2763 2762 2769
1498 5 1 1 2743 2736 2735 2742 2764 2757 2756 2763
1499 5 1 1 2750 2743 2742 2749 2771 2764 2763 2770
1500 5 1 1 2759 2752 2751 2758 2780 2773 2772 2779
1501 5 1 1 2766 2759 2758 2765 2787 2780 2779 2786
1502 5 1 1 2760 2753 2752 2759 2781 2774 2773 2780
1503 5 1 1 2767 2760 2759 2766 2788 2781 2780 2787
1504 5 1 1 2761 2754 2753 2760 2782 2775 2774 2781
1505 5 1 1 2768 2761 2760 2767 2789 2782 2781 2788
1506 5 1 1 2762 2755 2754 2761 2783 2776 2775 2782
1507 5 1 1 2769 2762 2761 2768 2790 2783 2782 2789
1508 5 1 1 2763 2756 2755 2762 2784 2777 2776 2783
1509 5 1 1 2770 2763 2762 2769 2791 2784 2783 2790
1510 5 1 1 2764 2757 2756 2763 2785 2778 2777 2784
1511 5 1 1 2771 2764 2763 2770 2792 2785 2784 2791
1512 5 1 1 2801 2794 2793 2800 2822 2815 2814 2821
1513 5 1 1 2808 2801 2800 2807 2829 2822 2821 2828
1514 5 1 1 2802 2795 2794 2801 2823 2816 2815 2822
1515 5 1 1 2809 2802 2801 2808 2830 2823 2822 2829
1516 5 1 1 2803 2796 2795 2802 2824 2817 2816 2823
1517 5 1 1 2810 2803 2802 2809 2831 2824 2823 2830
1518 5 1 1 2804 2797 2796 2803 2825 2818 2817 2824
1519 5 1 1 2811 2804 2803 2810 2832 2825 2824 2831
1520 5 1 1 2805 2798 2797 2804 2826 2819 2818 2825
1521 5 1 1 2812 2805 2804 2811 2833 2826 2825 2832
1522 5 1 1 2806 2799 2798 2805 2827 2820 2819 2826
1523 5 1 1 2813 2806 2805 2812 2834 2827 2826 2833
1524 5 1 1 2822 2815 2814 2821 2843 2836 2835 2842
1525 5 1 1 2829 2822 2821 2828 2850 2843 2842 2849
1526 5 1 1 2823 2816 2815 2822 2844 2837 2836 2843
1527 5 1 1 2830 2823 2822 2829 2851 2844 2843 2850
1528 5 1 1 2824 2817 2816 2823 2845 2838 2837 2844
1529 5 1 1 2831 2824 2823 2830 2852 2845 2844 2851
1530 5 1 1 2825 2818 2817 2824 2846 2839 2838 2845
1531 5 1 1 2832 2825 2824 2831 2853 2846 2845 2852
1532 5 1 1 2826 2819 2818 2825 2847 2840 2839 2846
1533 5 1 1 2833 2826 2825 2832 2854 2847 2846 2853
1534 5 1 1 2827 2820 2819 2826 2848 2841 2840 2847
1535 5 1 1 2834 2827 2826 2833 2855 2848 2847 2854
1536 5 1 1 2843 2836 2835 2842 2864 2857 2856 2863
1537 5 1 1 2850 2843 2842 2849 2871 2864 2863 2870
1538 5 1 1 2844 2837 2836 2843 2865 2858 2857 2864
1539 5 1 1 2851 2844 2843 2850 2872 2865 2864 2871
1540 5 1 1 2845 2838 2837 2844 2866 2859 2858 2865
1541 5 1 1 2852 2845 2844 2851 2873 2866 2865 2872
1542 5 1 1 2846 2839 2838 2845 2867 2860 2859 2866
1543 5 1 1 2853 2846 2845 2852 2874 2867 2866 2873
1544 5 1 1 2847 2840 2839 2846 2868 2861 2860 2867
1545 5 1 1 2854 2847 2846 2853 2875 2868 2867 2874
1546 5 1 1 2848 2841 2840 2847 2869 2862 2861 2868
1547 5 1 1 2855 2848 2847 2854 2876 2869 2868 2875
1548 5 1 1 2864 2857 2856 2863 2885 2878 2877 2884
1549 5 1 1 2871 2864 2863 2870 2892 2885 2884 2891
1550 5 1 1 2865 2858 2857 2864 2886 2879 2878 2885
1551 5 1 1 2872 2865 2864 2871 2893 2886 2885 2892
1552 5 1 1 2866 2859 2858 2865 2887 2880 2879 2886
1553 5 1 1 2873 2866 2865 2872 2894 2887 2886 2893
1554 5 1 1 2867 2860 2859 2866 2888 2881 2880 2887
1555 5 1 1 2874 2867 2866 2873 2895 2888 2887 2894
1556 5 1 1 2868 2861 2860 2867 2889 2882 2881 2888
1557 5 1 1 2875 2868 2867 2874 2896 2889 2888 2895
1558 5 1 1 2869 2862 2861 2868 2890 2883 2882 2889
1559 5 1 1 2876 2869 2868 2875 2897 2890 2889 2896
1560 5 1 1 2885 2878 2877 2884 2906 2899 2898 2905
1561 5 1 1 2892 2885 2884 2891 2913 2906 2905 2912
1562 5 1 1 2886 2879 2878 2885 2907 2900 2899 2906
1563 5 1 1 2893 2886 2885 2892 2914 2907 2906 2913
1564 5 1 1 2887 2880 2879 2886 2908 2901 2900 2907
1565 5 1 1 2894 2887 2886 2893 2915 2908 2907 2914
1566 5 1 1 2888 2881 2880 2887 2909 2902 2901 2908
1567 5 1 1 2895 2888 2887 2894 2916 2909 2908 2915
1568 5 1 1 2889 2882 2881 2888 2910 2903 2902 2909
1569 5 1 1 2896 2889 2888 2895 2917 2910 2909 2916
1570 5 1 1 2890 2883 2882 2889 2911 2904 2903 2910
1571 5 1 1 2897 2890 2889 2896 2918 2911 2910 2917
1572 5 1 1 2906 2899 2898 2905 2927 2920 2919 2926
1573 5 1 1 2913 2906 2905 2912 2934 2927 2926 2933
1574 5 1 1 2907 2900 2899 2906 2928 2921 2920 2927
1575 5 1 1 2914 2907 2906 2913 2935 2928 2927 2934
1576 5 1 1 2908 2901 2900 2907 2929 2922 2921 2928
1577 5 1 1 2915 2908 2907 2914 2936 2929 2928 2935
1578 5 1 1 2909 2902 2901 2908 2930 2923 2922 2929
1579 5 1 1 2916 2909 2908 2915 2937 2930 2929 2936
1580 5 1 1 2910 2903 2902 2909 2931 2924 2923 2930
1581 5 1 1 2917 2910 2909 2916 2938 2931 2930 2937
1582 5 1 1 2911 2904 2903 2910 2932 2925 2924 2931
1583 5 1 1 2918 2911 2910 2917 2939 2932 2931 2938
1584 5 1 1 2927 2920 2919 2926 2948 2941 2940 2947
1585 5 1 1 2934 2927 2926 2933 2955 2948 2947 2954
1586 5 1 1 2928 2921 2920 2927 2949 2942 2941 2948
1587 5 1 1 2935 2928 2927 2934 2956 2949 2948 2955
1588 5 1 1 2929 2922 2921 2928 2950 2943 2942 2949
1589 5 1 1 2936 2929 2928 2935 2957 2950 2949 2956
1590 5 1 1 2930 2923 2922 2929 2951 2944 2943 2950
1591 5 1 1 2937 2930 2929 2936 2958 2951 2950 2957
1592 5 1 1 2931 2924 2923 2930 2952 2945 2944 2951
1593 5 1 1 2938 2931 2930 2937 2959 2952 2951 2958
1594 5 1 1 2932 2925 2924 2931 2953 2946 2945 2952
1595 5 1 1 2939 2932 2931 2938 2960 2953 2952 2959
1596 5 1 1 2948 2941 2940 2947 2969 2962 2961 2968
1597 5 1 1 2955 2948 2947 2954 2976 2969 2968 2975
1598 5 1 1 2949 2942 2941 2948 2970 2963 2962 2969
1599 5 1 1 2956 2949 2948 2955 2977 2970 2969 2976
1600 5 1 1 2950 2943 2942 2949 2971 2964 2963 2970
1601 5 1 1 2957 2950 2949 2956 2978 2971 2970 2977
1602 5 1 1 2951 2944 2943 2950 2972 2965 2964 2971
1603 5 1 1 2958 2951 2950 2957 2979 2972 2971 2978
1604 5 1 1 2952 2945 2944 2951 2973 2966 2965 2972
1605 5 1 1 2959 2952 2951 2958 2980 2973 2972 2979
1606 5 1 1 2953 2946 2945 2952 2974 2967 2966 2973
1607 5 1 1 2960 2953 2952 2959 2981 2974 2973 2980
1608 5 1 1 2969 2962 2961 2968 2990 2983 2982 2989
1609 5 1 1 2976 2969 2968 2975 2997 2990 2989 2996
1610 5 1 1 2970 2963 2962 2969 2991 2984 2983 2990
1611 5 1 1 2977 2970 2969 2976 2998 2991 2990 2997
1612 5 1 1 2971 2964 2963 2970 2992 2985 2984 2991
1613 5 1 1 2978 2971 2970 2977 2999 2992 2991 2998
1614 5 1 1 2972 2965 2964 2971 2993 2986 2985 2992
1615 5 1 1 2979 2972 2971 2978 3000 2993 2992 2999
1616 5 1 1 2973 2966 2965 2972 2994 2987 2986 2993
1617 5 1 1 2980 2973 2972 2979 3001 2994 2993 3000
1618 5 1 1 2974 2967 2966 2973 2995 2988 2987 2994
1619 5 1 1 2981 2974 2973 2980 3002 2995 2994 3001
1620 5 1 1 2990 2983 2982 2989 3011 3004 3003 3010
1621 5 1 1 2997 2990 2989 2996 3018 3011 3010 3017
1622 5 1 1 2991 2984 2983 2990 3012 3005 3004 3011
1623 5 1 1 2998 2991 2990 2997 3019 3012 3011 3018
1624 5 1 1 2992 2985 2984 2991 3013 3006 3005 3012
1625 5 1 1 2999 2992 2991 2998 3020 3013 3012 3019
1626 5 1 1 2993 2986 2985 2992 3014 3007 3006 3013
1627 5 1 1 3000 2993 2992 2999 3021 3014 3013 3020
1628 5 1 1 2994 2987 2986 2993 3015 3008 3007 3014
1629 5 1 1 3001 2994 2993 3000 3022 3015 3014 3021
1630 5 1 1 2995 2988 2987 2994 3016 3009 3008 3015
1631 5 1 1 3002 2995 2994 3001 3023 3016 3015 3022
1632 5 1 1 3011 3004 3003 3010 3032 3025 3024 3031
1633 5 1 1 3018 3011 3010 3017 3039 3032 3031 3038
1634 5 1 1 3012 3005 3004 3011 3033 3026 3025 3032
1635 5 1 1 3019 3012 3011 3018 3040 3033 3032 3039
1636 5 1 1 3013 3006 3005 3012 3034 3027 3026 3033
1637 5 1 1 3020 3013 3012 3019 3041 3034 3033 3040
1638 5 1 1 3014 3007 3006 3013 3035 3028 3027 3034
1639 5 1 1 3021 3014 3013 3020 3042 3035 3034 3041
1640 5 1 1 3015 3008 3007 3014 3036 3029 3028 3035
1641 5 1 1 3022 3015 3014 3021 3043 3036 3035 3042
1642 5 1 1 3016 3009 3008 3015 3037 3030 3029 3036
1643 5 1 1 3023 3016 3015 3022 3044 3037 3036 3043
1644 5 1 1 3032 3025 3024 3031 3053 3046 3045 3052
1645 5 1 1 3039 3032 3031 3038 3060 3053 3052 3059
1646 5 1 1 3033 3026 3025 3032 3054 3047 3046 3053
1647 5 1 1 3040 3033 3032 3039 3061 3054 3053 3060
1648 5 1 1 3034 3027 3026 3033 3055 3048 3047 3054
1649 5 1 1 3041 3034 3033 3040 3062 3055 3054 3061
1650 5 1 1 3035 3028 3027 3034 3056 3049 3048 3055
1651 5 1 1 3042 3035 3034 3041 3063 3056 3055 3062
1652 5 1 1 3036 3029 3028 3035 3057 3050 3049 3056
1653 5 1 1 3043 3036 3035 3042 3064 3057 3056 3063
1654 5 1 1 3037 3030 3029 3036 3058 3051 3050 3057
1655 5 1 1 3044 3037 3036 3043 3065 3058 3057 3064
1656 5 1 1 3053 3046 3045 3052 3074 3067 3066 3073
1657 5 1 1 3060 3053 3052 3059 3081 3074 3073 3080
1658 5 1 1 3054 3047 3046 3053 3075 3068 3067 3074
1659 5 1 1 3061 3054 3053 3060 3082 3075 3074 3081
1660 5 1 1 3055 3048 3047 3054 3076 3069 3068 3075
1661 5 1 1 3062 3055 3054 3061 3083 3076 3075 3082
1662 5 1 1 3056 3049 3048 3055 3077 3070 3069 3076
1663 5 1 1 3063 3056 3055 3062 3084 3077 3076 3083
1664 5 1 1 3057 3050 3049 3056 3078 3071 3070 3077
1665 5 1 1 3064 3057 3056 3063 3085 3078 3077 3084
1666 5 1 1 3058 3051 3050 3057 3079 3072 3071 3078
1667 5 1 1 3065 3058 3057 3064 3086 3079 3078 3085
1668 5 1 1 3074 3067 3066 3073 3095 3088 3087 3094
1669 5 1 1 3081 3074 3073 3080 3102 3095 3094 3101
1670 5 1 1 3075 3068 3067 3074 3096 3089 3088 3095
1671 5 1 1 3082 3075 3074 3081 3103 3096 3095 3102
1672 5 1 1 3076 3069 3068 3075 3097 3090 3089 3096
1673 5 1 1 3083 3076 3075 3082 3104 3097 3096 3103
1674 5 1 1 3077 3070 3069 3076 3098 3091 3090 3097
1675 5 1 1 3084 3077 3076 3083 3105 3098 3097 3104
1676 5 1 1 3078 3071 3070 3077 3099 3092 3091 3098
1677 5 1 1 3085 3078 3077 3084 3106 3099 3098 3105
1678 5 1 1 3079 3072 3071 3078 3100 3093 3092 3099
1679 5 1 1 3086 3079 3078 3085 3107 3100 3099 3106
1680 5 1 1 3095 3088 3087 3094 3116 3109 3108 3115
1681 5 1 1 3102 3095 3094 3101 3123 3116 3115 3122
1682 5 1 1 3096 3089 3088 3095 3117 3110 3109 3116
1683 5 1 1 3103 3096 3095 3102 3124 3117 3116 3123
1684 5 1 1 3097 3090 3089 3096 3118 3111 3110 3117
1685 5 1 1 3104 3097 3096 3103 3125 3118 3117 3124
1686 5 1 1 3098 3091 3090 3097 3119 3112 3111 3118
1687 5 1 1 3105 3098 3097 3104 3126 3119 3118 3125
1688 5 1 1 3099 3092 3091 3098 3120 3113 3112 3119
1689 5 1 1 3106 3099 3098 3105 3127 3120 3119 3126
1690 5 1 1 3100 3093 3092 3099 3121 3114 3113 3120
1691 5 1 1 3107 3100 3099 3106 3128 3121 3120 3127
1692 5 1 1 3116 3109 3108 3115 3137 3130 3129 3136
1693 5 1 1 3123 3116 3115 3122 3144 3137 3136 3143
1694 5 1 1 3117 3110 3109 3116 3138 3131 3130 3137
1695 5 1 1 3124 3117 3116 3123 3145 3138 3137 3144
1696 5 1 1 3118 3111 3110 3117 3139 3132 3131 3138
1697 5 1 1 3125 3118 3117 3124 3146 3139 3138 3145
1698 5 1 1 3119 3112 3111 3118 3140 3133 3132 3139
1699 5 1 1 3126 3119 3118 3125 3147 3140 3139 3146
1700 5 1 1 3120 3113 3112 3119 3141 3134 3133 3140
1701 5 1 1 3127 3120 3119 3126 3148 3141 3140 3147
1702 5 1 1 3121 3114 3113 3120 3142 3135 3134 3141
1703 5 1 1 3128 3121 3120 3127 3149 3142 3141 3148
1704 5 1 1 3137 3130 3129 3136 3158 3151 3150 3157
1705 5 1 1 3144 3137 3136 3143 3165 3158 3157 3164
1706 5 1 1 3138 3131 3130 3137 3159 3152 3151 3158
1707 5 1 1 3145 3138 3137 3144 3166 3159 3158 3165
1708 5 1 1 3139 3132 3131 3138 3160 3153 3152 3159
1709 5 1 1 3146 3139 3138 3145 3167 3160 3159 3166
1710 5 1 1 3140 3133 3132 3139 3161 3154 3153 3160
1711 5 1 1 3147 3140 3139 3146 3168 3161 3160 3167
1712 5 1 1 3141 3134 3133 3140 3162 3155 3154 3161
1713 5 1 1 3148 3141 3140 3147 3169 3162 3161 3168
1714 5 1 1 3142 3135 3134 3141 3163 3156 3155 3162
1715 5 1 1 3149 3142 3141 3148 3170 3163 3162 3169
1716 5 1 1 3158 3151 3150 3157 3179 3172 3171 3178
1717 5 1 1 3165 3158 3157 3164 3186 3179 3178 3185
1718 5 1 1 3159 3152 3151 3158 3180 3173 3172 3179
1719 5 1 1 3166 3159 3158 3165 3187 3180 3179 3186
1720 5 1 1 3160 3153 3152 3159 3181 3174 3173 3180
1721 5 1 1 3167 3160 3159 3166 3188 3181 3180 3187
1722 5 1 1 3161 3154 3153 3160 3182 3175 3174 3181
1723 5 1 1 3168 3161 3160 3167 3189 3182 3181 3188
1724 5 1 1 3162 3155 3154 3161 3183 3176 3175 3182
1725 5 1 1 3169 3162 3161 3168 3190 3183 3182 3189
1726 5 1 1 3163 3156 3155 3162 3184 3177 3176 3183
1727 5 1 1 3170 3163 3162 3169 3191 3184 3183 3190
1728 5 1 1 3200 3193 3192 3199 3221 3214 3213 3220
1729 5 1 1 3207 3200 3199 3206 3228 3221 3220 3227
1730 5 1 1 3201 3194 3193 3200 3222 3215 3214 3221
1731 5 1 1 3208 3201 3200 3207 3229 3222 3221 3228
1732 5 1 1 3202 3195 3194 3201 3223 3216 3215 3222
1733 5 1 1 3209 3202 3201 3208 3230 3223 3222 3229
1734 5 1 1 3203 3196 3195 3202 3224 3217 3216 3223
1735 5 1 1 3210 3203 3202 3209 3231 3224 3223 3230
1736 5 1 1 3204 3197 3196 3203 3225 3218 3217 3224
1737 5 1 1 3211 3204 3203 3210 3232 3225 3224 3231
1738 5 1 1 3205 3198 3197 3204 3226 3219 3218 3225
1739 5 1 1 3212 3205 3204 3211 3233 3226 3225 3232
1740 5 1 1 3221 3214 3213 3220 3242 3235 3234 3241
1741 5 1 1 3228 3221 3220 3227 3249 3242 3241 3248
1742 5 1 1 3222 3215 3214 3221 3243 3236 3235 3242
1743 5 1 1 3229 3222 3221 3228 3250 3243 3242 3249
1744 5 1 1 3223 3216 3215 3222 3244 3237 3236 3243
1745 5 1 1 3230 3223 3222 3229 3251 3244 3243 3250
1746 5 1 1 3224 3217 3216 3223 3245 3238 3237 3244
1747 5 1 1 3231 3224 3223 3230 3252 3245 3244 3251
1748 5 1 1 3225 3218 3217 3224 3246 3239 3238 3245
1749 5 1 1 3232 3225 3224 3231 3253 3246 3245 3252
1750 5 1 1 3226 3219 3218 3225 3247 3240 3239 3246
1751 5 1 1 3233 3226 3225 3232 3254 3247 3246 3253
1752 5 1 1 3242 3235 3234 3241 3263 3256 3255 3262
1753 5 1 1 3249 3242 3241 3248 3270 3263 3262 3269
1754 5 1 1 3243 3236 3235 3242 3264 3257 3256 3263
1755 5 1 1 3250 3243 3242 3249 3271 3264 3263 3270
1756 5 1 1 3244 3237 3236 3243 3265 3258 3257 3264
1757 5 1 1 3251 3244 3243 3250 3272 3265 3264 3271
1758 5 1 1 3245 3238 3237 3244 3266 3259 3258 3265
1759 5 1 1 3252 3245 3244 3251 3273 3266 3265 3272
1760 5 1 1 3246 3239 3238 3245 3267 3260 3259 3266
1761 5 1 1 3253 3246 3245 3252 3274 3267 3266 3273
1762 5 1 1 3247 3240 3239 3246 3268 3261 3260 3267
1763 5 1 1 3254 3247 3246 3253 3275 3268 3267 3274
1764 5 1 1 3263 3256 3255 3262 3284 3277 3276 3283
1765 5 1 1 3270 3263 3262 3269 3291 3284 3283 3290
1766 5 1 1 3264 3257 3256 3263 3285 3278 3277 3284
1767 5 1 1 3271 3264 3263 3270 3292 3285 3284 3291
1768 5 1 1 3265 3258 3257 3264 3286 3279 3278 3285
1769 5 1 1 3272 3265 3264 3271 3293 3286 3285 3292
1770 5 1 1 3266 3259 3258 3265 3287 3280 3279 3286
1771 5 1 1 3273 3266 3265 3272 3294 3287 3286 3293
1772 5 1 1 3267 3260 3259 3266 3288 3281 3280 3287
1773 5 1 1 3274 3267 3266 3273 3295 3288 3287 3294
1774 5 1 1 3268 3261 3260 3267 3289 3282 3281 3288
1775 5 1 1 3275 3268 3267 3274 3296 3289 3288 3295
1776 5 1 1 3284 3277 3276 3283 3305 3298 3297 3304
1777 5 1 1 3291 3284 3283 3290 3312 3305 3304 3311
1778 5 1 1 3285 3278 3277 3284 3306 3299 3298 3305
1779 5 1 1 3292 3285 3284 3291 3313 3306 3305 3312
1780 5 1 1 3286 3279 3278 3285 3307 3300 3299 3306
1781 5 1 1 3293 3286 3285 3292 3314 3307 3306 3313
1782 5 1 1 3287 3280 3279 3286 3308 3301 3300 3307
1783 5 1 1 3294 3287 3286 3293 3315 3308 3307 3314
1784 5 1 1 3288 3281 3280 3287 3309 3302 3301 3308
1785 5 1 1 3295 3288 3287 3294 3316 3309 3308 3315
1786 5 1 1 3289 3282 3281 3288 3310 3303 3302 3309
1787 5 1 1 3296 3289 3288 3295 3317 3310 3309 3316
1788 5 1 1 3305 3298 3297 3304 3326 3319 3318 3325
1789 5 1 1 3312 3305 3304 3311 3333 3326 3325 3332
1790 5 1 1 3306 3299 3298 3305 3327 3320 3319 3326
1791 5 1 1 3313 3306 3305 3312 3334 3327 3326 3333
1792 5 1 1 3307 3300 3299 3306 3328 3321 3320 3327
1793 5 1 1 3314 3307 3306 3313 3335 3328 3327 3334
1794 5 1 1 3308 3301 3300 3307 3329 3322 3321 3328
1795 5 1 1 3315 3308 3307 3314 3336 3329 3328 3335
1796 5 1 1 3309 3302 3301 3308 3330 3323 3322 3329
1797 5 1 1 3316 3309 3308 3315 3337 3330 3329 3336
1798 5 1 1 3310 3303 3302 3309 3331 3324 3323 3330
1799 5 1 1 3317 3310 3309 3316 3338 3331 3330 3337
1800 5 1 1 3326 3319 3318 3325 3347 3340 3339 3346
1801 5 1 1 3333 3326 3325 3332 3354 3347 3346 3353
1802 5 1 1 3327 3320 3319 3326 3348 3341 3340 3347
1803 5 1 1 3334 3327 3326 3333 3355 3348 3347 3354
1804 5 1 1 3328 3321 3320 3327 3349 3342 3341 3348
1805 5 1 1 3335 3328 3327 3334 3356 3349 3348 3355
1806 5 1 1 3329 3322 3321 3328 3350 3343 3342 3349
1807 5 1 1 3336 3329 3328 3335 3357 3350 3349 3356
1808 5 1 1 3330 3323 3322 3329 3351 3344 3343 3350
1809 5 1 1 3337 3330 3329 3336 3358 3351 3350 3357
1810 5 1 1 3331 3324 3323 3330 3352 3345 3344 3351
1811 5 1 1 3338 3331 3330 3337 3359 3352 3351 3358
1812 5 1 1 3347 3340 3339 3346 3368 3361 3360 3367
1813 5 1 1 3354 3347 3346 3353 3375 3368 3367 3374
1814 5 1 1 3348 3341 3340 3347 3369 3362 3361 3368
1815 5 1 1 3355 3348 3347 3354 3376 3369 3368 3375
1816 5 1 1 3349 3342 3341 3348 3370 3363 3362 3369
1817 5 1 1 3356 3349 3348 3355 3377 3370 3369 3376
1818 5 1 1 3350 3343 3342 3349 3371 3364 3363 3370
1819 5 1 1 3357 3350 3349 3356 3378 3371 3370 3377
1820 5 1 1 3351 3344 3343 3350 3372 3365 3364 3371
1821 5 1 1 3358 3351 3350 3357 3379 3372 3371 3378
1822 5 1 1 3352 3345 3344 3351 3373 3366 3365 3372
1823 5 1 1 3359 3352 3351 3358 3380 3373 3372 3379
1824 5 1 1 3368 3361 3360 3367 3389 3382 3381 3388
1825 5 1 1 3375 3368 3367 3374 3396 3389 3388 3395
1826 5 1 1 3369 3362 3361 3368 3390 3383 3382 3389
1827 5 1 1 3376 3369 3368 3375 3397 3390 3389 3396
1828 5 1 1 3370 3363 3362 3369 3391 3384 3383 3390
1829 5 1 1 3377 3370 3369 3376 3398 3391 3390 3397
1830 5 1 1 3371 3364 3363 3370 3392 3385 3384 3391
1831 5 1 1 3378 3371 3370 3377 3399 3392 3391 3398
1832 5 1 1 3372 3365 3364 3371 3393 3386 3385 3392
1833 5 1 1 3379 3372 3371 3378 3400 3393 3392 3399
1834 5 1 1 3373 3366 3365 3372 3394 3387 3386 3393
1835 5 1 1 3380 3373 3372 3379 3401 3394 3393 3400
1836 5 1 1 3389 3382 3381 3388 3410 3403 3402 3409
1837 5 1 1 3396 3389 3388 3395 3417 3410 3409 3416
1838 5 1 1 3390 3383 3382 3389 3411 3404 3403 3410
1839 5 1 1 3397 3390 3389 3396 3418 3411 3410 3417
1840 5 1 1 3391 3384 3383 3390 3412 3405 3404 3411
1841 5 1 1 3398 3391 3390 3397 3419 3412 3411 3418
1842 5 1 1 3392 3385 3384 3391 3413 3406 3405 3412
1843 5 1 1 3399 3392 3391 3398 3420 3413 3412 3419
1844 5 1 1 3393 3386 3385 3392 3414 3407 3406 3413
1845 5 1 1 3400 3393 3392 3399 3421 3414 3413 3420
1846 5 1 1 3394 3387 3386 3393 3415 3408 3407 3414
1847 5 1 1 3401 3394 3393 3400 3422 3415 3414 3421
1848 5 1 1 3410 3403 3402 3409 3431 3424 3423 3430
1849 5 1 1 3417 3410 3409 3416 3438 3431 3430 3437
1850 5 1 1 3411 3404 3403 3410 3432 3425 3424 3431
1851 5 1 1 3418 3411 3410 3417 3439 3432 3431 3438
1852 5 1 1 3412 3405 3404 3411 3433 3426 3425 3432
1853 5 1 1 3419 3412 3411 3418 3440 3433 3432 3439
1854 5 1 1 3413 3406 3405 3412 3434 3427 3426 3433
1855 5 1 1 3420 3413 3412 3419 3441 3434 3433 3440
1856 5 1 1 3414 3407 3406 3413 3435 3428 3427 3434
1857 5 1 1 3421 3414 3413 3420 3442 3435 3434 3441
1858 5 1 1 3415 3408 3407 3414 3436 3429 3428 3435
1859 5 1 1 3422 3415 3414 3421 3443 3436 3435 3442
1860 5 1 1 3431 3424 3423 3430 3452 3445 3444 3451
1861 5 1 1 3438 3431 3430 3437 3459 3452 3451 3458
1862 5 1 1 3432 3425 3424 3431 3453 3446 3445 3452
1863 5 1 1 3439 3432 3431 3438 3460 3453 3452 3459
1864 5 1 1 3433 3426 3425 3432 3454 3447 3446 3453
1865 5 1 1 3440 3433 3432 3439 3461 3454 3453 3460
1866 5 1 1 3434 3427 3426 3433 3455 3448 3447 3454
1867 5 1 1 3441 3434 3433 3440 3462 3455 3454 3461
1868 5 1 1 3435 3428 3427 3434 3456 3449 3448 3455
1869 5 1 1 3442 3435 3434 3441 3463 3456 3455 3462
1870 5 1 1 3436 3429 3428 3435 3457 3450 3449 3456
1871 5 1 1 3443 3436 3435 3442 3464 3457 3456 3463
1872 5 1 1 3452 3445 3444 3451 3473 3466 3465 3472
1873 5 1 1 3459 3452 3451 3458 3480 3473 3472 3479
1874 5 1 1 3453 3446 3445 3452 3474 3467 3466 3473
1875 5 1 1 3460 3453 3452 3459 3481 3474 3473 3480
1876 5 1 1 3454 3447 3446 3453 3475 3468 3467 3474
1877 5 1 1 3461 3454 3453 3460 3482 3475 3474 3481
1878 5 1 1 3455 3448 3447 3454 3476 3469 3468 3475
1879 5 1 1 3462 3455 3454 3461 3483 3476 3475 3482
1880 5 1 1 3456 3449 3448 3455 3477 3470 3469 3476
1881 5 1 1 3463 3456 3455 3462 3484 3477 3476 3483
1882 5 1 1 3457 3450 3449 3456 3478 3471 3470 3477
1883 5 1 1 3464 3457 3456 3463 3485 3478 3477 3484
1884 5 1 1 3473 3466 3465 3472 3494 3487 3486 3493
1885 5 1 1 3480 3473 3472 3479 3501 3494 3493 3500
1886 5 1 1 3474 3467 3466 3473 3495 3488 3487 3494
1887 5 1 1 3481 3474 3473 3480 3502 3495 3494 3501
1888 5 1 1 3475 3468 3467 3474 3496 3489 3488 3495
1889 5 1 1 3482 3475 3474 3481 3503 3496 3495 3502
1890 5 1 1 3476 3469 3468 3475 3497 3490 3489 3496
1891 5 1 1 3483 3476 3475 3482 3504 3497 3496 3503
1892 5 1 1 3477 3470 3469 3476 3498 3491 3490 3497
1893 5 1 1 3484 3477 3476 3483 3505 3498 3497 3504
1894 5 1 1 3478 3471 3470 3477 3499 3492 3491 3498
1895 5 1 1 3485 3478 3477 3484 3506 3499 3498 3505
1896 5 1 1 3494 3487 3486 3493 3515 3508 3507 3514
1897 5 1 1 3501 3494 3493 3500 3522 3515 3514 3521
1898 5 1 1 3495 3488 3487 3494 3516 3509 3508 3515
1899 5 1 1 3502 3495 3494 3501 3523 3516 3515 3522
1900 5 1 1 3496 3489 3488 3495 3517 3510 3509 3516
1901 5 1 1 3503 3496 3495 3502 3524 3517 3516 3523
1902 5 1 1 3497 3490 3489 3496 3518 3511 3510 3517
1903 5 1 1 3504 3497 3496 3503 3525 3518 3517 3524
1904 5 1 1 3498 3491 3490 3497 3519 3512 3511 3518
1905 5 1 1 3505 3498 3497 3504 3526 3519 3518 3525
1906 5 1 1 3499 3492 3491 3498 3520 3513 3512 3519
1907 5 1 1 3506 3499 3498 3505 3527 3520 3519 3526
1908 5 1 1 3515 3508 3507 3514 3536 3529 3528 3535
1909 5 1 1 3522 3515 3514 3521 3543 3536 3535 3542
1910 5 1 1 3516 3509 3508 3515 3537 3530 3529 3536
1911 5 1 1 3523 3516 3515 3522 3544 3537 3536 3543
1912 5 1 1 3517 3510 3509 3516 3538 3531 3530 3537
1913 5 1 1 3524 3517 3516 3523 3545 3538 3537 3544
1914 5 1 1 3518 3511 3510 3517 3539 3532 3531 3538
1915 5 1 1 3525 3518 3517 3524 3546 3539 3538 3545
1916 5 1 1 3519 3512 3511 3518 3540 3533 3532 3539
1917 5 1 1 3526 3519 3518 3525 3547 3540 3539 3546
1918 5 1 1 3520 3513 3512 3519 3541 3534 3533 3540
1919 5 1 1 3527 3520 3519 3526 3548 3541 3540 3547
1920 5 1 1 3536 3529 3528 3535 3557 3550 3549 3556
1921 5 1 1 3543 3536 3535 3542 3564 3557 3556 3563
1922 5 1 1 3537 3530 3529 3536 3558 3551 3550 3557
1923 5 1 1 3544 3537 3536 3543 3565 3558 3557 3564
1924 5 1 1 3538 3531 3530 3537 3559 3552 3551 3558
1925 5 1 1 3545 3538 3537 3544 3566 3559 3558 3565
1926 5 1 1 3539 3532 3531 3538 3560 3553 3552 3559
1927 5 1 1 3546 3539 3538 3545 3567 3560 3559 3566
1928 5 1 1 3540 3533 3532 3539 3561 3554 3553 3560
1929 5 1 1 3547 3540 3539 3546 3568 3561 3560 3567
1930 5 1 1 3541 3534 3533 3540 3562 3555 3554 3561
1931 5 1 1 3548 3541 3540 3547 3569 3562 3561 3568
1932 5 1 1 3557 3550 3549 3556 3578 3571 3570 3577
1933 5 1 1 3564 3557 3556 3563 3585 3578 3577 3584
1934 5 1 1 3558 3551 3550 3557 3579 3572 3571 3578
1935 5 1 1 3565 3558 3557 3564 3586 3579 3578 3585
1936 5 1 1 3559 3552 3551 3558 3580 3573 3572 3579
1937 5 1 1 3566 3559 3558 3565 3587 3580 3579 3586
1938 5 1 1 3560 3553 3552 3559 3581 3574 3573 3580
1939 5 1 1 3567 3560 3559 3566 3588 3581 3580 3587
1940 5 1 1 3561 3554 3553 3560 3582 3575 3574 3581
1941 5 1 1 3568 3561 3560 3567 3589 3582 3581 3588
1942 5 1 1 3562 3555 3554 3561 3583 3576 3575 3582
1943 5 1 1 3569 3562 3561 3568 3590 3583 3582 3589
1944 5 1 1 3599 3592 3591 3598 3620 3613 3612 3619
1945 5 1 1 3606 3599 3598 3605 3627 3620 3619 3626
1946 5 1 1 3600 3593 3592 3599 3621 3614 3613 3620
1947 5 1 1 3607 3600 3599 3606 3628 3621 3620 3627
1948 5 1 1 3601 3594 3593 3600 3622 3615 3614 3621
1949 5 1 1 3608 3601 3600 3607 3629 3622 3621 3628
1950 5 1 1 3602 3595 3594 3601 3623 3616 3615 3622
1951 5 1 1 3609 3602 3601 3608 3630 3623 3622 3629
1952 5 1 1 3603 3596 3595 3602 3624 3617 3616 3623
1953 5 1 1 3610 3603 3602 3609 3631 3624 3623 3630
1954 5 1 1 3604 3597 3596 3603 3625 3618 3617 3624
1955 5 1 1 3611 3604 3603 3610 3632 3625 3624 3631
1956 5 1 1 3620 3613 3612 3619 3641 3634 3633 3640
1957 5 1 1 3627 3620 3619 3626 3648 3641 3640 3647
1958 5 1 1 3621 3614 3613 3620 3642 3635 3634 3641
1959 5 1 1 3628 3621 3620 3627 3649 3642 3641 3648
1960 5 1 1 3622 3615 3614 3621 3643 3636 3635 3642
1961 5 1 1 3629 3622 3621 3628 3650 3643 3642 3649
1962 5 1 1 3623 3616 3615 3622 3644 3637 3636 3643
1963 5 1 1 3630 3623 3622 3629 3651 3644 3643 3650
1964 5 1 1 3624 3617 3616 3623 3645 3638 3637 3644
1965 5 1 1 3631 3624 3623 3630 3652 3645 3644 3651
1966 5 1 1 3625 3618 3617 3624 3646 3639 3638 3645
1967 5 1 1 3632 3625 3624 3631 3653 3646 3645 3652
1968 5 1 1 3641 3634 3633 3640 3662 3655 3654 3661
1969 5 1 1 3648 3641 3640 3647 3669 3662 3661 3668
1970 5 1 1 3642 3635 3634 3641 3663 3656 3655 3662
1971 5 1 1 3649 3642 3641 3648 3670 3663 3662 3669
1972 5 1 1 3643 3636 3635 3642 3664 3657 3656 3663
1973 5 1 1 3650 3643 3642 3649 3671 3664 3663 3670
1974 5 1 1 3644 3637 3636 3643 3665 3658 3657 3664
1975 5 1 1 3651 3644 3643 3650 3672 3665 3664 3671
1976 5 1 1 3645 3638 3637 3644 3666 3659 3658 3665
1977 5 1 1 3652 3645 3644 3651 3673 3666 3665 3672
1978 5 1 1 3646 3639 3638 3645 3667 3660 3659 3666
1979 5 1 1 3653 3646 3645 3652 3674 3667 3666 3673
1980 5 1 1 3662 3655 3654 3661 3683 3676 3675 3682
1981 5 1 1 3669 3662 3661 3668 3690 3683 3682 3689
1982 5 1 1 3663 3656 3655 3662 3684 3677 3676 3683
1983 5 1 1 3670 3663 3662 3669 3691 3684 3683 3690
1984 5 1 1 3664 3657 3656 3663 3685 3678 3677 3684
1985 5 1 1 3671 3664 3663 3670 3692 3685 3684 3691
1986 5 1 1 3665 3658 3657 3664 3686 3679 3678 3685
1987 5 1 1 3672 3665 3664 3671 3693 3686 3685 3692
1988 5 1 1 3666 3659 3658 3665 3687 3680 3679 3686
1989 5 1 1 3673 3666 3665 3672 3694 3687 3686 3693
1990 5 1 1 3667 3660 3659 3666 3688 3681 3680 3687
1991 5 1 1 3674 3667 3666 3673 3695 3688 3687 3694
1992 5 1 1 3683 3676 3675 3682 3704 3697 3696 3703
1993 5 1 1 3690 3683 3682 3689 3711 3704 3703 3710
1994 5 1 1 3684 3677 3676 3683 3705 3698 3697 3704
1995 5 1 1 3691 3684 3683 3690 3712 3705 3704 3711
1996 5 1 1 3685 3678 3677 3684 3706 3699 3698 3705
1997 5 1 1 3692 3685 3684 3691 3713 3706 3705 3712
1998 5 1 1 3686 3679 3678 3685 3707 3700 3699 3706
1999 5 1 1 3693 3686 3685 3692 3714 3707 3706 3713
2000 5 1 1 3687 3680 3679 3686 3708 3701 3700 3707
2001 5 1 1 3694 3687 3686 3693 3715 3708 3707 3714
2002 5 1 1 3688 3681 3680 3687 3709 3702 3701 3708
2003 5 1 1 3695 3688 3687 3694 3716 3709 3708 3715
2004 5 1 1 3704 3697 3696 3703 3725 3718 3717 3724
2005 5 1 1 3711 3704 3703 3710 3732 3725 3724 3731
2006 5 1 1 3705 3698 3697 3704 3726 3719 3718 3725
2007 5 1 1 3712 3705 3704 3711 3733 3726 3725 3732
2008 5 1 1 3706 3699 3698 3705 3727 3720 3719 3726
2009 5 1 1 3713 3706 3705 3712 3734 3727 3726 3733
2010 5 1 1 3707 3700 3699 3706 3728 3721 3720 3727
2011 5 1 1 3714 3707 3706 3713 3735 3728 3727 3734
2012 5 1 1 3708 3701 3700 3707 3729 3722 3721 3728
2013 5 1 1 3715 3708 3707 3714 3736 3729 3728 3735
2014 5 1 1 3709 3702 3701 3708 3730 3723 3722 3729
2015 5 1 1 3716 3709 3708 3715 3737 3730 3729 3736
2016 5 1 1 3725 3718 3717 3724 3746 3739 3738 3745
2017 5 1 1 3732 3725 3724 3731 3753 3746 3745 3752
2018 5 1 1 3726 3719 3718 3725 3747 3740 3739 3746
2019 5 1 1 3733 3726 3725 3732 3754 3747 3746 3753
2020 5 1 1 3727 3720 3719 3726 3748 3741 3740 3747
2021 5 1 1 3734 3727 3726 3733 3755 3748 3747 3754
2022 5 1 1 3728 3721 3720 3727 3749 3742 3741 3748
2023 5 1 1 3735 3728 3727 3734 3756 3749 3748 3755
2024 5 1 1 3729 3722 3721 3728 3750 3743 3742 3749
2025 5 1 1 3736 3729 3728 3735 3757 3750 3749 3756
2026 5 1 1 3730 3723 3722 3729 3751 3744 3743 3750
2027 5 1 1 3737 3730 3729 3736 3758 3751 3750 3757
2028 5 1 1 3746 3739 3738 3745 3767 3760 3759 3766
2029 5 1 1 3753 3746 3745 3752 3774 3767 3766 3773
2030 5 1 1 3747 3740 3739 3746 3768 3761 3760 3767
2031 5 1 1 3754 3747 3746 3753 3775 3768 3767 3774
2032 5 1 1 3748 3741 3740 3747 3769 3762 3761 3768
2033 5 1 1 3755 3748 3747 3754 3776 3769 3768 3775
2034 5 1 1 3749 3742 3741 3748 3770 3763 3762 3769
2035 5 1 1 3756 3749 3748 3755 3777 3770 3769 3776
2036 5 1 1 3750 3743 3742 3749 3771 3764 3763 3770
2037 5 1 1 3757 3750 3749 3756 3778 3771 3770 3777
2038 5 1 1 3751 3744 3743 3750 3772 3765 3764 3771
2039 5 1 1 3758 3751 3750 3757 3779 3772 3771 3778
2040 5 1 1 3767 3760 3759 3766 3788 3781 3780 3787
2041 5 1 1 3774 3767 3766 3773 3795 3788 3787 3794
2042 5 1 1 3768 3761 3760 3767 3789 3782 3781 3788
2043 5 1 1 3775 3768 3767 3774 3796 3789 3788 3795
2044 5 1 1 3769 3762 3761 3768 3790 3783 3782 3789
2045 5 1 1 3776 3769 3768 3775 3797 3790 3789 3796
2046 5 1 1 3770 3763 3762 3769 3791 3784 3783 3790
2047 5 1 1 3777 3770 3769 3776 3798 3791 3790 3797
2048 5 1 1 3771 3764 3763 3770 3792 3785 3784 3791
2049 5 1 1 3778 3771 3770 3777 3799 3792 3791 3798
2050 5 1 1 3772 3765 3764 3771 3793 3786 3785 3792
2051 5 1 1 3779 3772 3771 3778 3800 3793 3792 3799
2052 5 1 1 3788 3781 3780 3787 3809 3802 3801 3808
2053 5 1 1 3795 3788 3787 3794 3816 3809 3808 3815
2054 5 1 1 3789 3782 3781 3788 3810 3803 3802 3809
2055 5 1 1 3796 3789 3788 3795 3817 3810 3809 3816
2056 5 1 1 3790 3783 3782 3789 3811 3804 3803 3810
2057 5 1 1 3797 3790 3789 3796 3818 3811 3810 3817
2058 5 1 1 3791 3784 3783 3790 3812 3805 3804 3811
2059 5 1 1 3798 3791 3790 3797 3819 3812 3811 3818
2060 5 1 1 3792 3785 3784 3791 3813 3806 3805 3812
2061 5 1 1 3799 3792 3791 3798 3820 3813 3812 3819
2062 5 1 1 3793 3786 3785 3792 3814 3807 3806 3813
2063 5 1 1 3800 3793 3792 3799 3821 3814 3813 3820
2064 5 1 1 3809 3802 3801 3808 3830 3823 3822 3829
2065 5 1 1 3816 3809 3808 3815 3837 3830 3829 3836
2066 5 1 1 3810 3803 3802 3809 3831 3824 3823 3830
2067 5 1 1 3817 3810 3809 3816 3838 3831 3830 3837
2068 5 1 1 3811 3804 3803 3810 3832 3825 3824 3831
2069 5 1 1 3818 3811 3810 3817 3839 3832 3831 3838
2070 5 1 1 3812 3805 3804 3811 3833 3826 3825 3832
2071 5 1 1 3819 3812 3811 3818 3840 3833 3832 3839
2072 5 1 1 3813 3806 3805 3812 3834 3827 3826 3833
2073 5 1 1 3820 3813 3812 3819 3841 3834 3833 3840
2074 5 1 1 3814 3807 3806 3813 3835 3828 3827 3834
2075 5 1 1 3821 3814 3813 3820 3842 3835 3834 3841
2076 5 1 1 3830 3823 3822 3829 3851 3844 3843 3850
2077 5 1 1 3837 3830 3829 3836 3858 3851 3850 3857
2078 5 1 1 3831 3824 3823 3830 3852 3845 3844 3851
2079 5 1 1 3838 3831 3830 3837 3859 3852 3851 3858
2080 5 1 1 3832 3825 3824 3831 3853 3846 3845 3852
2081 5 1 1 3839 3832 3831 3838 3860 3853 3852 3859
2082 5 1 1 3833 3826 3825 3832 3854 3847 3846 3853
2083 5 1 1 3840 3833 3832 3839 3861 3854 3853 3860
2084 5 1 1 3834 3827 3826 3833 3855 3848 3847 3854
2085 5 1 1 3841 3834 3833 3840 3862 3855 3854 3861
2086 5 1 1 3835 3828 3827 3834 3856 3849 3848 3855
2087 5 1 1 3842 3835 3834 3841 3863 3856 3855 3862
2088 5 1 1 3851 3844 3843 3850 3872 3865 3864 3871
2089 5 1 1 3858 3851 3850 3857 3879 3872 3871 3878
2090 5 1 1 3852 3845 3844 3851 3873 3866 3865 3872
2091 5 1 1 3859 3852 3851 3858 3880 3873 3872 3879
2092 5 1 1 3853 3846 3845 3852 3874 3867 3866 3873
2093 5 1 1 3860 3853 3852 3859 3881 3874 3873 3880
2094 5 1 1 3854 3847 3846 3853 3875 3868 3867 3874
2095 5 1 1 3861 3854 3853 3860 3882 3875 3874 3881
2096 5 1 1 3855 3848 3847 3854 3876 3869 3868 3875
2097 5 1 1 3862 3855 3854 3861 3883 3876 3875 3882
2098 5 1 1 3856 3849 3848 3855 3877 3870 3869 3876
2099 5 1 1 3863 3856 3855 3862 3884 3877 3876 3883
2100 5 1 1 3872 3865 3864 3871 3893 3886 3885 3892
2101 5 1 1 3879 3872 3871 3878 3900 3893 3892 3899
2102 5 1 1 3873 3866 3865 3872 3894 3887 3886 3893
2103 5 1 1 3880 3873 3872 3879 3901 3894 3893 3900
2104 5 1 1 3874 3867 3866 3873 3895 3888 3887 3894
2105 5 1 1 3881 3874 3873 3880 3902 3895 3894 3901
2106 5 1 1 3875 3868 3867 3874 3896 3889 3888 3895
2107 5 1 1 3882 3875 3874 3881 3903 3896 3895 3902
2108 5 1 1 3876 3869 3868 3875 3897 3890 3889 3896
2109 5 1 1 3883 3876 3875 3882 3904 3897 3896 3903
2110 5 1 1 3877 3870 3869 3876 3898 3891 3890 3897
2111 5 1 1 3884 3877 3876 3883 3905 3898 3897 3904
2112 5 1 1 3893 3886 3885 3892 3914 3907 3906 3913
2113 5 1 1 3900 3893 3892 3899 3921 3914 3913 3920
2114 5 1 1 3894 3887 3886 3893 3915 3908 3907 3914
2115 5 1 1 3901 3894 3893 3900 3922 3915 3914 3921
2116 5 1 1 3895 3888 3887 3894 3916 3909 3908 3915
2117 5 1 1 3902 3895 3894 3901 3923 3916 3915 3922
2118 5 1 1 3896 3889 3888 3895 3917 3910 3909 3916
2119 5 1 1 3903 3896 3895 3902 3924 3917 3916 3923
2120 5 1 1 3897 3890 3889 3896 3918 3911 3910 3917
2121 5 1 1 3904 3897 3896 3903 3925 3918 3917 3924
2122 5 1 1 3898 3891 3890 3897 3919 3912 3911 3918
2123 5 1 1 3905 3898 3897 3904 3926 3919 3918 3925
2124 5 1 1 3914 3907 3906 3913 3935 3928 3927 3934
2125 5 1 1 3921 3914 3913 3920 3942 3935 3934 3941
2126 5 1 1 3915 3908 3907 3914 3936 3929 3928 3935
2127 5 1 1 3922 3915 3914 3921 3943 3936 3935 3942
2128 5 1 1 3916 3909 3908 3915 3937 3930 3929 3936
2129 5 1 1 3923 3916 3915 3922 3944 3937 3936 3943
2130 5 1 1 3917 3910 3909 3916 3938 3931 3930 3937
2131 5 1 1 3924 3917 3916 3923 3945 3938 3937 3944
2132 5 1 1 3918 3911 3910 3917 3939 3932 3931 3938
2133 5 1 1 3925 3918 3917 3924 3946 3939 3938 3945
2134 5 1 1 3919 3912 3911 3918 3940 3933 3932 3939
2135 5 1 1 3926 3919 3918 3925 3947 3940 3939 3946
2136 5 1 1 3935 3928 3927 3934 3956 3949 3948 3955
2137 5 1 1 3942 3935 3934 3941 3963 3956 3955 3962
2138 5 1 1 3936 3929 3928 3935 3957 3950 3949 3956
2139 5 1 1 3943 3936 3935 3942 3964 3957 3956 3963
2140 5 1 1 3937 3930 3929 3936 3958 3951 3950 3957
2141 5 1 1 3944 3937 3936 3943 3965 3958 3957 3964
2142 5 1 1 3938 3931 3930 3937 3959 3952 3951 3958
2143 5 1 1 3945 3938 3937 3944 3966 3959 3958 3965
2144 5 1 1 3939 3932 3931 3938 3960 3953 3952 3959
2145 5 1 1 3946 3939 3938 3945 3967 3960 3959 3966
2146 5 1 1 3940 3933 3932 3939 3961 3954 3953 3960
2147 5 1 1 3947 3940 3939 3946 3968 3961 3960 3967
2148 5 1 1 3956 3949 3948 3955 3977 3970 3969 3976
2149 5 1 1 3963 3956 3955 3962 3984 3977 3976 3983
2150 5 1 1 3957 3950 3949 3956 3978 3971 3970 3977
2151 5 1 1 3964 3957 3956 3963 3985 3978 3977 3984
2152 5 1 1 3958 3951 3950 3957 3979 3972 3971 3978
2153 5 1 1 3965 3958 3957 3964 3986 3979 3978 3985
2154 5 1 1 3959 3952 3951 3958 3980 3973 3972 3979
2155 5 1 1 3966 3959 3958 3965 3987 3980 3979 3986
2156 5 1 1 3960 3953 3952 3959 3981 3974 3973 3980
2157 5 1 1 3967 3960 3959 3966 3988 3981 3980 3987
2158 5 1 1 3961 3954 3953 3960 3982 3975 3974 3981
2159 5 1 1 3968 3961 3960 3967 3989 3982 3981 3988
2160 5 1 1 3998 3991 3990 3997 4019 4012 4011 4018
2161 5 1 1 4005 3998 3997 4004 4026 4019 4018 4025
2162 5 1 1 3999 3992 3991 3998 4020 4013 4012 4019
2163 5 1 1 4006 3999 3998 4005 4027 4020 4019 4026
2164 5 1 1 4000 3993 3992 3999 4021 4014 4013 4020
2165 5 1 1 4007 4000 3999 4006 4028 4021 4020 4027
2166 5 1 1 4001 3994 3993 4000 4022 4015 4014 4021
2167 5 1 1 4008 4001 4000 4007 4029 4022 4021 4028
2168 5 1 1 4002 3995 3994 4001 4023 4016 4015 4022
2169 5 1 1 4009 4002 4001 4008 4030 4023 4022 4029
2170 5 1 1 4003 3996 3995 4002 4024 4017 4016 4023
2171 5 1 1 4010 4003 4002 4009 4031 4024 4023 4030
2172 5 1 1 4019 4012 4011 4018 4040 4033 4032 4039
2173 5 1 1 4026 4019 4018 4025 4047 4040 4039 4046
2174 5 1 1 4020 4013 4012 4019 4041 4034 4033 4040
2175 5 1 1 4027 4020 4019 4026 4048 4041 4040 4047
2176 5 1 1 4021 4014 4013 4020 4042 4035 4034 4041
2177 5 1 1 4028 4021 4020 4027 4049 4042 4041 4048
2178 5 1 1 4022 4015 4014 4021 4043 4036 4035 4042
2179 5 1 1 4029 4022 4021 4028 4050 4043 4042 4049
2180 5 1 1 4023 4016 4015 4022 4044 4037 4036 4043
2181 5 1 1 4030 4023 4022 4029 4051 4044 4043 4050
2182 5 1 1 4024 4017 4016 4023 4045 4038 4037 4044
2183 5 1 1 4031 4024 4023 4030 4052 4045 4044 4051
2184 5 1 1 4040 4033 4032 4039 4061 4054 4053 4060
2185 5 1 1 4047 4040 4039 4046 4068 4061 4060 4067
2186 5 1 1 4041 4034 4033 4040 4062 4055 4054 4061
2187 5 1 1 4048 4041 4040 4047 4069 4062 4061 4068
2188 5 1 1 4042 4035 4034 4041 4063 4056 4055 4062
2189 5 1 1 4049 4042 4041 4048 4070 4063 4062 4069
2190 5 1 1 4043 4036 4035 4042 4064 4057 4056 4063
2191 5 1 1 4050 4043 4042 4049 4071 4064 4063 4070
2192 5 1 1 4044 4037 4036 4043 4065 4058 4057 4064
2193 5 1 1 4051 4044 4043 4050 4072 4065 4064 4071
2194 5 1 1 4045 4038 4037 4044 4066 4059 4058 4065
2195 5 1 1 4052 4045 4044 4051 4073 4066 4065 4072
2196 5 1 1 4061 4054 4053 4060 4082 4075 4074 4081
2197 5 1 1 4068 4061 4060 4067 4089 4082 4081 4088
2198 5 1 1 4062 4055 4054 4061 4083 4076 4075 4082
2199 5 1 1 4069 4062 4061 4068 4090 4083 4082 4089
2200 5 1 1 4063 4056 4055 4062 4084 4077 4076 4083
2201 5 1 1 4070 4063 4062 4069 4091 4084 4083 4090
2202 5 1 1 4064 4057 4056 4063 4085 4078 4077 4084
2203 5 1 1 4071 4064 4063 4070 4092 4085 4084 4091
2204 5 1 1 4065 4058 4057 4064 4086 4079 4078 4085
2205 5 1 1 4072 4065 4064 4071 4093 4086 4085 4092
2206 5 1 1 4066 4059 4058 4065 4087 4080 4079 4086
2207 5 1 1 4073 4066 4065 4072 4094 4087 4086 4093
2208 5 1 1 4082 4075 4074 4081 4103 4096 4095 4102
2209 5 1 1 4089 4082 4081 4088 4110 4103 4102 4109
2210 5 1 1 4083 4076 4075 4082 4104 4097 4096 4103
2211 5 1 1 4090 4083 4082 4089 4111 4104 4103 4110
2212 5 1 1 4084 4077 4076 4083 4105 4098 4097 4104
2213 5 1 1 4091 4084 4083 4090 4112 4105 4104 4111
2214 5 1 1 4085 4078 4077 4084 4106 4099 4098 4105
2215 5 1 1 4092 4085 4084 4091 4113 4106 4105 4112
2216 5 1 1 4086 4079 4078 4085 4107 4100 4099 4106
2217 5 1 1 4093 4086 4085 4092 4114 4107 4106 4113
2218 5 1 1 4087 4080 4079 4086 4108 4101 4100 4107
2219 5 1 1 4094 4087 4086 4093 4115 4108 4107 4114
2220 5 1 1 4103 4096 4095 4102 4124 4117 4116 4123
2221 5 1 1 4110 4103 4102 4109 4131 4124 4123 4130
2222 5 1 1 4104 4097 4096 4103 4125 4118 4117 4124
2223 5 1 1 4111 4104 4103 4110 4132 4125 4124 4131
2224 5 1 1 4105 4098 4097 4104 4126 4119 4118 4125
2225 5 1 1 4112 4105 4104 4111 4133 4126 4125 4132
2226 5 1 1 4106 4099 4098 4105 4127 4120 4119 4126
2227 5 1 1 4113 4106 4105 4112 4134 4127 4126 4133
2228 5 1 1 4107 4100 4099 4106 4128 4121 4120 4127
2229 5 1 1 4114 4107 4106 4113 4135 4128 4127 4134
2230 5 1 1 4108 4101 4100 4107 4129 4122 4121 4128
2231 5 1 1 4115 4108 4107 4114 4136 4129 4128 4135
2232 5 1 1 4124 4117 4116 4123 4145 4138 4137 4144
2233 5 1 1 4131 4124 4123 4130 4152 4145 4144 4151
2234 5 1 1 4125 4118 4117 4124 4146 4139 4138 4145
2235 5 1 1 4132 4125 4124 4131 4153 4146 4145 4152
2236 5 1 1 4126 4119 4118 4125 4147 4140 4139 4146
2237 5 1 1 4133 4126 4125 4132 4154 4147 4146 4153
2238 5 1 1 4127 4120 4119 4126 4148 4141 4140 4147
2239 5 1 1 4134 4127 4126 4133 4155 4148 4147 4154
2240 5 1 1 4128 4121 4120 4127 4149 4142 4141 4148
2241 5 1 1 4135 4128 4127 4134 4156 4149 4148 4155
2242 5 1 1 4129 4122 4121 4128 4150 4143 4142 4149
2243 5 1 1 4136 4129 4128 4135 4157 4150 4149 4156
2244 5 1 1 4145 4138 4137 4144 4166 4159 4158 4165
2245 5 1 1 4152 4145 4144 4151 4173 4166 4165 4172
2246 5 1 1 4146 4139 4138 4145 4167 4160 4159 4166
2247 5 1 1 4153 4146 4145 4152 4174 4167 4166 4173
2248 5 1 1 4147 4140 4139 4146 4168 4161 4160 4167
2249 5 1 1 4154 4147 4146 4153 4175 4168 4167 4174
2250 5 1 1 4148 4141 4140 4147 4169 4162 4161 4168
2251 5 1 1 4155 4148 4147 4154 4176 4169 4168 4175
2252 5 1 1 4149 4142 4141 4148 4170 4163 4162 4169
2253 5 1 1 4156 4149 4148 4155 4177 4170 4169 4176
2254 5 1 1 4150 4143 4142 4149 4171 4164 4163 4170
2255 5 1 1 4157 4150 4149 4156 4178 4171 4170 4177
2256 5 1 1 4166 4159 4158 4165 4187 4180 4179 4186
2257 5 1 1 4173 4166 4165 4172 4194 4187 4186 4193
2258 5 1 1 4167 4160 4159 4166 4188 4181 4180 4187
2259 5 1 1 4174 4167 4166 4173 4195 4188 4187 4194
2260 5 1 1 4168 4161 4160 4167 4189 4182 4181 4188
2261 5 1 1 4175 4168 4167 4174 4196 4189 4188 4195
2262 5 1 1 4169 4162 4161 4168 4190 4183 4182 4189
2263 5 1 1 4176 4169 4168 4175 4197 4190 4189 4196
2264 5 1 1 4170 4163 4162 4169 4191 4184 4183 4190
2265 5 1 1 4177 4170 4169 4176 4198 4191 4190 4197
2266 5 1 1 4171 4164 4163 4170 4192 4185 4184 4191
2267 5 1 1 4178 4171 4170 4177 4199 4192 4191 4198
2268 5 1 1 4187 4180 4179 4186 4208 4201 4200 4207
2269 5 1 1 4194 4187 4186 4193 4215 4208 4207 4214
2270 5 1 1 4188 4181 4180 4187 4209 4202 4201 4208
2271 5 1 1 4195 4188 4187 4194 4216 4209 4208 4215
2272 5 1 1 4189 4182 4181 4188 4210 4203 4202 4209
2273 5 1 1 4196 4189 4188 4195 4217 4210 4209 4216
2274 5 1 1 4190 4183 4182 4189 4211 4204 4203 4210
2275 5 1 1 4197 4190 4189 4196 4218 4211 4210 4217
2276 5 1 1 4191 4184 4183 4190 4212 4205 4204 4211
2277 5 1 1 4198 4191 4190 4197 4219 4212 4211 4218
2278 5 1 1 4192 4185 4184 4191 4213 4206 4205 4212
2279 5 1 1 4199 4192 4191 4198 4220 4213 4212 4219
2280 5 1 1 4208 4201 4200 4207 4229 4222 4221 4228
2281 5 1 1 4215 4208 4207 4214 4236 4229 4228 4235
2282 5 1 1 4209 4202 4201 4208 4230 4223 4222 4229
2283 5 1 1 4216 4209 4208 4215 4237 4230 4229 4236
2284 5 1 1 4210 4203 4202 4209 4231 4224 4223 4230
2285 5 1 1 4217 4210 4209 4216 4238 4231 4230 4237
2286 5 1 1 4211 4204 4203 4210 4232 4225 4224 4231
2287 5 1 1 4218 4211 4210 4217 4239 4232 4231 4238
2288 5 1 1 4212 4205 4204 4211 4233 4226 4225 4232
2289 5 1 1 4219 4212 4211 4218 4240 4233 4232 4239
2290 5 1 1 4213 4206 4205 4212 4234 4227 4226 4233
2291 5 1 1 4220 4213 4212 4219 4241 4234 4233 4240
2292 5 1 1 4229 4222 4221 4228 4250 4243 4242 4249
2293 5 1 1 4236 4229 4228 4235 4257 4250 4249 4256
2294 5 1 1 4230 4223 4222 4229 4251 4244 4243 4250
2295 5 1 1 4237 4230 4229 4236 4258 4251 4250 4257
2296 5 1 1 4231 4224 4223 4230 4252 4245 4244 4251
2297 5 1 1 4238 4231 4230 4237 4259 4252 4251 4258
2298 5 1 1 4232 4225 4224 4231 4253 4246 4245 4252
2299 5 1 1 4239 4232 4231 4238 4260 4253 4252 4259
2300 5 1 1 4233 4226 4225 4232 4254 4247 4246 4253
2301 5 1 1 4240 4233 4232 4239 4261 4254 4253 4260
2302 5 1 1 4234 4227 4226 4233 4255 4248 4247 4254
2303 5 1 1 4241 4234 4233 4240 4262 4255 4254 4261
2304 5 1 1 4250 4243 4242 4249 4271 4264 4263 4270
2305 5 1 1 4257 4250 4249 4256 4278 4271 4270 4277
2306 5 1 1 4251 4244 4243 4250 4272 4265 4264 4271
2307 5 1 1 4258 4251 4250 4257 4279 4272 4271 4278
2308 5 1 1 4252 4245 4244 4251 4273 4266 4265 4272
2309 5 1 1 4259 4252 4251 4258 4280 4273 4272 4279
2310 5 1 1 4253 4246 4245 4252 4274 4267 4266 4273
2311 5 1 1 4260 4253 4252 4259 4281 4274 4273 4280
2312 5 1 1 4254 4247 4246 4253 4275 4268 4267 4274
2313 5 1 1 4261 4254 4253 4260 4282 4275 4274 4281
2314 5 1 1 4255 4248 4247 4254 4276 4269 4268 4275
2315 5 1 1 4262 4255 4254 4261 4283 4276 4275 4282
2316 5 1 1 4271 4264 4263 4270 4292 4285 4284 4291
2317 5 1 1 4278 4271 4270 4277 4299 4292 4291 4298
2318 5 1 1 4272 4265 4264 4271 4293 4286 4285 4292
2319 5 1 1 4279 4272 4271 4278 4300 4293 4292 4299
2320 5 1 1 4273 4266 4265 4272 4294 4287 4286 4293
2321 5 1 1 4280 4273 4272 4279 4301 4294 4293 4300
2322 5 1 1 4274 4267 4266 4273 4295 4288 4287 4294
2323 5 1 1 4281 4274 4273 4280 4302 4295 4294 4301
2324 5 1 1 4275 4268 4267 4274 4296 4289 4288 4295
2325 5 1 1 4282 4275 4274 4281 4303 4296 4295 4302
2326 5 1 1 4276 4269 4268 4275 4297 4290 4289 4296
2327 5 1 1 4283 4276 4275 4282 4304 4297 4296 4303
2328 5 1 1 4292 4285 4284 4291 4313 4306 4305 4312
2329 5 1 1 4299 4292 4291 4298 4320 4313 4312 4319
2330 5 1 1 4293 4286 4285 4292 4314 4307 4306 4313
2331 5 1 1 4300 4293 4292 4299 4321 4314 4313 4320
2332 5 1 1 4294 4287 4286 4293 4315 4308 4307 4314
2333 5 1 1 4301 4294 4293 4300 4322 4315 4314 4321
2334 5 1 1 4295 4288 4287 4294 4316 4309 4308 4315
2335 5 1 1 4302 4295 4294 4301 4323 4316 4315 4322
2336 5 1 1 4296 4289 4288 4295 4317 4310 4309 4316
2337 5 1 1 4303 4296 4295 4302 4324 4317 4316 4323
2338 5 1 1 4297 4290 4289 4296 4318 4311 4310 4317
2339 5 1 1 4304 4297 4296 4303 4325 4318 4317 4324
2340 5 1 1 4313 4306 4305 4312 4334 4327 4326 4333
2341 5 1 1 4320 4313 4312 4319 4341 4334 4333 4340
2342 5 1 1 4314 4307 4306 4313 4335 4328 4327 4334
2343 5 1 1 4321 4314 4313 4320 4342 4335 4334 4341
2344 5 1 1 4315 4308 4307 4314 4336 4329 4328 4335
2345 5 1 1 4322 4315 4314 4321 4343 4336 4335 4342
2346 5 1 1 4316 4309 4308 4315 4337 4330 4329 4336
2347 5 1 1 4323 4316 4315 4322 4344 4337 4336 4343
2348 5 1 1 4317 4310 4309 4316 4338 4331 4330 4337
2349 5 1 1 4324 4317 4316 4323 4345 4338 4337 4344
2350 5 1 1 4318 4311 4310 4317 4339 4332 4331 4338
2351 5 1 1 4325 4318 4317 4324 4346 4339 4338 4345
2352 5 1 1 4334 4327 4326 4333 4355 4348 4347 4354
2353 5 1 1 4341 4334 4333 4340 4362 4355 4354 4361
2354 5 1 1 4335 4328 4327 4334 4356 4349 4348 4355
2355 5 1 1 4342 4335 4334 4341 4363 4356 4355 4362
2356 5 1 1 4336 4329 4328 4335 4357 4350 4349 4356
2357 5 1 1 4343 4336 4335 4342 4364 4357 4356 4363
2358 5 1 1 4337 4330 4329 4336 4358 4351 4350 4357
2359 5 1 1 4344 4337 4336 4343 4365 4358 4357 4364
2360 5 1 1 4338 4331 4330 4337 4359 4352 4351 4358
2361 5 1 1 4345 4338 4337 4344 4366 4359 4358 4365
2362 5 1 1 4339 4332 4331 4338 4360 4353 4352 4359
2363 5 1 1 4346 4339 4338 4345 4367 4360 4359 4366
2364 5 1 1 4355 4348 4347 4354 4376 4369 4368 4375
2365 5 1 1 4362 4355 4354 4361 4383 4376 4375 4382
2366 5 1 1 4356 4349 4348 4355 4377 4370 4369 4376
2367 5 1 1 4363 4356 4355 4362 4384 4377 4376 4383
2368 5 1 1 4357 4350 4349 4356 4378 4371 4370 4377
2369 5 1 1 4364 4357 4356 4363 4385 4378 4377 4384
2370 5 1 1 4358 4351 4350 4357 4379 4372 4371 4378
2371 5 1 1 4365 4358 4357 4364 4386 4379 4378 4385
2372 5 1 1 4359 4352 4351 4358 4380 4373 4372 4379
2373 5 1 1 4366 4359 4358 4365 4387 4380 4379 4386
2374 5 1 1 4360 4353 4352 4359 4381 4374 4373 4380
2375 5 1 1 4367 4360 4359 4366 4388 4381 4380 4387
2376 5 1 1 4397 4390 4389 4396 4418 4411 4410 4417
2377 5 1 1 4404 4397 4396 4403 4425 4418 4417 4424
2378 5 1 1 4398 4391 4390 4397 4419 4412 4411 4418
2379 5 1 1 4405 4398 4397 4404 4426 4419 4418 4425
2380 5 1 1 4399 4392 4391 4398 4420 4413 4412 4419
2381 5 1 1 4406 4399 4398 4405 4427 4420 4419 4426
2382 5 1 1 4400 4393 4392 4399 4421 4414 4413 4420
2383 5 1 1 4407 4400 4399 4406 4428 4421 4420 4427
2384 5 1 1 4401 4394 4393 4400 4422 4415 4414 4421
2385 5 1 1 4408 4401 4400 4407 4429 4422 4421 4428
2386 5 1 1 4402 4395 4394 4401 4423 4416 4415 4422
2387 5 1 1 4409 4402 4401 4408 4430 4423 4422 4429
2388 5 1 1 4418 4411 4410 4417 4439 4432 4431 4438
2389 5 1 1 4425 4418 4417 4424 4446 4439 4438 4445
2390 5 1 1 4419 4412 4411 4418 4440 4433 4432 4439
2391 5 1 1 4426 4419 4418 4425 4447 4440 4439 4446
2392 5 1 1 4420 4413 4412 4419 4441 4434 4433 4440
2393 5 1 1 4427 4420 4419 4426 4448 4441 4440 4447
2394 5 1 1 4421 4414 4413 4420 4442 4435 4434 4441
2395 5 1 1 4428 4421 4420 4427 4449 4442 4441 4448
2396 5 1 1 4422 4415 4414 4421 4443 4436 4435 4442
2397 5 1 1 4429 4422 4421 4428 4450 4443 4442 4449
2398 5 1 1 4423 4416 4415 4422 4444 4437 4436 4443
2399 5 1 1 4430 4423 4422 4429 4451 4444 4443 4450
2400 5 1 1 4439 4432 4431 4438 4460 4453 4452 4459
2401 5 1 1 4446 4439 4438 4445 4467 4460 4459 4466
2402 5 1 1 4440 4433 4432 4439 4461 4454 4453 4460
2403 5 1 1 4447 4440 4439 4446 4468 4461 4460 4467
2404 5 1 1 4441 4434 4433 4440 4462 4455 4454 4461
2405 5 1 1 4448 4441 4440 4447 4469 4462 4461 4468
2406 5 1 1 4442 4435 4434 4441 4463 4456 4455 4462
2407 5 1 1 4449 4442 4441 4448 4470 4463 4462 4469
2408 5 1 1 4443 4436 4435 4442 4464 4457 4456 4463
2409 5 1 1 4450 4443 4442 4449 4471 4464 4463 4470
2410 5 1 1 4444 4437 4436 4443 4465 4458 4457 4464
2411 5 1 1 4451 4444 4443 4450 4472 4465 4464 4471
2412 5 1 1 4460 4453 4452 4459 4481 4474 4473 4480
2413 5 1 1 4467 4460 4459 4466 4488 4481 4480 4487
2414 5 1 1 4461 4454 4453 4460 4482 4475 4474 4481
2415 5 1 1 4468 4461 4460 4467 4489 4482 4481 4488
2416 5 1 1 4462 4455 4454 4461 4483 4476 4475 4482
2417 5 1 1 4469 4462 4461 4468 4490 4483 4482 4489
2418 5 1 1 4463 4456 4455 4462 4484 4477 4476 4483
2419 5 1 1 4470 4463 4462 4469 4491 4484 4483 4490
2420 5 1 1 4464 4457 4456 4463 4485 4478 4477 4484
2421 5 1 1 4471 4464 4463 4470 4492 4485 4484 4491
2422 5 1 1 4465 4458 4457 4464 4486 4479 4478 4485
2423 5 1 1 4472 4465 4464 4471 4493 4486 4485 4492
2424 5 1 1 4481 4474 4473 4480 4502 4495 4494 4501
2425 5 1 1 4488 4481 4480 4487 4509 4502 4501 4508
2426 5 1 1 4482 4475 4474 4481 4503 4496 4495 4502
2427 5 1 1 4489 4482 4481 4488 4510 4503 4502 4509
2428 5 1 1 4483 4476 4475 4482 4504 4497 4496 4503
2429 5 1 1 4490 4483 4482 4489 4511 4504 4503 4510
2430 5 1 1 4484 4477 4476 4483 4505 4498 4497 4504
2431 5 1 1 4491 4484 4483 4490 4512 4505 4504 4511
2432 5 1 1 4485 4478 4477 4484 4506 4499 4498 4505
2433 5 1 1 4492 4485 4484 4491 4513 4506 4505 4512
2434 5 1 1 4486 4479 4478 4485 4507 4500 4499 4506
2435 5 1 1 4493 4486 4485 4492 4514 4507 4506 4513
2436 5 1 1 4502 4495 4494 4501 4523 4516 4515 4522
2437 5 1 1 4509 4502 4501 4508 4530 4523 4522 4529
2438 5 1 1 4503 4496 4495 4502 4524 4517 4516 4523
2439 5 1 1 4510 4503 4502 4509 4531 4524 4523 4530
2440 5 1 1 4504 4497 4496 4503 4525 4518 4517 4524
2441 5 1 1 4511 4504 4503 4510 4532 4525 4524 4531
2442 5 1 1 4505 4498 4497 4504 4526 4519 4518 4525
2443 5 1 1 4512 4505 4504 4511 4533 4526 4525 4532
2444 5 1 1 4506 4499 4498 4505 4527 4520 4519 4526
2445 5 1 1 4513 4506 4505 4512 4534 4527 4526 4533
2446 5 1 1 4507 4500 4499 4506 4528 4521 4520 4527
2447 5 1 1 4514 4507 4506 4513 4535 4528 4527 4534
2448 5 1 1 4523 4516 4515 4522 4544 4537 4536 4543
2449 5 1 1 4530 4523 4522 4529 4551 4544 4543 4550
2450 5 1 1 4524 4517 4516 4523 4545 4538 4537 4544
2451 5 1 1 4531 4524 4523 4530 4552 4545 4544 4551
2452 5 1 1 4525 4518 4517 4524 4546 4539 4538 4545
2453 5 1 1 4532 4525 4524 4531 4553 4546 4545 4552
2454 5 1 1 4526 4519 4518 4525 4547 4540 4539 4546
2455 5 1 1 4533 4526 4525 4532 4554 4547 4546 4553
2456 5 1 1 4527 4520 4519 4526 4548 4541 4540 4547
2457 5 1 1 4534 4527 4526 4533 4555 4548 4547 4554
2458 5 1 1 4528 4521 4520 4527 4549 4542 4541 4548
2459 5 1 1 4535 4528 4527 4534 4556 4549 4548 4555
2460 5 1 1 4544 4537 4536 4543 4565 4558 4557 4564
2461 5 1 1 4551 4544 4543 4550 4572 4565 4564 4571
2462 5 1 1 4545 4538 4537 4544 4566 4559 4558 4565
2463 5 1 1 4552 4545 4544 4551 4573 4566 4565 4572
2464 5 1 1 4546 4539 4538 4545 4567 4560 4559 4566
2465 5 1 1 4553 4546 4545 4552 4574 4567 4566 4573
2466 5 1 1 4547 4540 4539 4546 4568 4561 4560 4567
2467 5 1 1 4554 4547 4546 4553 4575 4568 4567 4574
2468 5 1 1 4548 4541 4540 4547 4569 4562 4561 4568
2469 5 1 1 4555 4548 4547 4554 4576 4569 4568 4575
2470 5 1 1 4549 4542 4541 4548 4570 4563 4562 4569
2471 5 1 1 4556 4549 4548 4555 4577 4570 4569 4576
2472 5 1 1 4565 4558 4557 4564 4586 4579 4578 4585
2473 5 1 1 4572 4565 4564 4571 4593 4586 4585 4592
2474 5 1 1 4566 4559 4558 4565 4587 4580 4579 4586
2475 5 1 1 4573 4566 4565 4572 4594 4587 4586 4593
2476 5 1 1 4567 4560 4559 4566 4588 4581 4580 4587
2477 5 1 1 4574 4567 4566 4573 4595 4588 4587 4594
2478 5 1 1 4568 4561 4560 4567 4589 4582 4581 4588
2479 5 1 1 4575 4568 4567 4574 4596 4589 4588 4595
2480 5 1 1 4569 4562 4561 4568 4590 4583 4582 4589
2481 5 1 1 4576 4569 4568 4575 4597 4590 4589 4596
2482 5 1 1 4570 4563 4562 4569 4591 4584 4583 4590
2483 5 1 1 4577 4570 4569 4576 4598 4591 4590 4597
2484 5 1 1 4586 4579 4578 4585 4607 4600 4599 4606
2485 5 1 1 4593 4586 4585 4592 4614 4607 4606 4613
2486 5 1 1 4587 4580 4579 4586 4608 4601 4600 4607
2487 5 1 1 4594 4587 4586 4593 4615 4608 4607 4614
2488 5 1 1 4588 4581 4580 4587 4609 4602 4601 4608
2489 5 1 1 4595 4588 4587 4594 4616 4609 4608 4615
2490 5 1 1 4589 4582 4581 4588 4610 4603 4602 4609
2491 5 1 1 4596 4589 4588 4595 4617 4610 4609 4616
2492 5 1 1 4590 4583 4582 4589 4611 4604 4603 4610
2493 5 1 1 4597 4590 4589 4596 4618 4611 4610 4617
2494 5 1 1 4591 4584 4583 4590 4612 4605 4604 4611
2495 5 1 1 4598 4591 4590 4597 4619 4612 4611 4618
2496 5 1 1 4607 4600 4599 4606 4628 4621 4620 4627
2497 5 1 1 4614 4607 4606 4613 4635 4628 4627 4634
2498 5 1 1 4608 4601 4600 4607 4629 4622 4621 4628
2499 5 1 1 4615 4608 4607 4614 4636 4629 4628 4635
2500 5 1 1 4609 4602 4601 4608 4630 4623 4622 4629
2501 5 1 1 4616 4609 4608 4615 4637 4630 4629 4636
2502 5 1 1 4610 4603 4602 4609 4631 4624 4623 4630
2503 5 1 1 4617 4610 4609 4616 4638 4631 4630 4637
2504 5 1 1 4611 4604 4603 4610 4632 4625 4624 4631
2505 5 1 1 4618 4611 4610 4617 4639 4632 4631 4638
2506 5 1 1 4612 4605 4604 4611 4633 4626 4625 4632
2507 5 1 1 4619 4612 4611 4618 4640 4633 4632 4639
2508 5 1 1 4628 4621 4620 4627 4649 4642 4641 4648
2509 5 1 1 4635 4628 4627 4634 4656 4649 4648 4655
2510 5 1 1 4629 4622 4621 4628 4650 4643 4642 4649
2511 5 1 1 4636 4629 4628 4635 4657 4650 4649 4656
2512 5 1 1 4630 4623 4622 4629 4651 4644 4643 4650
2513 5 1 1 4637 4630 4629 4636 4658 4651 4650 4657
2514 5 1 1 4631 4624 4623 4630 4652 4645 4644 4651
2515 5 1 1 4638 4631 4630 4637 4659 4652 4651 4658
2516 5 1 1 4632 4625 4624 4631 4653 4646 4645 4652
2517 5 1 1 4639 4632 4631 4638 4660 4653 4652 4659
2518 5 1 1 4633 4626 4625 4632 4654 4647 4646 4653
2519 5 1 1 4640 4633 4632 4639 4661 4654 4653 4660
2520 5 1 1 4649 4642 4641 4648 4670 4663 4662 4669
2521 5 1 1 4656 4649 4648 4655 4677 4670 4669 4676
2522 5 1 1 4650 4643 4642 4649 4671 4664 4663 4670
2523 5 1 1 4657 4650 4649 4656 4678 4671 4670 4677
2524 5 1 1 4651 4644 4643 4650 4672 4665 4664 4671
2525 5 1 1 4658 4651 4650 4657 4679 4672 4671 4678
2526 5 1 1 4652 4645 4644 4651 4673 4666 4665 4672
2527 5 1 1 4659 4652 4651 4658 4680 4673 4672 4679
2528 5 1 1 4653 4646 4645 4652 4674 4667 4666 4673
2529 5 1 1 4660 4653 4652 4659 4681 4674 4673 4680
2530 5 1 1 4654 4647 4646 4653 4675 4668 4667 4674
2531 5 1 1 4661 4654 4653 4660 4682 4675 4674 4681
2532 5 1 1 4670 4663 4662 4669 4691 4684 4683 4690
2533 5 1 1 4677 4670 4669 4676 4698 4691 4690 4697
2534 5 1 1 4671 4664 4663 4670 4692 4685 4684 4691
2535 5 1 1 4678 4671 4670 4677 4699 4692 4691 4698
2536 5 1 1 4672 4665 4664 4671 4693 4686 4685 4692
2537 5 1 1 4679 4672 4671 4678 4700 4693 4692 4699
2538 5 1 1 4673 4666 4665 4672 4694 4687 4686 4693
2539 5 1 1 4680 4673 4672 4679 4701 4694 4693 4700
2540 5 1 1 4674 4667 4666 4673 4695 4688 4687 4694
2541 5 1 1 4681 4674 4673 4680 4702 4695 4694 4701
2542 5 1 1 4675 4668 4667 4674 4696 4689 4688 4695
2543 5 1 1 4682 4675 4674 4681 4703 4696 4695 4702
2544 5 1 1 4691 4684 4683 4690 4712 4705 4704 4711
2545 5 1 1 4698 4691 4690 4697 4719 4712 4711 4718
2546 5 1 1 4692 4685 4684 4691 4713 4706 4705 4712
2547 5 1 1 4699 4692 4691 4698 4720 4713 4712 4719
2548 5 1 1 4693 4686 4685 4692 4714 4707 4706 4713
2549 5 1 1 4700 4693 4692 4699 4721 4714 4713 4720
2550 5 1 1 4694 4687 4686 4693 4715 4708 4707 4714
2551 5 1 1 4701 4694 4693 4700 4722 4715 4714 4721
2552 5 1 1 4695 4688 4687 4694 4716 4709 4708 4715
2553 5 1 1 4702 4695 4694 4701 4723 4716 4715 4722
2554 5 1 1 4696 4689 4688 4695 4717 4710 4709 4716
2555 5 1 1 4703 4696 4695 4702 4724 4717 4716 4723
2556 5 1 1 4712 4705 4704 4711 4733 4726 4725 4732
2557 5 1 1 4719 4712 4711 4718 4740 4733 4732 4739
2558 5 1 1 4713 4706 4705 4712 4734 4727 4726 4733
2559 5 1 1 4720 4713 4712 4719 4741 4734 4733 4740
2560 5 1 1 4714 4707 4706 4713 4735 4728 4727 4734
2561 5 1 1 4721 4714 4713 4720 4742 4735 4734 4741
2562 5 1 1 4715 4708 4707 4714 4736 4729 4728 4735
2563 5 1 1 4722 4715 4714 4721 4743 4736 4735 4742
2564 5 1 1 4716 4709 4708 4715 4737 4730 4729 4736
2565 5 1 1 4723 4716 4715 4722 4744 4737 4736 4743
2566 5 1 1 4717 4710 4709 4716 4738 4731 4730 4737
2567 5 1 1 4724 4717 4716 4723 4745 4738 4737 4744
2568 5 1 1 4733 4726 4725 4732 4754 4747 4746 4753
2569 5 1 1 4740 4733 4732 4739 4761 4754 4753 4760
2570 5 1 1 4734 4727 4726 4733 4755 4748 4747 4754
2571 5 1 1 4741 4734 4733 4740 4762 4755 4754 4761
2572 5 1 1 4735 4728 4727 4734 4756 4749 4748 4755
2573 5 1 1 4742 4735 4734 4741 4763 4756 4755 4762
2574 5 1 1 4736 4729 4728 4735 4757 4750 4749 4756
2575 5 1 1 4743 4736 4735 4742 4764 4757 4756 4763
2576 5 1 1 4737 4730 4729 4736 4758 4751 4750 4757
2577 5 1 1 4744 4737 4736 4743 4765 4758 4757 4764
2578 5 1 1 4738 4731 4730 4737 4759 4752 4751 4758
2579 5 1 1 4745 4738 4737 4744 4766 4759 4758 4765
2580 5 1 1 4754 4747 4746 4753 4775 4768 4767 4774
2581 5 1 1 4761 4754 4753 4760 4782 4775 4774 4781
2582 5 1 1 4755 4748 4747 4754 4776 4769 4768 4775
2583 5 1 1 4762 4755 4754 4761 4783 4776 4775 4782
2584 5 1 1 4756 4749 4748 4755 4777 4770 4769 4776
2585 5 1 1 4763 4756 4755 4762 4784 4777 4776 4783
2586 5 1 1 4757 4750 4749 4756 4778 4771 4770 4777
2587 5 1 1 4764 4757 4756 4763 4785 4778 4777 4784
2588 5 1 1 4758 4751 4750 4757 4779 4772 4771 4778
2589 5 1 1 4765 4758 4757 4764 4786 4779 4778 4785
2590 5 1 1 4759 4752 4751 4758 4780 4773 4772 4779
2591 5 1 1 4766 4759 4758 4765 4787 4780 4779 4786
2592 5 1 1 4796 4789 4788 4795 4817 4810 4809 4816
2593 5 1 1 4803 4796 4795 4802 4824 4817 4816 4823
2594 5 1 1 4797 4790 4789 4796 4818 4811 4810 4817
2595 5 1 1 4804 4797 4796 4803 4825 4818 4817 4824
2596 5 1 1 4798 4791 4790 4797 4819 4812 4811 4818
2597 5 1 1 4805 4798 4797 4804 4826 4819 4818 4825
2598 5 1 1 4799 4792 4791 4798 4820 4813 4812 4819
2599 5 1 1 4806 4799 4798 4805 4827 4820 4819 4826
2600 5 1 1 4800 4793 4792 4799 4821 4814 4813 4820
2601 5 1 1 4807 4800 4799 4806 4828 4821 4820 4827
2602 5 1 1 4801 4794 4793 4800 4822 4815 4814 4821
2603 5 1 1 4808 4801 4800 4807 4829 4822 4821 4828
2604 5 1 1 4817 4810 4809 4816 4838 4831 4830 4837
2605 5 1 1 4824 4817 4816 4823 4845 4838 4837 4844
2606 5 1 1 4818 4811 4810 4817 4839 4832 4831 4838
2607 5 1 1 4825 4818 4817 4824 4846 4839 4838 4845
2608 5 1 1 4819 4812 4811 4818 4840 4833 4832 4839
2609 5 1 1 4826 4819 4818 4825 4847 4840 4839 4846
2610 5 1 1 4820 4813 4812 4819 4841 4834 4833 4840
2611 5 1 1 4827 4820 4819 4826 4848 4841 4840 4847
2612 5 1 1 4821 4814 4813 4820 4842 4835 4834 4841
2613 5 1 1 4828 4821 4820 4827 4849 4842 4841 4848
2614 5 1 1 4822 4815 4814 4821 4843 4836 4835 4842
2615 5 1 1 4829 4822 4821 4828 4850 4843 4842 4849
2616 5 1 1 4838 4831 4830 4837 4859 4852 4851 4858
2617 5 1 1 4845 4838 4837 4844 4866 4859 4858 4865
2618 5 1 1 4839 4832 4831 4838 4860 4853 4852 4859
2619 5 1 1 4846 4839 4838 4845 4867 4860 4859 4866
2620 5 1 1 4840 4833 4832 4839 4861 4854 4853 4860
2621 5 1 1 4847 4840 4839 4846 4868 4861 4860 4867
2622 5 1 1 4841 4834 4833 4840 4862 4855 4854 4861
2623 5 1 1 4848 4841 4840 4847 4869 4862 4861 4868
2624 5 1 1 4842 4835 4834 4841 4863 4856 4855 4862
2625 5 1 1 4849 4842 4841 4848 4870 4863 4862 4869
2626 5 1 1 4843 4836 4835 4842 4864 4857 4856 4863
2627 5 1 1 4850 4843 4842 4849 4871 4864 4863 4870
2628 5 1 1 4859 4852 4851 4858 4880 4873 4872 4879
2629 5 1 1 4866 4859 4858 4865 4887 4880 4879 4886
2630 5 1 1 4860 4853 4852 4859 4881 4874 4873 4880
2631 5 1 1 4867 4860 4859 4866 4888 4881 4880 4887
2632 5 1 1 4861 4854 4853 4860 4882 4875 4874 4881
2633 5 1 1 4868 4861 4860 4867 4889 4882 4881 4888
2634 5 1 1 4862 4855 4854 4861 4883 4876 4875 4882
2635 5 1 1 4869 4862 4861 4868 4890 4883 4882 4889
2636 5 1 1 4863 4856 4855 4862 4884 4877 4876 4883
2637 5 1 1 4870 4863 4862 4869 4891 4884 4883 4890
2638 5 1 1 4864 4857 4856 4863 4885 4878 4877 4884
2639 5 1 1 4871 4864 4863 4870 4892 4885 4884 4891
2640 5 1 1 4880 4873 4872 4879 4901 4894 4893 4900
2641 5 1 1 4887 4880 4879 4886 4908 4901 4900 4907
2642 5 1 1 4881 4874 4873 4880 4902 4895 4894 4901
2643 5 1 1 4888 4881 4880 4887 4909 4902 4901 4908
2644 5 1 1 4882 4875 4874 4881 4903 4896 4895 4902
2645 5 1 1 4889 4882 4881 4888 4910 4903 4902 4909
2646 5 1 1 4883 4876 4875 4882 4904 4897 4896 4903
2647 5 1 1 4890 4883 4882 4889 4911 4904 4903 4910
2648 5 1 1 4884 4877 4876 4883 4905 4898 4897 4904
2649 5 1 1 4891 4884 4883 4890 4912 4905 4904 4911
2650 5 1 1 4885 4878 4877 4884 4906 4899 4898 4905
2651 5 1 1 4892 4885 4884 4891 4913 4906 4905 4912
2652 5 1 1 4901 4894 4893 4900 4922 4915 4914 4921
2653 5 1 1 4908 4901 4900 4907 4929 4922 4921 4928
2654 5 1 1 4902 4895 4894 4901 4923 4916 4915 4922
2655 5 1 1 4909 4902 4901 4908 4930 4923 4922 4929
2656 5 1 1 4903 4896 4895 4902 4924 4917 4916 4923
2657 5 1 1 4910 4903 4902 4909 4931 4924 4923 4930
2658 5 1 1 4904 4897 4896 4903 4925 4918 4917 4924
2659 5 1 1 4911 4904 4903 4910 4932 4925 4924 4931
2660 5 1 1 4905 4898 4897 4904 4926 4919 4918 4925
2661 5 1 1 4912 4905 4904 4911 4933 4926 4925 4932
2662 5 1 1 4906 4899 4898 4905 4927 4920 4919 4926
2663 5 1 1 4913 4906 4905 4912 4934 4927 4926 4933
2664 5 1 1 4922 4915 4914 4921 4943 4936 4935 4942
2665 5 1 1 4929 4922 4921 4928 4950 4943 4942 4949
2666 5 1 1 4923 4916 4915 4922 4944 4937 4936 4943
2667 5 1 1 4930 4923 4922 4929 4951 4944 4943 4950
2668 5 1 1 4924 4917 4916 4923 4945 4938 4937 4944
2669 5 1 1 4931 4924 4923 4930 4952 4945 4944 4951
2670 5 1 1 4925 4918 4917 4924 4946 4939 4938 4945
2671 5 1 1 4932 4925 4924 4931 4953 4946 4945 4952
2672 5 1 1 4926 4919 4918 4925 4947 4940 4939 4946
2673 5 1 1 4933 4926 4925 4932 4954 4947 4946 4953
2674 5 1 1 4927 4920 4919 4926 4948 4941 4940 4947
2675 5 1 1 4934 4927 4926 4933 4955 4948 4947 4954
2676 5 1 1 4943 4936 4935 4942 4964 4957 4956 4963
2677 5 1 1 4950 4943 4942 4949 4971 4964 4963 4970
2678 5 1 1 4944 4937 4936 4943 4965 4958 4957 4964
2679 5 1 1 4951 4944 4943 4950 4972 4965 4964 4971
2680 5 1 1 4945 4938 4937 4944 4966 4959 4958 4965
2681 5 1 1 4952 4945 4944 4951 4973 4966 4965 4972
2682 5 1 1 4946 4939 4938 4945 4967 4960 4959 4966
2683 5 1 1 4953 4946 4945 4952 4974 4967 4966 4973
2684 5 1 1 4947 4940 4939 4946 4968 4961 4960 4967
2685 5 1 1 4954 4947 4946 4953 4975 4968 4967 4974
2686 5 1 1 4948 4941 4940 4947 4969 4962 4961 4968
2687 5 1 1 4955 4948 4947 4954 4976 4969 4968 4975
2688 5 1 1 4964 4957 4956 4963 4985 4978 4977 4984
2689 5 1 1 4971 4964 4963 4970 4992 4985 4984 4991
2690 5 1 1 4965 4958 4957 4964 4986 4979 4978 4985
2691 5 1 1 4972 4965 4964 4971 4993 4986 4985 4992
2692 5 1 1 4966 4959 4958 4965 4987 4980 4979 4986
2693 5 1 1 4973 4966 4965 4972 4994 4987 4986 4993
2694 5 1 1 4967 4960 4959 4966 4988 4981 4980 4987
2695 5 1 1 4974 4967 4966 4973 4995 4988 4987 4994
2696 5 1 1 4968 4961 4960 4967 4989 4982 4981 4988
2697 5 1 1 4975 4968 4967 4974 4996 4989 4988 4995
2698 5 1 1 4969 4962 4961 4968 4990 4983 4982 4989
2699 5 1 1 4976 4969 4968 4975 4997 4990 4989 4996
2700 5 1 1 4985 4978 4977 4984 5006 4999 4998 5005
2701 5 1 1 4992 4985 4984 4991 5013 5006 5005 5012
2702 5 1 1 4986 4979 4978 4985 5007 5000 4999 5006
2703 5 1 1 4993 4986 4985 4992 5014 5007 5006 5013
2704 5 1 1 4987 4980 4979 4986 5008 5001 5000 5007
2705 5 1 1 4994 4987 4986 4993 5015 5008 5007 5014
2706 5 1 1 4988 4981 4980 4987 5009 5002 5001 5008
2707 5 1 1 4995 4988 4987 4994 5016 5009 5008 5015
2708 5 1 1 4989 4982 4981 4988 5010 5003 5002 5009
2709 5 1 1 4996 4989 4988 4995 5017 5010 5009 5016
2710 5 1 1 4990 4983 4982 4989 5011 5004 5003 5010
2711 5 1 1 4997 4990 4989 4996 5018 5011 5010 5017
2712 5 1 1 5006 4999 4998 5005 5027 5020 5019 5026
2713 5 1 1 5013 5006 5005 5012 5034 5027 5026 5033
2714 5 1 1 5007 5000 4999 5006 5028 5021 5020 5027
2715 5 1 1 5014 5007 5006 5013 5035 5028 5027 5034
2716 5 1 1 5008 5001 5000 5007 5029 5022 5021 5028
2717 5 1 1 5015 5008 5007 5014 5036 5029 5028 5035
2718 5 1 1 5009 5002 5001 5008 5030 5023 5022 5029
2719 5 1 1 5016 5009 5008 5015 5037 5030 5029 5036
2720 5 1 1 5010 5003 5002 5009 5031 5024 5023 5030
2721 5 1 1 5017 5010 5009 5016 5038 5031 5030 5037
2722 5 1 1 5011 5004 5003 5010 5032 5025 5024 5031
2723 5 1 1 5018 5011 5010 5017 5039 5032 5031 5038
2724 5 1 1 5027 5020 5019 5026 5048 5041 5040 5047
2725 5 1 1 5034 5027 5026 5033 5055 5048 5047 5054
2726 5 1 1 5028 5021 5020 5027 5049 5042 5041 5048
2727 5 1 1 5035 5028 5027 5034 5056 5049 5048 5055
2728 5 1 1 5029 5022 5021 5028 5050 5043 5042 5049
2729 5 1 1 5036 5029 5028 5035 5057 5050 5049 5056
2730 5 1 1 5030 5023 5022 5029 5051 5044 5043 5050
2731 5 1 1 5037 5030 5029 5036 5058 5051 5050 5057
2732 5 1 1 5031 5024 5023 5030 5052 5045 5044 5051
2733 5 1 1 5038 5031 5030 5037 5059 5052 5051 5058
2734 5 1 1 5032 5025 5024 5031 5053 5046 5045 5052
2735 5 1 1 5039 5032 5031 5038 5060 5053 5052 5059
2736 5 1 1 5048 5041 5040 5047 5069 5062 5061 5068
2737 5 1 1 5055 5048 5047 5054 5076 5069 5068 5075
2738 5 1 1 5049 5042 5041 5048 5070 5063 5062 5069
2739 5 1 1 5056 5049 5048 5055 5077 5070 5069 5076
2740 5 1 1 5050 5043 5042 5049 5071 5064 5063 5070
2741 5 1 1 5057 5050 5049 5056 5078 5071 5070 5077
2742 5 1 1 5051 5044 5043 5050 5072 5065 5064 5071
2743 5 1 1 5058 5051 5050 5057 5079 5072 5071 5078
2744 5 1 1 5052 5045 5044 5051 5073 5066 5065 5072
2745 5 1 1 5059 5052 5051 5058 5080 5073 5072 5079
2746 5 1 1 5053 5046 5045 5052 5074 5067 5066 5073
2747 5 1 1 5060 5053 5052 5059 5081 5074 5073 5080
2748 5 1 1 5069 5062 5061 5068 5090 5083 5082 5089
2749 5 1 1 5076 5069 5068 5075 5097 5090 5089 5096
2750 5 1 1 5070 5063 5062 5069 5091 5084 5083 5090
2751 5 1 1 5077 5070 5069 5076 5098 5091 5090 5097
2752 5 1 1 5071 5064 5063 5070 5092 5085 5084 5091
2753 5 1 1 5078 5071 5070 5077 5099 5092 5091 5098
2754 5 1 1 5072 5065 5064 5071 5093 5086 5085 5092
2755 5 1 1 5079 5072 5071 5078 5100 5093 5092 5099
2756 5 1 1 5073 5066 5065 5072 5094 5087 5086 5093
2757 5 1 1 5080 5073 5072 5079 5101 5094 5093 5100
2758 5 1 1 5074 5067 5066 5073 5095 5088 5087 5094
2759 5 1 1 5081 5074 5073 5080 5102 5095 5094 5101
2760 5 1 1 5090 5083 5082 5089 5111 5104 5103 5110
2761 5 1 1 5097 5090 5089 5096 5118 5111 5110 5117
2762 5 1 1 5091 5084 5083 5090 5112 5105 5104 5111
2763 5 1 1 5098 5091 5090 5097 5119 5112 5111 5118
2764 5 1 1 5092 5085 5084 5091 5113 5106 5105 5112
2765 5 1 1 5099 5092 5091 5098 5120 5113 5112 5119
2766 5 1 1 5093 5086 5085 5092 5114 5107 5106 5113
2767 5 1 1 5100 5093 5092 5099 5121 5114 5113 5120
2768 5 1 1 5094 5087 5086 5093 5115 5108 5107 5114
2769 5 1 1 5101 5094 5093 5100 5122 5115 5114 5121
2770 5 1 1 5095 5088 5087 5094 5116 5109 5108 5115
2771 5 1 1 5102 5095 5094 5101 5123 5116 5115 5122
2772 5 1 1 5111 5104 5103 5110 5132 5125 5124 5131
2773 5 1 1 5118 5111 5110 5117 5139 5132 5131 5138
2774 5 1 1 5112 5105 5104 5111 5133 5126 5125 5132
2775 5 1 1 5119 5112 5111 5118 5140 5133 5132 5139
2776 5 1 1 5113 5106 5105 5112 5134 5127 5126 5133
2777 5 1 1 5120 5113 5112 5119 5141 5134 5133 5140
2778 5 1 1 5114 5107 5106 5113 5135 5128 5127 5134
2779 5 1 1 5121 5114 5113 5120 5142 5135 5134 5141
2780 5 1 1 5115 5108 5107 5114 5136 5129 5128 5135
2781 5 1 1 5122 5115 5114 5121 5143 5136 5135 5142
2782 5 1 1 5116 5109 5108 5115 5137 5130 5129 5136
2783 5 1 1 5123 5116 5115 5122 5144 5137 5136 5143
2784 5 1 1 5132 5125 5124 5131 5153 5146 5145 5152
2785 5 1 1 5139 5132 5131 5138 5160 5153 5152 5159
2786 5 1 1 5133 5126 5125 5132 5154 5147 5146 5153
2787 5 1 1 5140 5133 5132 5139 5161 5154 5153 5160
2788 5 1 1 5134 5127 5126 5133 5155 5148 5147 5154
2789 5 1 1 5141 5134 5133 5140 5162 5155 5154 5161
2790 5 1 1 5135 5128 5127 5134 5156 5149 5148 5155
2791 5 1 1 5142 5135 5134 5141 5163 5156 5155 5162
2792 5 1 1 5136 5129 5128 5135 5157 5150 5149 5156
2793 5 1 1 5143 5136 5135 5142 5164 5157 5156 5163
2794 5 1 1 5137 5130 5129 5136 5158 5151 5150 5157
2795 5 1 1 5144 5137 5136 5143 5165 5158 5157 5164
2796 5 1 1 5153 5146 5145 5152 5174 5167 5166 5173
2797 5 1 1 5160 5153 5152 5159 5181 5174 5173 5180
2798 5 1 1 5154 5147 5146 5153 5175 5168 5167 5174
2799 5 1 1 5161 5154 5153 5160 5182 5175 5174 5181
2800 5 1 1 5155 5148 5147 5154 5176 5169 5168 5175
2801 5 1 1 5162 5155 5154 5161 5183 5176 5175 5182
2802 5 1 1 5156 5149 5148 5155 5177 5170 5169 5176
2803 5 1 1 5163 5156 5155 5162 5184 5177 5176 5183
2804 5 1 1 5157 5150 5149 5156 5178 5171 5170 5177
2805 5 1 1 5164 5157 5156 5163 5185 5178 5177 5184
2806 5 1 1 5158 5151 5150 5157 5179 5172 5171 5178
2807 5 1 1 5165 5158 5157 5164 5186 5179 5178 5185
2808 5 1 1 5195 5188 5187 5194 5216 5209 5208 5215
2809 5 1 1 5202 5195 5194 5201 5223 5216 5215 5222
2810 5 1 1 5196 5189 5188 5195 5217 5210 5209 5216
2811 5 1 1 5203 5196 5195 5202 5224 5217 5216 5223
2812 5 1 1 5197 5190 5189 5196 5218 5211 5210 5217
2813 5 1 1 5204 5197 5196 5203 5225 5218 5217 5224
2814 5 1 1 5198 5191 5190 5197 5219 5212 5211 5218
2815 5 1 1 5205 5198 5197 5204 5226 5219 5218 5225
2816 5 1 1 5199 5192 5191 5198 5220 5213 5212 5219
2817 5 1 1 5206 5199 5198 5205 5227 5220 5219 5226
2818 5 1 1 5200 5193 5192 5199 5221 5214 5213 5220
2819 5 1 1 5207 5200 5199 5206 5228 5221 5220 5227
2820 5 1 1 5216 5209 5208 5215 5237 5230 5229 5236
2821 5 1 1 5223 5216 5215 5222 5244 5237 5236 5243
2822 5 1 1 5217 5210 5209 5216 5238 5231 5230 5237
2823 5 1 1 5224 5217 5216 5223 5245 5238 5237 5244
2824 5 1 1 5218 5211 5210 5217 5239 5232 5231 5238
2825 5 1 1 5225 5218 5217 5224 5246 5239 5238 5245
2826 5 1 1 5219 5212 5211 5218 5240 5233 5232 5239
2827 5 1 1 5226 5219 5218 5225 5247 5240 5239 5246
2828 5 1 1 5220 5213 5212 5219 5241 5234 5233 5240
2829 5 1 1 5227 5220 5219 5226 5248 5241 5240 5247
2830 5 1 1 5221 5214 5213 5220 5242 5235 5234 5241
2831 5 1 1 5228 5221 5220 5227 5249 5242 5241 5248
2832 5 1 1 5237 5230 5229 5236 5258 5251 5250 5257
2833 5 1 1 5244 5237 5236 5243 5265 5258 5257 5264
2834 5 1 1 5238 5231 5230 5237 5259 5252 5251 5258
2835 5 1 1 5245 5238 5237 5244 5266 5259 5258 5265
2836 5 1 1 5239 5232 5231 5238 5260 5253 5252 5259
2837 5 1 1 5246 5239 5238 5245 5267 5260 5259 5266
2838 5 1 1 5240 5233 5232 5239 5261 5254 5253 5260
2839 5 1 1 5247 5240 5239 5246 5268 5261 5260 5267
2840 5 1 1 5241 5234 5233 5240 5262 5255 5254 5261
2841 5 1 1 5248 5241 5240 5247 5269 5262 5261 5268
2842 5 1 1 5242 5235 5234 5241 5263 5256 5255 5262
2843 5 1 1 5249 5242 5241 5248 5270 5263 5262 5269
2844 5 1 1 5258 5251 5250 5257 5279 5272 5271 5278
2845 5 1 1 5265 5258 5257 5264 5286 5279 5278 5285
2846 5 1 1 5259 5252 5251 5258 5280 5273 5272 5279
2847 5 1 1 5266 5259 5258 5265 5287 5280 5279 5286
2848 5 1 1 5260 5253 5252 5259 5281 5274 5273 5280
2849 5 1 1 5267 5260 5259 5266 5288 5281 5280 5287
2850 5 1 1 5261 5254 5253 5260 5282 5275 5274 5281
2851 5 1 1 5268 5261 5260 5267 5289 5282 5281 5288
2852 5 1 1 5262 5255 5254 5261 5283 5276 5275 5282
2853 5 1 1 5269 5262 5261 5268 5290 5283 5282 5289
2854 5 1 1 5263 5256 5255 5262 5284 5277 5276 5283
2855 5 1 1 5270 5263 5262 5269 5291 5284 5283 5290
2856 5 1 1 5279 5272 5271 5278 5300 5293 5292 5299
2857 5 1 1 5286 5279 5278 5285 5307 5300 5299 5306
2858 5 1 1 5280 5273 5272 5279 5301 5294 5293 5300
2859 5 1 1 5287 5280 5279 5286 5308 5301 5300 5307
2860 5 1 1 5281 5274 5273 5280 5302 5295 5294 5301
2861 5 1 1 5288 5281 5280 5287 5309 5302 5301 5308
2862 5 1 1 5282 5275 5274 5281 5303 5296 5295 5302
2863 5 1 1 5289 5282 5281 5288 5310 5303 5302 5309
2864 5 1 1 5283 5276 5275 5282 5304 5297 5296 5303
2865 5 1 1 5290 5283 5282 5289 5311 5304 5303 5310
2866 5 1 1 5284 5277 5276 5283 5305 5298 5297 5304
2867 5 1 1 5291 5284 5283 5290 5312 5305 5304 5311
2868 5 1 1 5300 5293 5292 5299 5321 5314 5313 5320
2869 5 1 1 5307 5300 5299 5306 5328 5321 5320 5327
2870 5 1 1 5301 5294 5293 5300 5322 5315 5314 5321
2871 5 1 1 5308 5301 5300 5307 5329 5322 5321 5328
2872 5 1 1 5302 5295 5294 5301 5323 5316 5315 5322
2873 5 1 1 5309 5302 5301 5308 5330 5323 5322 5329
2874 5 1 1 5303 5296 5295 5302 5324 5317 5316 5323
2875 5 1 1 5310 5303 5302 5309 5331 5324 5323 5330
2876 5 1 1 5304 5297 5296 5303 5325 5318 5317 5324
2877 5 1 1 5311 5304 5303 5310 5332 5325 5324 5331
2878 5 1 1 5305 5298 5297 5304 5326 5319 5318 5325
2879 5 1 1 5312 5305 5304 5311 5333 5326 5325 5332
2880 5 1 1 5321 5314 5313 5320 5342 5335 5334 5341
2881 5 1 1 5328 5321 5320 5327 5349 5342 5341 5348
2882 5 1 1 5322 5315 5314 5321 5343 5336 5335 5342
2883 5 1 1 5329 5322 5321 5328 5350 5343 5342 5349
2884 5 1 1 5323 5316 5315 5322 5344 5337 5336 5343
2885 5 1 1 5330 5323 5322 5329 5351 5344 5343 5350
2886 5 1 1 5324 5317 5316 5323 5345 5338 5337 5344
2887 5 1 1 5331 5324 5323 5330 5352 5345 5344 5351
2888 5 1 1 5325 5318 5317 5324 5346 5339 5338 5345
2889 5 1 1 5332 5325 5324 5331 5353 5346 5345 5352
2890 5 1 1 5326 5319 5318 5325 5347 5340 5339 5346
2891 5 1 1 5333 5326 5325 5332 5354 5347 5346 5353
2892 5 1 1 5342 5335 5334 5341 5363 5356 5355 5362
2893 5 1 1 5349 5342 5341 5348 5370 5363 5362 5369
2894 5 1 1 5343 5336 5335 5342 5364 5357 5356 5363
2895 5 1 1 5350 5343 5342 5349 5371 5364 5363 5370
2896 5 1 1 5344 5337 5336 5343 5365 5358 5357 5364
2897 5 1 1 5351 5344 5343 5350 5372 5365 5364 5371
2898 5 1 1 5345 5338 5337 5344 5366 5359 5358 5365
2899 5 1 1 5352 5345 5344 5351 5373 5366 5365 5372
2900 5 1 1 5346 5339 5338 5345 5367 5360 5359 5366
2901 5 1 1 5353 5346 5345 5352 5374 5367 5366 5373
2902 5 1 1 5347 5340 5339 5346 5368 5361 5360 5367
2903 5 1 1 5354 5347 5346 5353 5375 5368 5367 5374
2904 5 1 1 5363 5356 5355 5362 5384 5377 5376 5383
2905 5 1 1 5370 5363 5362 5369 5391 5384 5383 5390
2906 5 1 1 5364 5357 5356 5363 5385 5378 5377 5384
2907 5 1 1 5371 5364 5363 5370 5392 5385 5384 5391
2908 5 1 1 5365 5358 5357 5364 5386 5379 5378 5385
2909 5 1 1 5372 5365 5364 5371 5393 5386 5385 5392
2910 5 1 1 5366 5359 5358 5365 5387 5380 5379 5386
2911 5 1 1 5373 5366 5365 5372 5394 5387 5386 5393
2912 5 1 1 5367 5360 5359 5366 5388 5381 5380 5387
2913 5 1 1 5374 5367 5366 5373 5395 5388 5387 5394
2914 5 1 1 5368 5361 5360 5367 5389 5382 5381 5388
2915 5 1 1 5375 5368 5367 5374 5396 5389 5388 5395
2916 5 1 1 5384 5377 5376 5383 5405 5398 5397 5404
2917 5 1 1 5391 5384 5383 5390 5412 5405 5404 5411
2918 5 1 1 5385 5378 5377 5384 5406 5399 5398 5405
2919 5 1 1 5392 5385 5384 5391 5413 5406 5405 5412
2920 5 1 1 5386 5379 5378 5385 5407 5400 5399 5406
2921 5 1 1 5393 5386 5385 5392 5414 5407 5406 5413
2922 5 1 1 5387 5380 5379 5386 5408 5401 5400 5407
2923 5 1 1 5394 5387 5386 5393 5415 5408 5407 5414
2924 5 1 1 5388 5381 5380 5387 5409 5402 5401 5408
2925 5 1 1 5395 5388 5387 5394 5416 5409 5408 5415
2926 5 1 1 5389 5382 5381 5388 5410 5403 5402 5409
2927 5 1 1 5396 5389 5388 5395 5417 5410 5409 5416
2928 5 1 1 5405 5398 5397 5404 5426 5419 5418 5425
2929 5 1 1 5412 5405 5404 5411 5433 5426 5425 5432
2930 5 1 1 5406 5399 5398 5405 5427 5420 5419 5426
2931 5 1 1 5413 5406 5405 5412 5434 5427 5426 5433
2932 5 1 1 5407 5400 5399 5406 5428 5421 5420 5427
2933 5 1 1 5414 5407 5406 5413 5435 5428 5427 5434
2934 5 1 1 5408 5401 5400 5407 5429 5422 5421 5428
2935 5 1 1 5415 5408 5407 5414 5436 5429 5428 5435
2936 5 1 1 5409 5402 5401 5408 5430 5423 5422 5429
2937 5 1 1 5416 5409 5408 5415 5437 5430 5429 5436
2938 5 1 1 5410 5403 5402 5409 5431 5424 5423 5430
2939 5 1 1 5417 5410 5409 5416 5438 5431 5430 5437
2940 5 1 1 5426 5419 5418 5425 5447 5440 5439 5446
2941 5 1 1 5433 5426 5425 5432 5454 5447 5446 5453
2942 5 1 1 5427 5420 5419 5426 5448 5441 5440 5447
2943 5 1 1 5434 5427 5426 5433 5455 5448 5447 5454
2944 5 1 1 5428 5421 5420 5427 5449 5442 5441 5448
2945 5 1 1 5435 5428 5427 5434 5456 5449 5448 5455
2946 5 1 1 5429 5422 5421 5428 5450 5443 5442 5449
2947 5 1 1 5436 5429 5428 5435 5457 5450 5449 5456
2948 5 1 1 5430 5423 5422 5429 5451 5444 5443 5450
2949 5 1 1 5437 5430 5429 5436 5458 5451 5450 5457
2950 5 1 1 5431 5424 5423 5430 5452 5445 5444 5451
2951 5 1 1 5438 5431 5430 5437 5459 5452 5451 5458
2952 5 1 1 5447 5440 5439 5446 5468 5461 5460 5467
2953 5 1 1 5454 5447 5446 5453 5475 5468 5467 5474
2954 5 1 1 5448 5441 5440 5447 5469 5462 5461 5468
2955 5 1 1 5455 5448 5447 5454 5476 5469 5468 5475
2956 5 1 1 5449 5442 5441 5448 5470 5463 5462 5469
2957 5 1 1 5456 5449 5448 5455 5477 5470 5469 5476
2958 5 1 1 5450 5443 5442 5449 5471 5464 5463 5470
2959 5 1 1 5457 5450 5449 5456 5478 5471 5470 5477
2960 5 1 1 5451 5444 5443 5450 5472 5465 5464 5471
2961 5 1 1 5458 5451 5450 5457 5479 5472 5471 5478
2962 5 1 1 5452 5445 5444 5451 5473 5466 5465 5472
2963 5 1 1 5459 5452 5451 5458 5480 5473 5472 5479
2964 5 1 1 5468 5461 5460 5467 5489 5482 5481 5488
2965 5 1 1 5475 5468 5467 5474 5496 5489 5488 5495
2966 5 1 1 5469 5462 5461 5468 5490 5483 5482 5489
2967 5 1 1 5476 5469 5468 5475 5497 5490 5489 5496
2968 5 1 1 5470 5463 5462 5469 5491 5484 5483 5490
2969 5 1 1 5477 5470 5469 5476 5498 5491 5490 5497
2970 5 1 1 5471 5464 5463 5470 5492 5485 5484 5491
2971 5 1 1 5478 5471 5470 5477 5499 5492 5491 5498
2972 5 1 1 5472 5465 5464 5471 5493 5486 5485 5492
2973 5 1 1 5479 5472 5471 5478 5500 5493 5492 5499
2974 5 1 1 5473 5466 5465 5472 5494 5487 5486 5493
2975 5 1 1 5480 5473 5472 5479 5501 5494 5493 5500
2976 5 1 1 5489 5482 5481 5488 5510 5503 5502 5509
2977 5 1 1 5496 5489 5488 5495 5517 5510 5509 5516
2978 5 1 1 5490 5483 5482 5489 5511 5504 5503 5510
2979 5 1 1 5497 5490 5489 5496 5518 5511 5510 5517
2980 5 1 1 5491 5484 5483 5490 5512 5505 5504 5511
2981 5 1 1 5498 5491 5490 5497 5519 5512 5511 5518
2982 5 1 1 5492 5485 5484 5491 5513 5506 5505 5512
2983 5 1 1 5499 5492 5491 5498 5520 5513 5512 5519
2984 5 1 1 5493 5486 5485 5492 5514 5507 5506 5513
2985 5 1 1 5500 5493 5492 5499 5521 5514 5513 5520
2986 5 1 1 5494 5487 5486 5493 5515 5508 5507 5514
2987 5 1 1 5501 5494 5493 5500 5522 5515 5514 5521
2988 5 1 1 5510 5503 5502 5509 5531 5524 5523 5530
2989 5 1 1 5517 5510 5509 5516 5538 5531 5530 5537
2990 5 1 1 5511 5504 5503 5510 5532 5525 5524 5531
2991 5 1 1 5518 5511 5510 5517 5539 5532 5531 5538
2992 5 1 1 5512 5505 5504 5511 5533 5526 5525 5532
2993 5 1 1 5519 5512 5511 5518 5540 5533 5532 5539
2994 5 1 1 5513 5506 5505 5512 5534 5527 5526 5533
2995 5 1 1 5520 5513 5512 5519 5541 5534 5533 5540
2996 5 1 1 5514 5507 5506 5513 5535 5528 5527 5534
2997 5 1 1 5521 5514 5513 5520 5542 5535 5534 5541
2998 5 1 1 5515 5508 5507 5514 5536 5529 5528 5535
2999 5 1 1 5522 5515 5514 5521 5543 5536 5535 5542
3000 5 1 1 5531 5524 5523 5530 5552 5545 5544 5551
3001 5 1 1 5538 5531 5530 5537 5559 5552 5551 5558
3002 5 1 1 5532 5525 5524 5531 5553 5546 5545 5552
3003 5 1 1 5539 5532 5531 5538 5560 5553 5552 5559
3004 5 1 1 5533 5526 5525 5532 5554 5547 5546 5553
3005 5 1 1 5540 5533 5532 5539 5561 5554 5553 5560
3006 5 1 1 5534 5527 5526 5533 5555 5548 5547 5554
3007 5 1 1 5541 5534 5533 5540 5562 5555 5554 5561
3008 5 1 1 5535 5528 5527 5534 5556 5549 5548 5555
3009 5 1 1 5542 5535 5534 5541 5563 5556 5555 5562
3010 5 1 1 5536 5529 5528 5535 5557 5550 5549 5556
3011 5 1 1 5543 5536 5535 5542 5564 5557 5556 5563
3012 5 1 1 5552 5545 5544 5551 5573 5566 5565 5572
3013 5 1 1 5559 5552 5551 5558 5580 5573 5572 5579
3014 5 1 1 5553 5546 5545 5552 5574 5567 5566 5573
3015 5 1 1 5560 5553 5552 5559 5581 5574 5573 5580
3016 5 1 1 5554 5547 5546 5553 5575 5568 5567 5574
3017 5 1 1 5561 5554 5553 5560 5582 5575 5574 5581
3018 5 1 1 5555 5548 5547 5554 5576 5569 5568 5575
3019 5 1 1 5562 5555 5554 5561 5583 5576 5575 5582
3020 5 1 1 5556 5549 5548 5555 5577 5570 5569 5576
3021 5 1 1 5563 5556 5555 5562 5584 5577 5576 5583
3022 5 1 1 5557 5550 5549 5556 5578 5571 5570 5577
3023 5 1 1 5564 5557 5556 5563 5585 5578 5577 5584
3024 5 1 1 5594 5587 5586 5593 5615 5608 5607 5614
3025 5 1 1 5601 5594 5593 5600 5622 5615 5614 5621
3026 5 1 1 5595 5588 5587 5594 5616 5609 5608 5615
3027 5 1 1 5602 5595 5594 5601 5623 5616 5615 5622
3028 5 1 1 5596 5589 5588 5595 5617 5610 5609 5616
3029 5 1 1 5603 5596 5595 5602 5624 5617 5616 5623
3030 5 1 1 5597 5590 5589 5596 5618 5611 5610 5617
3031 5 1 1 5604 5597 5596 5603 5625 5618 5617 5624
3032 5 1 1 5598 5591 5590 5597 5619 5612 5611 5618
3033 5 1 1 5605 5598 5597 5604 5626 5619 5618 5625
3034 5 1 1 5599 5592 5591 5598 5620 5613 5612 5619
3035 5 1 1 5606 5599 5598 5605 5627 5620 5619 5626
3036 5 1 1 5615 5608 5607 5614 5636 5629 5628 5635
3037 5 1 1 5622 5615 5614 5621 5643 5636 5635 5642
3038 5 1 1 5616 5609 5608 5615 5637 5630 5629 5636
3039 5 1 1 5623 5616 5615 5622 5644 5637 5636 5643
3040 5 1 1 5617 5610 5609 5616 5638 5631 5630 5637
3041 5 1 1 5624 5617 5616 5623 5645 5638 5637 5644
3042 5 1 1 5618 5611 5610 5617 5639 5632 5631 5638
3043 5 1 1 5625 5618 5617 5624 5646 5639 5638 5645
3044 5 1 1 5619 5612 5611 5618 5640 5633 5632 5639
3045 5 1 1 5626 5619 5618 5625 5647 5640 5639 5646
3046 5 1 1 5620 5613 5612 5619 5641 5634 5633 5640
3047 5 1 1 5627 5620 5619 5626 5648 5641 5640 5647
3048 5 1 1 5636 5629 5628 5635 5657 5650 5649 5656
3049 5 1 1 5643 5636 5635 5642 5664 5657 5656 5663
3050 5 1 1 5637 5630 5629 5636 5658 5651 5650 5657
3051 5 1 1 5644 5637 5636 5643 5665 5658 5657 5664
3052 5 1 1 5638 5631 5630 5637 5659 5652 5651 5658
3053 5 1 1 5645 5638 5637 5644 5666 5659 5658 5665
3054 5 1 1 5639 5632 5631 5638 5660 5653 5652 5659
3055 5 1 1 5646 5639 5638 5645 5667 5660 5659 5666
3056 5 1 1 5640 5633 5632 5639 5661 5654 5653 5660
3057 5 1 1 5647 5640 5639 5646 5668 5661 5660 5667
3058 5 1 1 5641 5634 5633 5640 5662 5655 5654 5661
3059 5 1 1 5648 5641 5640 5647 5669 5662 5661 5668
3060 5 1 1 5657 5650 5649 5656 5678 5671 5670 5677
3061 5 1 1 5664 5657 5656 5663 5685 5678 5677 5684
3062 5 1 1 5658 5651 5650 5657 5679 5672 5671 5678
3063 5 1 1 5665 5658 5657 5664 5686 5679 5678 5685
3064 5 1 1 5659 5652 5651 5658 5680 5673 5672 5679
3065 5 1 1 5666 5659 5658 5665 5687 5680 5679 5686
3066 5 1 1 5660 5653 5652 5659 5681 5674 5673 5680
3067 5 1 1 5667 5660 5659 5666 5688 5681 5680 5687
3068 5 1 1 5661 5654 5653 5660 5682 5675 5674 5681
3069 5 1 1 5668 5661 5660 5667 5689 5682 5681 5688
3070 5 1 1 5662 5655 5654 5661 5683 5676 5675 5682
3071 5 1 1 5669 5662 5661 5668 5690 5683 5682 5689
3072 5 1 1 5678 5671 5670 5677 5699 5692 5691 5698
3073 5 1 1 5685 5678 5677 5684 5706 5699 5698 5705
3074 5 1 1 5679 5672 5671 5678 5700 5693 5692 5699
3075 5 1 1 5686 5679 5678 5685 5707 5700 5699 5706
3076 5 1 1 5680 5673 5672 5679 5701 5694 5693 5700
3077 5 1 1 5687 5680 5679 5686 5708 5701 5700 5707
3078 5 1 1 5681 5674 5673 5680 5702 5695 5694 5701
3079 5 1 1 5688 5681 5680 5687 5709 5702 5701 5708
3080 5 1 1 5682 5675 5674 5681 5703 5696 5695 5702
3081 5 1 1 5689 5682 5681 5688 5710 5703 5702 5709
3082 5 1 1 5683 5676 5675 5682 5704 5697 5696 5703
3083 5 1 1 5690 5683 5682 5689 5711 5704 5703 5710
3084 5 1 1 5699 5692 5691 5698 5720 5713 5712 5719
3085 5 1 1 5706 5699 5698 5705 5727 5720 5719 5726
3086 5 1 1 5700 5693 5692 5699 5721 5714 5713 5720
3087 5 1 1 5707 5700 5699 5706 5728 5721 5720 5727
3088 5 1 1 5701 5694 5693 5700 5722 5715 5714 5721
3089 5 1 1 5708 5701 5700 5707 5729 5722 5721 5728
3090 5 1 1 5702 5695 5694 5701 5723 5716 5715 5722
3091 5 1 1 5709 5702 5701 5708 5730 5723 5722 5729
3092 5 1 1 5703 5696 5695 5702 5724 5717 5716 5723
3093 5 1 1 5710 5703 5702 5709 5731 5724 5723 5730
3094 5 1 1 5704 5697 5696 5703 5725 5718 5717 5724
3095 5 1 1 5711 5704 5703 5710 5732 5725 5724 5731
3096 5 1 1 5720 5713 5712 5719 5741 5734 5733 5740
3097 5 1 1 5727 5720 5719 5726 5748 5741 5740 5747
3098 5 1 1 5721 5714 5713 5720 5742 5735 5734 5741
3099 5 1 1 5728 5721 5720 5727 5749 5742 5741 5748
3100 5 1 1 5722 5715 5714 5721 5743 5736 5735 5742
3101 5 1 1 5729 5722 5721 5728 5750 5743 5742 5749
3102 5 1 1 5723 5716 5715 5722 5744 5737 5736 5743
3103 5 1 1 5730 5723 5722 5729 5751 5744 5743 5750
3104 5 1 1 5724 5717 5716 5723 5745 5738 5737 5744
3105 5 1 1 5731 5724 5723 5730 5752 5745 5744 5751
3106 5 1 1 5725 5718 5717 5724 5746 5739 5738 5745
3107 5 1 1 5732 5725 5724 5731 5753 5746 5745 5752
3108 5 1 1 5741 5734 5733 5740 5762 5755 5754 5761
3109 5 1 1 5748 5741 5740 5747 5769 5762 5761 5768
3110 5 1 1 5742 5735 5734 5741 5763 5756 5755 5762
3111 5 1 1 5749 5742 5741 5748 5770 5763 5762 5769
3112 5 1 1 5743 5736 5735 5742 5764 5757 5756 5763
3113 5 1 1 5750 5743 5742 5749 5771 5764 5763 5770
3114 5 1 1 5744 5737 5736 5743 5765 5758 5757 5764
3115 5 1 1 5751 5744 5743 5750 5772 5765 5764 5771
3116 5 1 1 5745 5738 5737 5744 5766 5759 5758 5765
3117 5 1 1 5752 5745 5744 5751 5773 5766 5765 5772
3118 5 1 1 5746 5739 5738 5745 5767 5760 5759 5766
3119 5 1 1 5753 5746 5745 5752 5774 5767 5766 5773
3120 5 1 1 5762 5755 5754 5761 5783 5776 5775 5782
3121 5 1 1 5769 5762 5761 5768 5790 5783 5782 5789
3122 5 1 1 5763 5756 5755 5762 5784 5777 5776 5783
3123 5 1 1 5770 5763 5762 5769 5791 5784 5783 5790
3124 5 1 1 5764 5757 5756 5763 5785 5778 5777 5784
3125 5 1 1 5771 5764 5763 5770 5792 5785 5784 5791
3126 5 1 1 5765 5758 5757 5764 5786 5779 5778 5785
3127 5 1 1 5772 5765 5764 5771 5793 5786 5785 5792
3128 5 1 1 5766 5759 5758 5765 5787 5780 5779 5786
3129 5 1 1 5773 5766 5765 5772 5794 5787 5786 5793
3130 5 1 1 5767 5760 5759 5766 5788 5781 5780 5787
3131 5 1 1 5774 5767 5766 5773 5795 5788 5787 5794
3132 5 1 1 5783 5776 5775 5782 5804 5797 5796 5803
3133 5 1 1 5790 5783 5782 5789 5811 5804 5803 5810
3134 5 1 1 5784 5777 5776 5783 5805 5798 5797 5804
3135 5 1 1 5791 5784 5783 5790 5812 5805 5804 5811
3136 5 1 1 5785 5778 5777 5784 5806 5799 5798 5805
3137 5 1 1 5792 5785 5784 5791 5813 5806 5805 5812
3138 5 1 1 5786 5779 5778 5785 5807 5800 5799 5806
3139 5 1 1 5793 5786 5785 5792 5814 5807 5806 5813
3140 5 1 1 5787 5780 5779 5786 5808 5801 5800 5807
3141 5 1 1 5794 5787 5786 5793 5815 5808 5807 5814
3142 5 1 1 5788 5781 5780 5787 5809 5802 5801 5808
3143 5 1 1 5795 5788 5787 5794 5816 5809 5808 5815
3144 5 1 1 5804 5797 5796 5803 5825 5818 5817 5824
3145 5 1 1 5811 5804 5803 5810 5832 5825 5824 5831
3146 5 1 1 5805 5798 5797 5804 5826 5819 5818 5825
3147 5 1 1 5812 5805 5804 5811 5833 5826 5825 5832
3148 5 1 1 5806 5799 5798 5805 5827 5820 5819 5826
3149 5 1 1 5813 5806 5805 5812 5834 5827 5826 5833
3150 5 1 1 5807 5800 5799 5806 5828 5821 5820 5827
3151 5 1 1 5814 5807 5806 5813 5835 5828 5827 5834
3152 5 1 1 5808 5801 5800 5807 5829 5822 5821 5828
3153 5 1 1 5815 5808 5807 5814 5836 5829 5828 5835
3154 5 1 1 5809 5802 5801 5808 5830 5823 5822 5829
3155 5 1 1 5816 5809 5808 5815 5837 5830 5829 5836
3156 5 1 1 5825 5818 5817 5824 5846 5839 5838 5845
3157 5 1 1 5832 5825 5824 5831 5853 5846 5845 5852
3158 5 1 1 5826 5819 5818 5825 5847 5840 5839 5846
3159 5 1 1 5833 5826 5825 5832 5854 5847 5846 5853
3160 5 1 1 5827 5820 5819 5826 5848 5841 5840 5847
3161 5 1 1 5834 5827 5826 5833 5855 5848 5847 5854
3162 5 1 1 5828 5821 5820 5827 5849 5842 5841 5848
3163 5 1 1 5835 5828 5827 5834 5856 5849 5848 5855
3164 5 1 1 5829 5822 5821 5828 5850 5843 5842 5849
3165 5 1 1 5836 5829 5828 5835 5857 5850 5849 5856
3166 5 1 1 5830 5823 5822 5829 5851 5844 5843 5850
3167 5 1 1 5837 5830 5829 5836 5858 5851 5850 5857
3168 5 1 1 5846 5839 5838 5845 5867 5860 5859 5866
3169 5 1 1 5853 5846 5845 5852 5874 5867 5866 5873
3170 5 1 1 5847 5840 5839 5846 5868 5861 5860 5867
3171 5 1 1 5854 5847 5846 5853 5875 5868 5867 5874
3172 5 1 1 5848 5841 5840 5847 5869 5862 5861 5868
3173 5 1 1 5855 5848 5847 5854 5876 5869 5868 5875
3174 5 1 1 5849 5842 5841 5848 5870 5863 5862 5869
3175 5 1 1 5856 5849 5848 5855 5877 5870 5869 5876
3176 5 1 1 5850 5843 5842 5849 5871 5864 5863 5870
3177 5 1 1 5857 5850 5849 5856 5878 5871 5870 5877
3178 5 1 1 5851 5844 5843 5850 5872 5865 5864 5871
3179 5 1 1 5858 5851 5850 5857 5879 5872 5871 5878
3180 5 1 1 5867 5860 5859 5866 5888 5881 5880 5887
3181 5 1 1 5874 5867 5866 5873 5895 5888 5887 5894
3182 5 1 1 5868 5861 5860 5867 5889 5882 5881 5888
3183 5 1 1 5875 5868 5867 5874 5896 5889 5888 5895
3184 5 1 1 5869 5862 5861 5868 5890 5883 5882 5889
3185 5 1 1 5876 5869 5868 5875 5897 5890 5889 5896
3186 5 1 1 5870 5863 5862 5869 5891 5884 5883 5890
3187 5 1 1 5877 5870 5869 5876 5898 5891 5890 5897
3188 5 1 1 5871 5864 5863 5870 5892 5885 5884 5891
3189 5 1 1 5878 5871 5870 5877 5899 5892 5891 5898
3190 5 1 1 5872 5865 5864 5871 5893 5886 5885 5892
3191 5 1 1 5879 5872 5871 5878 5900 5893 5892 5899
3192 5 1 1 5888 5881 5880 5887 5909 5902 5901 5908
3193 5 1 1 5895 5888 5887 5894 5916 5909 5908 5915
3194 5 1 1 5889 5882 5881 5888 5910 5903 5902 5909
3195 5 1 1 5896 5889 5888 5895 5917 5910 5909 5916
3196 5 1 1 5890 5883 5882 5889 5911 5904 5903 5910
3197 5 1 1 5897 5890 5889 5896 5918 5911 5910 5917
3198 5 1 1 5891 5884 5883 5890 5912 5905 5904 5911
3199 5 1 1 5898 5891 5890 5897 5919 5912 5911 5918
3200 5 1 1 5892 5885 5884 5891 5913 5906 5905 5912
3201 5 1 1 5899 5892 5891 5898 5920 5913 5912 5919
3202 5 1 1 5893 5886 5885 5892 5914 5907 5906 5913
3203 5 1 1 5900 5893 5892 5899 5921 5914 5913 5920
3204 5 1 1 5909 5902 5901 5908 5930 5923 5922 5929
3205 5 1 1 5916 5909 5908 5915 5937 5930 5929 5936
3206 5 1 1 5910 5903 5902 5909 5931 5924 5923 5930
3207 5 1 1 5917 5910 5909 5916 5938 5931 5930 5937
3208 5 1 1 5911 5904 5903 5910 5932 5925 5924 5931
3209 5 1 1 5918 5911 5910 5917 5939 5932 5931 5938
3210 5 1 1 5912 5905 5904 5911 5933 5926 5925 5932
3211 5 1 1 5919 5912 5911 5918 5940 5933 5932 5939
3212 5 1 1 5913 5906 5905 5912 5934 5927 5926 5933
3213 5 1 1 5920 5913 5912 5919 5941 5934 5933 5940
3214 5 1 1 5914 5907 5906 5913 5935 5928 5927 5934
3215 5 1 1 5921 5914 5913 5920 5942 5935 5934 5941
3216 5 1 1 5930 5923 5922 5929 5951 5944 5943 5950
3217 5 1 1 5937 5930 5929 5936 5958 5951 5950 5957
3218 5 1 1 5931 5924 5923 5930 5952 5945 5944 5951
3219 5 1 1 5938 5931 5930 5937 5959 5952 5951 5958
3220 5 1 1 5932 5925 5924 5931 5953 5946 5945 5952
3221 5 1 1 5939 5932 5931 5938 5960 5953 5952 5959
3222 5 1 1 5933 5926 5925 5932 5954 5947 5946 5953
3223 5 1 1 5940 5933 5932 5939 5961 5954 5953 5960
3224 5 1 1 5934 5927 5926 5933 5955 5948 5947 5954
3225 5 1 1 5941 5934 5933 5940 5962 5955 5954 5961
3226 5 1 1 5935 5928 5927 5934 5956 5949 5948 5955
3227 5 1 1 5942 5935 5934 5941 5963 5956 5955 5962
3228 5 1 1 5951 5944 5943 5950 5972 5965 5964 5971
3229 5 1 1 5958 5951 5950 5957 5979 5972 5971 5978
3230 5 1 1 5952 5945 5944 5951 5973 5966 5965 5972
3231 5 1 1 5959 5952 5951 5958 5980 5973 5972 5979
3232 5 1 1 5953 5946 5945 5952 5974 5967 5966 5973
3233 5 1 1 5960 5953 5952 5959 5981 5974 5973 5980
3234 5 1 1 5954 5947 5946 5953 5975 5968 5967 5974
3235 5 1 1 5961 5954 5953 5960 5982 5975 5974 5981
3236 5 1 1 5955 5948 5947 5954 5976 5969 5968 5975
3237 5 1 1 5962 5955 5954 5961 5983 5976 5975 5982
3238 5 1 1 5956 5949 5948 5955 5977 5970 5969 5976
3239 5 1 1 5963 5956 5955 5962 5984 5977 5976 5983
3240 5 1 1 5993 5986 5985 5992 6014 6007 6006 6013
3241 5 1 1 6000 5993 5992 5999 6021 6014 6013 6020
3242 5 1 1 5994 5987 5986 5993 6015 6008 6007 6014
3243 5 1 1 6001 5994 5993 6000 6022 6015 6014 6021
3244 5 1 1 5995 5988 5987 5994 6016 6009 6008 6015
3245 5 1 1 6002 5995 5994 6001 6023 6016 6015 6022
3246 5 1 1 5996 5989 5988 5995 6017 6010 6009 6016
3247 5 1 1 6003 5996 5995 6002 6024 6017 6016 6023
3248 5 1 1 5997 5990 5989 5996 6018 6011 6010 6017
3249 5 1 1 6004 5997 5996 6003 6025 6018 6017 6024
3250 5 1 1 5998 5991 5990 5997 6019 6012 6011 6018
3251 5 1 1 6005 5998 5997 6004 6026 6019 6018 6025
3252 5 1 1 6014 6007 6006 6013 6035 6028 6027 6034
3253 5 1 1 6021 6014 6013 6020 6042 6035 6034 6041
3254 5 1 1 6015 6008 6007 6014 6036 6029 6028 6035
3255 5 1 1 6022 6015 6014 6021 6043 6036 6035 6042
3256 5 1 1 6016 6009 6008 6015 6037 6030 6029 6036
3257 5 1 1 6023 6016 6015 6022 6044 6037 6036 6043
3258 5 1 1 6017 6010 6009 6016 6038 6031 6030 6037
3259 5 1 1 6024 6017 6016 6023 6045 6038 6037 6044
3260 5 1 1 6018 6011 6010 6017 6039 6032 6031 6038
3261 5 1 1 6025 6018 6017 6024 6046 6039 6038 6045
3262 5 1 1 6019 6012 6011 6018 6040 6033 6032 6039
3263 5 1 1 6026 6019 6018 6025 6047 6040 6039 6046
3264 5 1 1 6035 6028 6027 6034 6056 6049 6048 6055
3265 5 1 1 6042 6035 6034 6041 6063 6056 6055 6062
3266 5 1 1 6036 6029 6028 6035 6057 6050 6049 6056
3267 5 1 1 6043 6036 6035 6042 6064 6057 6056 6063
3268 5 1 1 6037 6030 6029 6036 6058 6051 6050 6057
3269 5 1 1 6044 6037 6036 6043 6065 6058 6057 6064
3270 5 1 1 6038 6031 6030 6037 6059 6052 6051 6058
3271 5 1 1 6045 6038 6037 6044 6066 6059 6058 6065
3272 5 1 1 6039 6032 6031 6038 6060 6053 6052 6059
3273 5 1 1 6046 6039 6038 6045 6067 6060 6059 6066
3274 5 1 1 6040 6033 6032 6039 6061 6054 6053 6060
3275 5 1 1 6047 6040 6039 6046 6068 6061 6060 6067
3276 5 1 1 6056 6049 6048 6055 6077 6070 6069 6076
3277 5 1 1 6063 6056 6055 6062 6084 6077 6076 6083
3278 5 1 1 6057 6050 6049 6056 6078 6071 6070 6077
3279 5 1 1 6064 6057 6056 6063 6085 6078 6077 6084
3280 5 1 1 6058 6051 6050 6057 6079 6072 6071 6078
3281 5 1 1 6065 6058 6057 6064 6086 6079 6078 6085
3282 5 1 1 6059 6052 6051 6058 6080 6073 6072 6079
3283 5 1 1 6066 6059 6058 6065 6087 6080 6079 6086
3284 5 1 1 6060 6053 6052 6059 6081 6074 6073 6080
3285 5 1 1 6067 6060 6059 6066 6088 6081 6080 6087
3286 5 1 1 6061 6054 6053 6060 6082 6075 6074 6081
3287 5 1 1 6068 6061 6060 6067 6089 6082 6081 6088
3288 5 1 1 6077 6070 6069 6076 6098 6091 6090 6097
3289 5 1 1 6084 6077 6076 6083 6105 6098 6097 6104
3290 5 1 1 6078 6071 6070 6077 6099 6092 6091 6098
3291 5 1 1 6085 6078 6077 6084 6106 6099 6098 6105
3292 5 1 1 6079 6072 6071 6078 6100 6093 6092 6099
3293 5 1 1 6086 6079 6078 6085 6107 6100 6099 6106
3294 5 1 1 6080 6073 6072 6079 6101 6094 6093 6100
3295 5 1 1 6087 6080 6079 6086 6108 6101 6100 6107
3296 5 1 1 6081 6074 6073 6080 6102 6095 6094 6101
3297 5 1 1 6088 6081 6080 6087 6109 6102 6101 6108
3298 5 1 1 6082 6075 6074 6081 6103 6096 6095 6102
3299 5 1 1 6089 6082 6081 6088 6110 6103 6102 6109
3300 5 1 1 6098 6091 6090 6097 6119 6112 6111 6118
3301 5 1 1 6105 6098 6097 6104 6126 6119 6118 6125
3302 5 1 1 6099 6092 6091 6098 6120 6113 6112 6119
3303 5 1 1 6106 6099 6098 6105 6127 6120 6119 6126
3304 5 1 1 6100 6093 6092 6099 6121 6114 6113 6120
3305 5 1 1 6107 6100 6099 6106 6128 6121 6120 6127
3306 5 1 1 6101 6094 6093 6100 6122 6115 6114 6121
3307 5 1 1 6108 6101 6100 6107 6129 6122 6121 6128
3308 5 1 1 6102 6095 6094 6101 6123 6116 6115 6122
3309 5 1 1 6109 6102 6101 6108 6130 6123 6122 6129
3310 5 1 1 6103 6096 6095 6102 6124 6117 6116 6123
3311 5 1 1 6110 6103 6102 6109 6131 6124 6123 6130
3312 5 1 1 6119 6112 6111 6118 6140 6133 6132 6139
3313 5 1 1 6126 6119 6118 6125 6147 6140 6139 6146
3314 5 1 1 6120 6113 6112 6119 6141 6134 6133 6140
3315 5 1 1 6127 6120 6119 6126 6148 6141 6140 6147
3316 5 1 1 6121 6114 6113 6120 6142 6135 6134 6141
3317 5 1 1 6128 6121 6120 6127 6149 6142 6141 6148
3318 5 1 1 6122 6115 6114 6121 6143 6136 6135 6142
3319 5 1 1 6129 6122 6121 6128 6150 6143 6142 6149
3320 5 1 1 6123 6116 6115 6122 6144 6137 6136 6143
3321 5 1 1 6130 6123 6122 6129 6151 6144 6143 6150
3322 5 1 1 6124 6117 6116 6123 6145 6138 6137 6144
3323 5 1 1 6131 6124 6123 6130 6152 6145 6144 6151
3324 5 1 1 6140 6133 6132 6139 6161 6154 6153 6160
3325 5 1 1 6147 6140 6139 6146 6168 6161 6160 6167
3326 5 1 1 6141 6134 6133 6140 6162 6155 6154 6161
3327 5 1 1 6148 6141 6140 6147 6169 6162 6161 6168
3328 5 1 1 6142 6135 6134 6141 6163 6156 6155 6162
3329 5 1 1 6149 6142 6141 6148 6170 6163 6162 6169
3330 5 1 1 6143 6136 6135 6142 6164 6157 6156 6163
3331 5 1 1 6150 6143 6142 6149 6171 6164 6163 6170
3332 5 1 1 6144 6137 6136 6143 6165 6158 6157 6164
3333 5 1 1 6151 6144 6143 6150 6172 6165 6164 6171
3334 5 1 1 6145 6138 6137 6144 6166 6159 6158 6165
3335 5 1 1 6152 6145 6144 6151 6173 6166 6165 6172
3336 5 1 1 6161 6154 6153 6160 6182 6175 6174 6181
3337 5 1 1 6168 6161 6160 6167 6189 6182 6181 6188
3338 5 1 1 6162 6155 6154 6161 6183 6176 6175 6182
3339 5 1 1 6169 6162 6161 6168 6190 6183 6182 6189
3340 5 1 1 6163 6156 6155 6162 6184 6177 6176 6183
3341 5 1 1 6170 6163 6162 6169 6191 6184 6183 6190
3342 5 1 1 6164 6157 6156 6163 6185 6178 6177 6184
3343 5 1 1 6171 6164 6163 6170 6192 6185 6184 6191
3344 5 1 1 6165 6158 6157 6164 6186 6179 6178 6185
3345 5 1 1 6172 6165 6164 6171 6193 6186 6185 6192
3346 5 1 1 6166 6159 6158 6165 6187 6180 6179 6186
3347 5 1 1 6173 6166 6165 6172 6194 6187 6186 6193
3348 5 1 1 6182 6175 6174 6181 6203 6196 6195 6202
3349 5 1 1 6189 6182 6181 6188 6210 6203 6202 6209
3350 5 1 1 6183 6176 6175 6182 6204 6197 6196 6203
3351 5 1 1 6190 6183 6182 6189 6211 6204 6203 6210
3352 5 1 1 6184 6177 6176 6183 6205 6198 6197 6204
3353 5 1 1 6191 6184 6183 6190 6212 6205 6204 6211
3354 5 1 1 6185 6178 6177 6184 6206 6199 6198 6205
3355 5 1 1 6192 6185 6184 6191 6213 6206 6205 6212
3356 5 1 1 6186 6179 6178 6185 6207 6200 6199 6206
3357 5 1 1 6193 6186 6185 6192 6214 6207 6206 6213
3358 5 1 1 6187 6180 6179 6186 6208 6201 6200 6207
3359 5 1 1 6194 6187 6186 6193 6215 6208 6207 6214
3360 5 1 1 6203 6196 6195 6202 6224 6217 6216 6223
3361 5 1 1 6210 6203 6202 6209 6231 6224 6223 6230
3362 5 1 1 6204 6197 6196 6203 6225 6218 6217 6224
3363 5 1 1 6211 6204 6203 6210 6232 6225 6224 6231
3364 5 1 1 6205 6198 6197 6204 6226 6219 6218 6225
3365 5 1 1 6212 6205 6204 6211 6233 6226 6225 6232
3366 5 1 1 6206 6199 6198 6205 6227 6220 6219 6226
3367 5 1 1 6213 6206 6205 6212 6234 6227 6226 6233
3368 5 1 1 6207 6200 6199 6206 6228 6221 6220 6227
3369 5 1 1 6214 6207 6206 6213 6235 6228 6227 6234
3370 5 1 1 6208 6201 6200 6207 6229 6222 6221 6228
3371 5 1 1 6215 6208 6207 6214 6236 6229 6228 6235
3372 5 1 1 6224 6217 6216 6223 6245 6238 6237 6244
3373 5 1 1 6231 6224 6223 6230 6252 6245 6244 6251
3374 5 1 1 6225 6218 6217 6224 6246 6239 6238 6245
3375 5 1 1 6232 6225 6224 6231 6253 6246 6245 6252
3376 5 1 1 6226 6219 6218 6225 6247 6240 6239 6246
3377 5 1 1 6233 6226 6225 6232 6254 6247 6246 6253
3378 5 1 1 6227 6220 6219 6226 6248 6241 6240 6247
3379 5 1 1 6234 6227 6226 6233 6255 6248 6247 6254
3380 5 1 1 6228 6221 6220 6227 6249 6242 6241 6248
3381 5 1 1 6235 6228 6227 6234 6256 6249 6248 6255
3382 5 1 1 6229 6222 6221 6228 6250 6243 6242 6249
3383 5 1 1 6236 6229 6228 6235 6257 6250 6249 6256
3384 5 1 1 6245 6238 6237 6244 6266 6259 6258 6265
3385 5 1 1 6252 6245 6244 6251 6273 6266 6265 6272
3386 5 1 1 6246 6239 6238 6245 6267 6260 6259 6266
3387 5 1 1 6253 6246 6245 6252 6274 6267 6266 6273
3388 5 1 1 6247 6240 6239 6246 6268 6261 6260 6267
3389 5 1 1 6254 6247 6246 6253 6275 6268 6267 6274
3390 5 1 1 6248 6241 6240 6247 6269 6262 6261 6268
3391 5 1 1 6255 6248 6247 6254 6276 6269 6268 6275
3392 5 1 1 6249 6242 6241 6248 6270 6263 6262 6269
3393 5 1 1 6256 6249 6248 6255 6277 6270 6269 6276
3394 5 1 1 6250 6243 6242 6249 6271 6264 6263 6270
3395 5 1 1 6257 6250 6249 6256 6278 6271 6270 6277
3396 5 1 1 6266 6259 6258 6265 6287 6280 6279 6286
3397 5 1 1 6273 6266 6265 6272 6294 6287 6286 6293
3398 5 1 1 6267 6260 6259 6266 6288 6281 6280 6287
3399 5 1 1 6274 6267 6266 6273 6295 6288 6287 6294
3400 5 1 1 6268 6261 6260 6267 6289 6282 6281 6288
3401 5 1 1 6275 6268 6267 6274 6296 6289 6288 6295
3402 5 1 1 6269 6262 6261 6268 6290 6283 6282 6289
3403 5 1 1 6276 6269 6268 6275 6297 6290 6289 6296
3404 5 1 1 6270 6263 6262 6269 6291 6284 6283 6290
3405 5 1 1 6277 6270 6269 6276 6298 6291 6290 6297
3406 5 1 1 6271 6264 6263 6270 6292 6285 6284 6291
3407 5 1 1 6278 6271 6270 6277 6299 6292 6291 6298
3408 5 1 1 6287 6280 6279 6286 6308 6301 6300 6307
3409 5 1 1 6294 6287 6286 6293 6315 6308 6307 6314
3410 5 1 1 6288 6281 6280 6287 6309 6302 6301 6308
3411 5 1 1 6295 6288 6287 6294 6316 6309 6308 6315
3412 5 1 1 6289 6282 6281 6288 6310 6303 6302 6309
3413 5 1 1 6296 6289 6288 6295 6317 6310 6309 6316
3414 5 1 1 6290 6283 6282 6289 6311 6304 6303 6310
3415 5 1 1 6297 6290 6289 6296 6318 6311 6310 6317
3416 5 1 1 6291 6284 6283 6290 6312 6305 6304 6311
3417 5 1 1 6298 6291 6290 6297 6319 6312 6311 6318
3418 5 1 1 6292 6285 6284 6291 6313 6306 6305 6312
3419 5 1 1 6299 6292 6291 6298 6320 6313 6312 6319
3420 5 1 1 6308 6301 6300 6307 6329 6322 6321 6328
3421 5 1 1 6315 6308 6307 6314 6336 6329 6328 6335
3422 5 1 1 6309 6302 6301 6308 6330 6323 6322 6329
3423 5 1 1 6316 6309 6308 6315 6337 6330 6329 6336
3424 5 1 1 6310 6303 6302 6309 6331 6324 6323 6330
3425 5 1 1 6317 6310 6309 6316 6338 6331 6330 6337
3426 5 1 1 6311 6304 6303 6310 6332 6325 6324 6331
3427 5 1 1 6318 6311 6310 6317 6339 6332 6331 6338
3428 5 1 1 6312 6305 6304 6311 6333 6326 6325 6332
3429 5 1 1 6319 6312 6311 6318 6340 6333 6332 6339
3430 5 1 1 6313 6306 6305 6312 6334 6327 6326 6333
3431 5 1 1 6320 6313 6312 6319 6341 6334 6333 6340
3432 5 1 1 6329 6322 6321 6328 6350 6343 6342 6349
3433 5 1 1 6336 6329 6328 6335 6357 6350 6349 6356
3434 5 1 1 6330 6323 6322 6329 6351 6344 6343 6350
3435 5 1 1 6337 6330 6329 6336 6358 6351 6350 6357
3436 5 1 1 6331 6324 6323 6330 6352 6345 6344 6351
3437 5 1 1 6338 6331 6330 6337 6359 6352 6351 6358
3438 5 1 1 6332 6325 6324 6331 6353 6346 6345 6352
3439 5 1 1 6339 6332 6331 6338 6360 6353 6352 6359
3440 5 1 1 6333 6326 6325 6332 6354 6347 6346 6353
3441 5 1 1 6340 6333 6332 6339 6361 6354 6353 6360
3442 5 1 1 6334 6327 6326 6333 6355 6348 6347 6354
3443 5 1 1 6341 6334 6333 6340 6362 6355 6354 6361
3444 5 1 1 6350 6343 6342 6349 6371 6364 6363 6370
3445 5 1 1 6357 6350 6349 6356 6378 6371 6370 6377
3446 5 1 1 6351 6344 6343 6350 6372 6365 6364 6371
3447 5 1 1 6358 6351 6350 6357 6379 6372 6371 6378
3448 5 1 1 6352 6345 6344 6351 6373 6366 6365 6372
3449 5 1 1 6359 6352 6351 6358 6380 6373 6372 6379
3450 5 1 1 6353 6346 6345 6352 6374 6367 6366 6373
3451 5 1 1 6360 6353 6352 6359 6381 6374 6373 6380
3452 5 1 1 6354 6347 6346 6353 6375 6368 6367 6374
3453 5 1 1 6361 6354 6353 6360 6382 6375 6374 6381
3454 5 1 1 6355 6348 6347 6354 6376 6369 6368 6375
3455 5 1 1 6362 6355 6354 6361 6383 6376 6375 6382
3456 5 1 1 6392 6385 6384 6391 6413 6406 6405 6412
3457 5 1 1 6399 6392 6391 6398 6420 6413 6412 6419
3458 5 1 1 6393 6386 6385 6392 6414 6407 6406 6413
3459 5 1 1 6400 6393 6392 6399 6421 6414 6413 6420
3460 5 1 1 6394 6387 6386 6393 6415 6408 6407 6414
3461 5 1 1 6401 6394 6393 6400 6422 6415 6414 6421
3462 5 1 1 6395 6388 6387 6394 6416 6409 6408 6415
3463 5 1 1 6402 6395 6394 6401 6423 6416 6415 6422
3464 5 1 1 6396 6389 6388 6395 6417 6410 6409 6416
3465 5 1 1 6403 6396 6395 6402 6424 6417 6416 6423
3466 5 1 1 6397 6390 6389 6396 6418 6411 6410 6417
3467 5 1 1 6404 6397 6396 6403 6425 6418 6417 6424
3468 5 1 1 6413 6406 6405 6412 6434 6427 6426 6433
3469 5 1 1 6420 6413 6412 6419 6441 6434 6433 6440
3470 5 1 1 6414 6407 6406 6413 6435 6428 6427 6434
3471 5 1 1 6421 6414 6413 6420 6442 6435 6434 6441
3472 5 1 1 6415 6408 6407 6414 6436 6429 6428 6435
3473 5 1 1 6422 6415 6414 6421 6443 6436 6435 6442
3474 5 1 1 6416 6409 6408 6415 6437 6430 6429 6436
3475 5 1 1 6423 6416 6415 6422 6444 6437 6436 6443
3476 5 1 1 6417 6410 6409 6416 6438 6431 6430 6437
3477 5 1 1 6424 6417 6416 6423 6445 6438 6437 6444
3478 5 1 1 6418 6411 6410 6417 6439 6432 6431 6438
3479 5 1 1 6425 6418 6417 6424 6446 6439 6438 6445
3480 5 1 1 6434 6427 6426 6433 6455 6448 6447 6454
3481 5 1 1 6441 6434 6433 6440 6462 6455 6454 6461
3482 5 1 1 6435 6428 6427 6434 6456 6449 6448 6455
3483 5 1 1 6442 6435 6434 6441 6463 6456 6455 6462
3484 5 1 1 6436 6429 6428 6435 6457 6450 6449 6456
3485 5 1 1 6443 6436 6435 6442 6464 6457 6456 6463
3486 5 1 1 6437 6430 6429 6436 6458 6451 6450 6457
3487 5 1 1 6444 6437 6436 6443 6465 6458 6457 6464
3488 5 1 1 6438 6431 6430 6437 6459 6452 6451 6458
3489 5 1 1 6445 6438 6437 6444 6466 6459 6458 6465
3490 5 1 1 6439 6432 6431 6438 6460 6453 6452 6459
3491 5 1 1 6446 6439 6438 6445 6467 6460 6459 6466
3492 5 1 1 6455 6448 6447 6454 6476 6469 6468 6475
3493 5 1 1 6462 6455 6454 6461 6483 6476 6475 6482
3494 5 1 1 6456 6449 6448 6455 6477 6470 6469 6476
3495 5 1 1 6463 6456 6455 6462 6484 6477 6476 6483
3496 5 1 1 6457 6450 6449 6456 6478 6471 6470 6477
3497 5 1 1 6464 6457 6456 6463 6485 6478 6477 6484
3498 5 1 1 6458 6451 6450 6457 6479 6472 6471 6478
3499 5 1 1 6465 6458 6457 6464 6486 6479 6478 6485
3500 5 1 1 6459 6452 6451 6458 6480 6473 6472 6479
3501 5 1 1 6466 6459 6458 6465 6487 6480 6479 6486
3502 5 1 1 6460 6453 6452 6459 6481 6474 6473 6480
3503 5 1 1 6467 6460 6459 6466 6488 6481 6480 6487
3504 5 1 1 6476 6469 6468 6475 6497 6490 6489 6496
3505 5 1 1 6483 6476 6475 6482 6504 6497 6496 6503
3506 5 1 1 6477 6470 6469 6476 6498 6491 6490 6497
3507 5 1 1 6484 6477 6476 6483 6505 6498 6497 6504
3508 5 1 1 6478 6471 6470 6477 6499 6492 6491 6498
3509 5 1 1 6485 6478 6477 6484 6506 6499 6498 6505
3510 5 1 1 6479 6472 6471 6478 6500 6493 6492 6499
3511 5 1 1 6486 6479 6478 6485 6507 6500 6499 6506
3512 5 1 1 6480 6473 6472 6479 6501 6494 6493 6500
3513 5 1 1 6487 6480 6479 6486 6508 6501 6500 6507
3514 5 1 1 6481 6474 6473 6480 6502 6495 6494 6501
3515 5 1 1 6488 6481 6480 6487 6509 6502 6501 6508
3516 5 1 1 6497 6490 6489 6496 6518 6511 6510 6517
3517 5 1 1 6504 6497 6496 6503 6525 6518 6517 6524
3518 5 1 1 6498 6491 6490 6497 6519 6512 6511 6518
3519 5 1 1 6505 6498 6497 6504 6526 6519 6518 6525
3520 5 1 1 6499 6492 6491 6498 6520 6513 6512 6519
3521 5 1 1 6506 6499 6498 6505 6527 6520 6519 6526
3522 5 1 1 6500 6493 6492 6499 6521 6514 6513 6520
3523 5 1 1 6507 6500 6499 6506 6528 6521 6520 6527
3524 5 1 1 6501 6494 6493 6500 6522 6515 6514 6521
3525 5 1 1 6508 6501 6500 6507 6529 6522 6521 6528
3526 5 1 1 6502 6495 6494 6501 6523 6516 6515 6522
3527 5 1 1 6509 6502 6501 6508 6530 6523 6522 6529
3528 5 1 1 6518 6511 6510 6517 6539 6532 6531 6538
3529 5 1 1 6525 6518 6517 6524 6546 6539 6538 6545
3530 5 1 1 6519 6512 6511 6518 6540 6533 6532 6539
3531 5 1 1 6526 6519 6518 6525 6547 6540 6539 6546
3532 5 1 1 6520 6513 6512 6519 6541 6534 6533 6540
3533 5 1 1 6527 6520 6519 6526 6548 6541 6540 6547
3534 5 1 1 6521 6514 6513 6520 6542 6535 6534 6541
3535 5 1 1 6528 6521 6520 6527 6549 6542 6541 6548
3536 5 1 1 6522 6515 6514 6521 6543 6536 6535 6542
3537 5 1 1 6529 6522 6521 6528 6550 6543 6542 6549
3538 5 1 1 6523 6516 6515 6522 6544 6537 6536 6543
3539 5 1 1 6530 6523 6522 6529 6551 6544 6543 6550
3540 5 1 1 6539 6532 6531 6538 6560 6553 6552 6559
3541 5 1 1 6546 6539 6538 6545 6567 6560 6559 6566
3542 5 1 1 6540 6533 6532 6539 6561 6554 6553 6560
3543 5 1 1 6547 6540 6539 6546 6568 6561 6560 6567
3544 5 1 1 6541 6534 6533 6540 6562 6555 6554 6561
3545 5 1 1 6548 6541 6540 6547 6569 6562 6561 6568
3546 5 1 1 6542 6535 6534 6541 6563 6556 6555 6562
3547 5 1 1 6549 6542 6541 6548 6570 6563 6562 6569
3548 5 1 1 6543 6536 6535 6542 6564 6557 6556 6563
3549 5 1 1 6550 6543 6542 6549 6571 6564 6563 6570
3550 5 1 1 6544 6537 6536 6543 6565 6558 6557 6564
3551 5 1 1 6551 6544 6543 6550 6572 6565 6564 6571
3552 5 1 1 6560 6553 6552 6559 6581 6574 6573 6580
3553 5 1 1 6567 6560 6559 6566 6588 6581 6580 6587
3554 5 1 1 6561 6554 6553 6560 6582 6575 6574 6581
3555 5 1 1 6568 6561 6560 6567 6589 6582 6581 6588
3556 5 1 1 6562 6555 6554 6561 6583 6576 6575 6582
3557 5 1 1 6569 6562 6561 6568 6590 6583 6582 6589
3558 5 1 1 6563 6556 6555 6562 6584 6577 6576 6583
3559 5 1 1 6570 6563 6562 6569 6591 6584 6583 6590
3560 5 1 1 6564 6557 6556 6563 6585 6578 6577 6584
3561 5 1 1 6571 6564 6563 6570 6592 6585 6584 6591
3562 5 1 1 6565 6558 6557 6564 6586 6579 6578 6585
3563 5 1 1 6572 6565 6564 6571 6593 6586 6585 6592
3564 5 1 1 6581 6574 6573 6580 6602 6595 6594 6601
3565 5 1 1 6588 6581 6580 6587 6609 6602 6601 6608
3566 5 1 1 6582 6575 6574 6581 6603 6596 6595 6602
3567 5 1 1 6589 6582 6581 6588 6610 6603 6602 6609
3568 5 1 1 6583 6576 6575 6582 6604 6597 6596 6603
3569 5 1 1 6590 6583 6582 6589 6611 6604 6603 6610
3570 5 1 1 6584 6577 6576 6583 6605 6598 6597 6604
3571 5 1 1 6591 6584 6583 6590 6612 6605 6604 6611
3572 5 1 1 6585 6578 6577 6584 6606 6599 6598 6605
3573 5 1 1 6592 6585 6584 6591 6613 6606 6605 6612
3574 5 1 1 6586 6579 6578 6585 6607 6600 6599 6606
3575 5 1 1 6593 6586 6585 6592 6614 6607 6606 6613
3576 5 1 1 6602 6595 6594 6601 6623 6616 6615 6622
3577 5 1 1 6609 6602 6601 6608 6630 6623 6622 6629
3578 5 1 1 6603 6596 6595 6602 6624 6617 6616 6623
3579 5 1 1 6610 6603 6602 6609 6631 6624 6623 6630
3580 5 1 1 6604 6597 6596 6603 6625 6618 6617 6624
3581 5 1 1 6611 6604 6603 6610 6632 6625 6624 6631
3582 5 1 1 6605 6598 6597 6604 6626 6619 6618 6625
3583 5 1 1 6612 6605 6604 6611 6633 6626 6625 6632
3584 5 1 1 6606 6599 6598 6605 6627 6620 6619 6626
3585 5 1 1 6613 6606 6605 6612 6634 6627 6626 6633
3586 5 1 1 6607 6600 6599 6606 6628 6621 6620 6627
3587 5 1 1 6614 6607 6606 6613 6635 6628 6627 6634
3588 5 1 1 6623 6616 6615 6622 6644 6637 6636 6643
3589 5 1 1 6630 6623 6622 6629 6651 6644 6643 6650
3590 5 1 1 6624 6617 6616 6623 6645 6638 6637 6644
3591 5 1 1 6631 6624 6623 6630 6652 6645 6644 6651
3592 5 1 1 6625 6618 6617 6624 6646 6639 6638 6645
3593 5 1 1 6632 6625 6624 6631 6653 6646 6645 6652
3594 5 1 1 6626 6619 6618 6625 6647 6640 6639 6646
3595 5 1 1 6633 6626 6625 6632 6654 6647 6646 6653
3596 5 1 1 6627 6620 6619 6626 6648 6641 6640 6647
3597 5 1 1 6634 6627 6626 6633 6655 6648 6647 6654
3598 5 1 1 6628 6621 6620 6627 6649 6642 6641 6648
3599 5 1 1 6635 6628 6627 6634 6656 6649 6648 6655
3600 5 1 1 6644 6637 6636 6643 6665 6658 6657 6664
3601 5 1 1 6651 6644 6643 6650 6672 6665 6664 6671
3602 5 1 1 6645 6638 6637 6644 6666 6659 6658 6665
3603 5 1 1 6652 6645 6644 6651 6673 6666 6665 6672
3604 5 1 1 6646 6639 6638 6645 6667 6660 6659 6666
3605 5 1 1 6653 6646 6645 6652 6674 6667 6666 6673
3606 5 1 1 6647 6640 6639 6646 6668 6661 6660 6667
3607 5 1 1 6654 6647 6646 6653 6675 6668 6667 6674
3608 5 1 1 6648 6641 6640 6647 6669 6662 6661 6668
3609 5 1 1 6655 6648 6647 6654 6676 6669 6668 6675
3610 5 1 1 6649 6642 6641 6648 6670 6663 6662 6669
3611 5 1 1 6656 6649 6648 6655 6677 6670 6669 6676
3612 5 1 1 6665 6658 6657 6664 6686 6679 6678 6685
3613 5 1 1 6672 6665 6664 6671 6693 6686 6685 6692
3614 5 1 1 6666 6659 6658 6665 6687 6680 6679 6686
3615 5 1 1 6673 6666 6665 6672 6694 6687 6686 6693
3616 5 1 1 6667 6660 6659 6666 6688 6681 6680 6687
3617 5 1 1 6674 6667 6666 6673 6695 6688 6687 6694
3618 5 1 1 6668 6661 6660 6667 6689 6682 6681 6688
3619 5 1 1 6675 6668 6667 6674 6696 6689 6688 6695
3620 5 1 1 6669 6662 6661 6668 6690 6683 6682 6689
3621 5 1 1 6676 6669 6668 6675 6697 6690 6689 6696
3622 5 1 1 6670 6663 6662 6669 6691 6684 6683 6690
3623 5 1 1 6677 6670 6669 6676 6698 6691 6690 6697
3624 5 1 1 6686 6679 6678 6685 6707 6700 6699 6706
3625 5 1 1 6693 6686 6685 6692 6714 6707 6706 6713
3626 5 1 1 6687 6680 6679 6686 6708 6701 6700 6707
3627 5 1 1 6694 6687 6686 6693 6715 6708 6707 6714
3628 5 1 1 6688 6681 6680 6687 6709 6702 6701 6708
3629 5 1 1 6695 6688 6687 6694 6716 6709 6708 6715
3630 5 1 1 6689 6682 6681 6688 6710 6703 6702 6709
3631 5 1 1 6696 6689 6688 6695 6717 6710 6709 6716
3632 5 1 1 6690 6683 6682 6689 6711 6704 6703 6710
3633 5 1 1 6697 6690 6689 6696 6718 6711 6710 6717
3634 5 1 1 6691 6684 6683 6690 6712 6705 6704 6711
3635 5 1 1 6698 6691 6690 6697 6719 6712 6711 6718
3636 5 1 1 6707 6700 6699 6706 6728 6721 6720 6727
3637 5 1 1 6714 6707 6706 6713 6735 6728 6727 6734
3638 5 1 1 6708 6701 6700 6707 6729 6722 6721 6728
3639 5 1 1 6715 6708 6707 6714 6736 6729 6728 6735
3640 5 1 1 6709 6702 6701 6708 6730 6723 6722 6729
3641 5 1 1 6716 6709 6708 6715 6737 6730 6729 6736
3642 5 1 1 6710 6703 6702 6709 6731 6724 6723 6730
3643 5 1 1 6717 6710 6709 6716 6738 6731 6730 6737
3644 5 1 1 6711 6704 6703 6710 6732 6725 6724 6731
3645 5 1 1 6718 6711 6710 6717 6739 6732 6731 6738
3646 5 1 1 6712 6705 6704 6711 6733 6726 6725 6732
3647 5 1 1 6719 6712 6711 6718 6740 6733 6732 6739
3648 5 1 1 6728 6721 6720 6727 6749 6742 6741 6748
3649 5 1 1 6735 6728 6727 6734 6756 6749 6748 6755
3650 5 1 1 6729 6722 6721 6728 6750 6743 6742 6749
3651 5 1 1 6736 6729 6728 6735 6757 6750 6749 6756
3652 5 1 1 6730 6723 6722 6729 6751 6744 6743 6750
3653 5 1 1 6737 6730 6729 6736 6758 6751 6750 6757
3654 5 1 1 6731 6724 6723 6730 6752 6745 6744 6751
3655 5 1 1 6738 6731 6730 6737 6759 6752 6751 6758
3656 5 1 1 6732 6725 6724 6731 6753 6746 6745 6752
3657 5 1 1 6739 6732 6731 6738 6760 6753 6752 6759
3658 5 1 1 6733 6726 6725 6732 6754 6747 6746 6753
3659 5 1 1 6740 6733 6732 6739 6761 6754 6753 6760
3660 5 1 1 6749 6742 6741 6748 6770 6763 6762 6769
3661 5 1 1 6756 6749 6748 6755 6777 6770 6769 6776
3662 5 1 1 6750 6743 6742 6749 6771 6764 6763 6770
3663 5 1 1 6757 6750 6749 6756 6778 6771 6770 6777
3664 5 1 1 6751 6744 6743 6750 6772 6765 6764 6771
3665 5 1 1 6758 6751 6750 6757 6779 6772 6771 6778
3666 5 1 1 6752 6745 6744 6751 6773 6766 6765 6772
3667 5 1 1 6759 6752 6751 6758 6780 6773 6772 6779
3668 5 1 1 6753 6746 6745 6752 6774 6767 6766 6773
3669 5 1 1 6760 6753 6752 6759 6781 6774 6773 6780
3670 5 1 1 6754 6747 6746 6753 6775 6768 6767 6774
3671 5 1 1 6761 6754 6753 6760 6782 6775 6774 6781
3672 5 1 1 6791 6784 6783 6790 6812 6805 6804 6811
3673 5 1 1 6798 6791 6790 6797 6819 6812 6811 6818
3674 5 1 1 6792 6785 6784 6791 6813 6806 6805 6812
3675 5 1 1 6799 6792 6791 6798 6820 6813 6812 6819
3676 5 1 1 6793 6786 6785 6792 6814 6807 6806 6813
3677 5 1 1 6800 6793 6792 6799 6821 6814 6813 6820
3678 5 1 1 6794 6787 6786 6793 6815 6808 6807 6814
3679 5 1 1 6801 6794 6793 6800 6822 6815 6814 6821
3680 5 1 1 6795 6788 6787 6794 6816 6809 6808 6815
3681 5 1 1 6802 6795 6794 6801 6823 6816 6815 6822
3682 5 1 1 6796 6789 6788 6795 6817 6810 6809 6816
3683 5 1 1 6803 6796 6795 6802 6824 6817 6816 6823
3684 5 1 1 6812 6805 6804 6811 6833 6826 6825 6832
3685 5 1 1 6819 6812 6811 6818 6840 6833 6832 6839
3686 5 1 1 6813 6806 6805 6812 6834 6827 6826 6833
3687 5 1 1 6820 6813 6812 6819 6841 6834 6833 6840
3688 5 1 1 6814 6807 6806 6813 6835 6828 6827 6834
3689 5 1 1 6821 6814 6813 6820 6842 6835 6834 6841
3690 5 1 1 6815 6808 6807 6814 6836 6829 6828 6835
3691 5 1 1 6822 6815 6814 6821 6843 6836 6835 6842
3692 5 1 1 6816 6809 6808 6815 6837 6830 6829 6836
3693 5 1 1 6823 6816 6815 6822 6844 6837 6836 6843
3694 5 1 1 6817 6810 6809 6816 6838 6831 6830 6837
3695 5 1 1 6824 6817 6816 6823 6845 6838 6837 6844
3696 5 1 1 6833 6826 6825 6832 6854 6847 6846 6853
3697 5 1 1 6840 6833 6832 6839 6861 6854 6853 6860
3698 5 1 1 6834 6827 6826 6833 6855 6848 6847 6854
3699 5 1 1 6841 6834 6833 6840 6862 6855 6854 6861
3700 5 1 1 6835 6828 6827 6834 6856 6849 6848 6855
3701 5 1 1 6842 6835 6834 6841 6863 6856 6855 6862
3702 5 1 1 6836 6829 6828 6835 6857 6850 6849 6856
3703 5 1 1 6843 6836 6835 6842 6864 6857 6856 6863
3704 5 1 1 6837 6830 6829 6836 6858 6851 6850 6857
3705 5 1 1 6844 6837 6836 6843 6865 6858 6857 6864
3706 5 1 1 6838 6831 6830 6837 6859 6852 6851 6858
3707 5 1 1 6845 6838 6837 6844 6866 6859 6858 6865
3708 5 1 1 6854 6847 6846 6853 6875 6868 6867 6874
3709 5 1 1 6861 6854 6853 6860 6882 6875 6874 6881
3710 5 1 1 6855 6848 6847 6854 6876 6869 6868 6875
3711 5 1 1 6862 6855 6854 6861 6883 6876 6875 6882
3712 5 1 1 6856 6849 6848 6855 6877 6870 6869 6876
3713 5 1 1 6863 6856 6855 6862 6884 6877 6876 6883
3714 5 1 1 6857 6850 6849 6856 6878 6871 6870 6877
3715 5 1 1 6864 6857 6856 6863 6885 6878 6877 6884
3716 5 1 1 6858 6851 6850 6857 6879 6872 6871 6878
3717 5 1 1 6865 6858 6857 6864 6886 6879 6878 6885
3718 5 1 1 6859 6852 6851 6858 6880 6873 6872 6879
3719 5 1 1 6866 6859 6858 6865 6887 6880 6879 6886
3720 5 1 1 6875 6868 6867 6874 6896 6889 6888 6895
3721 5 1 1 6882 6875 6874 6881 6903 6896 6895 6902
3722 5 1 1 6876 6869 6868 6875 6897 6890 6889 6896
3723 5 1 1 6883 6876 6875 6882 6904 6897 6896 6903
3724 5 1 1 6877 6870 6869 6876 6898 6891 6890 6897
3725 5 1 1 6884 6877 6876 6883 6905 6898 6897 6904
3726 5 1 1 6878 6871 6870 6877 6899 6892 6891 6898
3727 5 1 1 6885 6878 6877 6884 6906 6899 6898 6905
3728 5 1 1 6879 6872 6871 6878 6900 6893 6892 6899
3729 5 1 1 6886 6879 6878 6885 6907 6900 6899 6906
3730 5 1 1 6880 6873 6872 6879 6901 6894 6893 6900
3731 5 1 1 6887 6880 6879 6886 6908 6901 6900 6907
3732 5 1 1 6896 6889 6888 6895 6917 6910 6909 6916
3733 5 1 1 6903 6896 6895 6902 6924 6917 6916 6923
3734 5 1 1 6897 6890 6889 6896 6918 6911 6910 6917
3735 5 1 1 6904 6897 6896 6903 6925 6918 6917 6924
3736 5 1 1 6898 6891 6890 6897 6919 6912 6911 6918
3737 5 1 1 6905 6898 6897 6904 6926 6919 6918 6925
3738 5 1 1 6899 6892 6891 6898 6920 6913 6912 6919
3739 5 1 1 6906 6899 6898 6905 6927 6920 6919 6926
3740 5 1 1 6900 6893 6892 6899 6921 6914 6913 6920
3741 5 1 1 6907 6900 6899 6906 6928 6921 6920 6927
3742 5 1 1 6901 6894 6893 6900 6922 6915 6914 6921
3743 5 1 1 6908 6901 6900 6907 6929 6922 6921 6928
3744 5 1 1 6917 6910 6909 6916 6938 6931 6930 6937
3745 5 1 1 6924 6917 6916 6923 6945 6938 6937 6944
3746 5 1 1 6918 6911 6910 6917 6939 6932 6931 6938
3747 5 1 1 6925 6918 6917 6924 6946 6939 6938 6945
3748 5 1 1 6919 6912 6911 6918 6940 6933 6932 6939
3749 5 1 1 6926 6919 6918 6925 6947 6940 6939 6946
3750 5 1 1 6920 6913 6912 6919 6941 6934 6933 6940
3751 5 1 1 6927 6920 6919 6926 6948 6941 6940 6947
3752 5 1 1 6921 6914 6913 6920 6942 6935 6934 6941
3753 5 1 1 6928 6921 6920 6927 6949 6942 6941 6948
3754 5 1 1 6922 6915 6914 6921 6943 6936 6935 6942
3755 5 1 1 6929 6922 6921 6928 6950 6943 6942 6949
3756 5 1 1 6938 6931 6930 6937 6959 6952 6951 6958
3757 5 1 1 6945 6938 6937 6944 6966 6959 6958 6965
3758 5 1 1 6939 6932 6931 6938 6960 6953 6952 6959
3759 5 1 1 6946 6939 6938 6945 6967 6960 6959 6966
3760 5 1 1 6940 6933 6932 6939 6961 6954 6953 6960
3761 5 1 1 6947 6940 6939 6946 6968 6961 6960 6967
3762 5 1 1 6941 6934 6933 6940 6962 6955 6954 6961
3763 5 1 1 6948 6941 6940 6947 6969 6962 6961 6968
3764 5 1 1 6942 6935 6934 6941 6963 6956 6955 6962
3765 5 1 1 6949 6942 6941 6948 6970 6963 6962 6969
3766 5 1 1 6943 6936 6935 6942 6964 6957 6956 6963
3767 5 1 1 6950 6943 6942 6949 6971 6964 6963 6970
3768 5 1 1 6959 6952 6951 6958 6980 6973 6972 6979
3769 5 1 1 6966 6959 6958 6965 6987 6980 6979 6986
3770 5 1 1 6960 6953 6952 6959 6981 6974 6973 6980
3771 5 1 1 6967 6960 6959 6966 6988 6981 6980 6987
3772 5 1 1 6961 6954 6953 6960 6982 6975 6974 6981
3773 5 1 1 6968 6961 6960 6967 6989 6982 6981 6988
3774 5 1 1 6962 6955 6954 6961 6983 6976 6975 6982
3775 5 1 1 6969 6962 6961 6968 6990 6983 6982 6989
3776 5 1 1 6963 6956 6955 6962 6984 6977 6976 6983
3777 5 1 1 6970 6963 6962 6969 6991 6984 6983 6990
3778 5 1 1 6964 6957 6956 6963 6985 6978 6977 6984
3779 5 1 1 6971 6964 6963 6970 6992 6985 6984 6991
3780 5 1 1 6980 6973 6972 6979 7001 6994 6993 7000
3781 5 1 1 6987 6980 6979 6986 7008 7001 7000 7007
3782 5 1 1 6981 6974 6973 6980 7002 6995 6994 7001
3783 5 1 1 6988 6981 6980 6987 7009 7002 7001 7008
3784 5 1 1 6982 6975 6974 6981 7003 6996 6995 7002
3785 5 1 1 6989 6982 6981 6988 7010 7003 7002 7009
3786 5 1 1 6983 6976 6975 6982 7004 6997 6996 7003
3787 5 1 1 6990 6983 6982 6989 7011 7004 7003 7010
3788 5 1 1 6984 6977 6976 6983 7005 6998 6997 7004
3789 5 1 1 6991 6984 6983 6990 7012 7005 7004 7011
3790 5 1 1 6985 6978 6977 6984 7006 6999 6998 7005
3791 5 1 1 6992 6985 6984 6991 7013 7006 7005 7012
3792 5 1 1 7001 6994 6993 7000 7022 7015 7014 7021
3793 5 1 1 7008 7001 7000 7007 7029 7022 7021 7028
3794 5 1 1 7002 6995 6994 7001 7023 7016 7015 7022
3795 5 1 1 7009 7002 7001 7008 7030 7023 7022 7029
3796 5 1 1 7003 6996 6995 7002 7024 7017 7016 7023
3797 5 1 1 7010 7003 7002 7009 7031 7024 7023 7030
3798 5 1 1 7004 6997 6996 7003 7025 7018 7017 7024
3799 5 1 1 7011 7004 7003 7010 7032 7025 7024 7031
3800 5 1 1 7005 6998 6997 7004 7026 7019 7018 7025
3801 5 1 1 7012 7005 7004 7011 7033 7026 7025 7032
3802 5 1 1 7006 6999 6998 7005 7027 7020 7019 7026
3803 5 1 1 7013 7006 7005 7012 7034 7027 7026 7033
3804 5 1 1 7022 7015 7014 7021 7043 7036 7035 7042
3805 5 1 1 7029 7022 7021 7028 7050 7043 7042 7049
3806 5 1 1 7023 7016 7015 7022 7044 7037 7036 7043
3807 5 1 1 7030 7023 7022 7029 7051 7044 7043 7050
3808 5 1 1 7024 7017 7016 7023 7045 7038 7037 7044
3809 5 1 1 7031 7024 7023 7030 7052 7045 7044 7051
3810 5 1 1 7025 7018 7017 7024 7046 7039 7038 7045
3811 5 1 1 7032 7025 7024 7031 7053 7046 7045 7052
3812 5 1 1 7026 7019 7018 7025 7047 7040 7039 7046
3813 5 1 1 7033 7026 7025 7032 7054 7047 7046 7053
3814 5 1 1 7027 7020 7019 7026 7048 7041 7040 7047
3815 5 1 1 7034 7027 7026 7033 7055 7048 7047 7054
3816 5 1 1 7043 7036 7035 7042 7064 7057 7056 7063
3817 5 1 1 7050 7043 7042 7049 7071 7064 7063 7070
3818 5 1 1 7044 7037 7036 7043 7065 7058 7057 7064
3819 5 1 1 7051 7044 7043 7050 7072 7065 7064 7071
3820 5 1 1 7045 7038 7037 7044 7066 7059 7058 7065
3821 5 1 1 7052 7045 7044 7051 7073 7066 7065 7072
3822 5 1 1 7046 7039 7038 7045 7067 7060 7059 7066
3823 5 1 1 7053 7046 7045 7052 7074 7067 7066 7073
3824 5 1 1 7047 7040 7039 7046 7068 7061 7060 7067
3825 5 1 1 7054 7047 7046 7053 7075 7068 7067 7074
3826 5 1 1 7048 7041 7040 7047 7069 7062 7061 7068
3827 5 1 1 7055 7048 7047 7054 7076 7069 7068 7075
3828 5 1 1 7064 7057 7056 7063 7085 7078 7077 7084
3829 5 1 1 7071 7064 7063 7070 7092 7085 7084 7091
3830 5 1 1 7065 7058 7057 7064 7086 7079 7078 7085
3831 5 1 1 7072 7065 7064 7071 7093 7086 7085 7092
3832 5 1 1 7066 7059 7058 7065 7087 7080 7079 7086
3833 5 1 1 7073 7066 7065 7072 7094 7087 7086 7093
3834 5 1 1 7067 7060 7059 7066 7088 7081 7080 7087
3835 5 1 1 7074 7067 7066 7073 7095 7088 7087 7094
3836 5 1 1 7068 7061 7060 7067 7089 7082 7081 7088
3837 5 1 1 7075 7068 7067 7074 7096 7089 7088 7095
3838 5 1 1 7069 7062 7061 7068 7090 7083 7082 7089
3839 5 1 1 7076 7069 7068 7075 7097 7090 7089 7096
3840 5 1 1 7085 7078 7077 7084 7106 7099 7098 7105
3841 5 1 1 7092 7085 7084 7091 7113 7106 7105 7112
3842 5 1 1 7086 7079 7078 7085 7107 7100 7099 7106
3843 5 1 1 7093 7086 7085 7092 7114 7107 7106 7113
3844 5 1 1 7087 7080 7079 7086 7108 7101 7100 7107
3845 5 1 1 7094 7087 7086 7093 7115 7108 7107 7114
3846 5 1 1 7088 7081 7080 7087 7109 7102 7101 7108
3847 5 1 1 7095 7088 7087 7094 7116 7109 7108 7115
3848 5 1 1 7089 7082 7081 7088 7110 7103 7102 7109
3849 5 1 1 7096 7089 7088 7095 7117 7110 7109 7116
3850 5 1 1 7090 7083 7082 7089 7111 7104 7103 7110
3851 5 1 1 7097 7090 7089 7096 7118 7111 7110 7117
3852 5 1 1 7106 7099 7098 7105 7127 7120 7119 7126
3853 5 1 1 7113 7106 7105 7112 7134 7127 7126 7133
3854 5 1 1 7107 7100 7099 7106 7128 7121 7120 7127
3855 5 1 1 7114 7107 7106 7113 7135 7128 7127 7134
3856 5 1 1 7108 7101 7100 7107 7129 7122 7121 7128
3857 5 1 1 7115 7108 7107 7114 7136 7129 7128 7135
3858 5 1 1 7109 7102 7101 7108 7130 7123 7122 7129
3859 5 1 1 7116 7109 7108 7115 7137 7130 7129 7136
3860 5 1 1 7110 7103 7102 7109 7131 7124 7123 7130
3861 5 1 1 7117 7110 7109 7116 7138 7131 7130 7137
3862 5 1 1 7111 7104 7103 7110 7132 7125 7124 7131
3863 5 1 1 7118 7111 7110 7117 7139 7132 7131 7138
3864 5 1 1 7127 7120 7119 7126 7148 7141 7140 7147
3865 5 1 1 7134 7127 7126 7133 7155 7148 7147 7154
3866 5 1 1 7128 7121 7120 7127 7149 7142 7141 7148
3867 5 1 1 7135 7128 7127 7134 7156 7149 7148 7155
3868 5 1 1 7129 7122 7121 7128 7150 7143 7142 7149
3869 5 1 1 7136 7129 7128 7135 7157 7150 7149 7156
3870 5 1 1 7130 7123 7122 7129 7151 7144 7143 7150
3871 5 1 1 7137 7130 7129 7136 7158 7151 7150 7157
3872 5 1 1 7131 7124 7123 7130 7152 7145 7144 7151
3873 5 1 1 7138 7131 7130 7137 7159 7152 7151 7158
3874 5 1 1 7132 7125 7124 7131 7153 7146 7145 7152
3875 5 1 1 7139 7132 7131 7138 7160 7153 7152 7159
3876 5 1 1 7148 7141 7140 7147 7169 7162 7161 7168
3877 5 1 1 7155 7148 7147 7154 7176 7169 7168 7175
3878 5 1 1 7149 7142 7141 7148 7170 7163 7162 7169
3879 5 1 1 7156 7149 7148 7155 7177 7170 7169 7176
3880 5 1 1 7150 7143 7142 7149 7171 7164 7163 7170
3881 5 1 1 7157 7150 7149 7156 7178 7171 7170 7177
3882 5 1 1 7151 7144 7143 7150 7172 7165 7164 7171
3883 5 1 1 7158 7151 7150 7157 7179 7172 7171 7178
3884 5 1 1 7152 7145 7144 7151 7173 7166 7165 7172
3885 5 1 1 7159 7152 7151 7158 7180 7173 7172 7179
3886 5 1 1 7153 7146 7145 7152 7174 7167 7166 7173
3887 5 1 1 7160 7153 7152 7159 7181 7174 7173 7180
3888 5 1 1 7190 7183 7182 7189 7211 7204 7203 7210
3889 5 1 1 7197 7190 7189 7196 7218 7211 7210 7217
3890 5 1 1 7191 7184 7183 7190 7212 7205 7204 7211
3891 5 1 1 7198 7191 7190 7197 7219 7212 7211 7218
3892 5 1 1 7192 7185 7184 7191 7213 7206 7205 7212
3893 5 1 1 7199 7192 7191 7198 7220 7213 7212 7219
3894 5 1 1 7193 7186 7185 7192 7214 7207 7206 7213
3895 5 1 1 7200 7193 7192 7199 7221 7214 7213 7220
3896 5 1 1 7194 7187 7186 7193 7215 7208 7207 7214
3897 5 1 1 7201 7194 7193 7200 7222 7215 7214 7221
3898 5 1 1 7195 7188 7187 7194 7216 7209 7208 7215
3899 5 1 1 7202 7195 7194 7201 7223 7216 7215 7222
3900 5 1 1 7211 7204 7203 7210 7232 7225 7224 7231
3901 5 1 1 7218 7211 7210 7217 7239 7232 7231 7238
3902 5 1 1 7212 7205 7204 7211 7233 7226 7225 7232
3903 5 1 1 7219 7212 7211 7218 7240 7233 7232 7239
3904 5 1 1 7213 7206 7205 7212 7234 7227 7226 7233
3905 5 1 1 7220 7213 7212 7219 7241 7234 7233 7240
3906 5 1 1 7214 7207 7206 7213 7235 7228 7227 7234
3907 5 1 1 7221 7214 7213 7220 7242 7235 7234 7241
3908 5 1 1 7215 7208 7207 7214 7236 7229 7228 7235
3909 5 1 1 7222 7215 7214 7221 7243 7236 7235 7242
3910 5 1 1 7216 7209 7208 7215 7237 7230 7229 7236
3911 5 1 1 7223 7216 7215 7222 7244 7237 7236 7243
3912 5 1 1 7232 7225 7224 7231 7253 7246 7245 7252
3913 5 1 1 7239 7232 7231 7238 7260 7253 7252 7259
3914 5 1 1 7233 7226 7225 7232 7254 7247 7246 7253
3915 5 1 1 7240 7233 7232 7239 7261 7254 7253 7260
3916 5 1 1 7234 7227 7226 7233 7255 7248 7247 7254
3917 5 1 1 7241 7234 7233 7240 7262 7255 7254 7261
3918 5 1 1 7235 7228 7227 7234 7256 7249 7248 7255
3919 5 1 1 7242 7235 7234 7241 7263 7256 7255 7262
3920 5 1 1 7236 7229 7228 7235 7257 7250 7249 7256
3921 5 1 1 7243 7236 7235 7242 7264 7257 7256 7263
3922 5 1 1 7237 7230 7229 7236 7258 7251 7250 7257
3923 5 1 1 7244 7237 7236 7243 7265 7258 7257 7264
3924 5 1 1 7253 7246 7245 7252 7274 7267 7266 7273
3925 5 1 1 7260 7253 7252 7259 7281 7274 7273 7280
3926 5 1 1 7254 7247 7246 7253 7275 7268 7267 7274
3927 5 1 1 7261 7254 7253 7260 7282 7275 7274 7281
3928 5 1 1 7255 7248 7247 7254 7276 7269 7268 7275
3929 5 1 1 7262 7255 7254 7261 7283 7276 7275 7282
3930 5 1 1 7256 7249 7248 7255 7277 7270 7269 7276
3931 5 1 1 7263 7256 7255 7262 7284 7277 7276 7283
3932 5 1 1 7257 7250 7249 7256 7278 7271 7270 7277
3933 5 1 1 7264 7257 7256 7263 7285 7278 7277 7284
3934 5 1 1 7258 7251 7250 7257 7279 7272 7271 7278
3935 5 1 1 7265 7258 7257 7264 7286 7279 7278 7285
3936 5 1 1 7274 7267 7266 7273 7295 7288 7287 7294
3937 5 1 1 7281 7274 7273 7280 7302 7295 7294 7301
3938 5 1 1 7275 7268 7267 7274 7296 7289 7288 7295
3939 5 1 1 7282 7275 7274 7281 7303 7296 7295 7302
3940 5 1 1 7276 7269 7268 7275 7297 7290 7289 7296
3941 5 1 1 7283 7276 7275 7282 7304 7297 7296 7303
3942 5 1 1 7277 7270 7269 7276 7298 7291 7290 7297
3943 5 1 1 7284 7277 7276 7283 7305 7298 7297 7304
3944 5 1 1 7278 7271 7270 7277 7299 7292 7291 7298
3945 5 1 1 7285 7278 7277 7284 7306 7299 7298 7305
3946 5 1 1 7279 7272 7271 7278 7300 7293 7292 7299
3947 5 1 1 7286 7279 7278 7285 7307 7300 7299 7306
3948 5 1 1 7295 7288 7287 7294 7316 7309 7308 7315
3949 5 1 1 7302 7295 7294 7301 7323 7316 7315 7322
3950 5 1 1 7296 7289 7288 7295 7317 7310 7309 7316
3951 5 1 1 7303 7296 7295 7302 7324 7317 7316 7323
3952 5 1 1 7297 7290 7289 7296 7318 7311 7310 7317
3953 5 1 1 7304 7297 7296 7303 7325 7318 7317 7324
3954 5 1 1 7298 7291 7290 7297 7319 7312 7311 7318
3955 5 1 1 7305 7298 7297 7304 7326 7319 7318 7325
3956 5 1 1 7299 7292 7291 7298 7320 7313 7312 7319
3957 5 1 1 7306 7299 7298 7305 7327 7320 7319 7326
3958 5 1 1 7300 7293 7292 7299 7321 7314 7313 7320
3959 5 1 1 7307 7300 7299 7306 7328 7321 7320 7327
3960 5 1 1 7316 7309 7308 7315 7337 7330 7329 7336
3961 5 1 1 7323 7316 7315 7322 7344 7337 7336 7343
3962 5 1 1 7317 7310 7309 7316 7338 7331 7330 7337
3963 5 1 1 7324 7317 7316 7323 7345 7338 7337 7344
3964 5 1 1 7318 7311 7310 7317 7339 7332 7331 7338
3965 5 1 1 7325 7318 7317 7324 7346 7339 7338 7345
3966 5 1 1 7319 7312 7311 7318 7340 7333 7332 7339
3967 5 1 1 7326 7319 7318 7325 7347 7340 7339 7346
3968 5 1 1 7320 7313 7312 7319 7341 7334 7333 7340
3969 5 1 1 7327 7320 7319 7326 7348 7341 7340 7347
3970 5 1 1 7321 7314 7313 7320 7342 7335 7334 7341
3971 5 1 1 7328 7321 7320 7327 7349 7342 7341 7348
3972 5 1 1 7337 7330 7329 7336 7358 7351 7350 7357
3973 5 1 1 7344 7337 7336 7343 7365 7358 7357 7364
3974 5 1 1 7338 7331 7330 7337 7359 7352 7351 7358
3975 5 1 1 7345 7338 7337 7344 7366 7359 7358 7365
3976 5 1 1 7339 7332 7331 7338 7360 7353 7352 7359
3977 5 1 1 7346 7339 7338 7345 7367 7360 7359 7366
3978 5 1 1 7340 7333 7332 7339 7361 7354 7353 7360
3979 5 1 1 7347 7340 7339 7346 7368 7361 7360 7367
3980 5 1 1 7341 7334 7333 7340 7362 7355 7354 7361
3981 5 1 1 7348 7341 7340 7347 7369 7362 7361 7368
3982 5 1 1 7342 7335 7334 7341 7363 7356 7355 7362
3983 5 1 1 7349 7342 7341 7348 7370 7363 7362 7369
3984 5 1 1 7358 7351 7350 7357 7379 7372 7371 7378
3985 5 1 1 7365 7358 7357 7364 7386 7379 7378 7385
3986 5 1 1 7359 7352 7351 7358 7380 7373 7372 7379
3987 5 1 1 7366 7359 7358 7365 7387 7380 7379 7386
3988 5 1 1 7360 7353 7352 7359 7381 7374 7373 7380
3989 5 1 1 7367 7360 7359 7366 7388 7381 7380 7387
3990 5 1 1 7361 7354 7353 7360 7382 7375 7374 7381
3991 5 1 1 7368 7361 7360 7367 7389 7382 7381 7388
3992 5 1 1 7362 7355 7354 7361 7383 7376 7375 7382
3993 5 1 1 7369 7362 7361 7368 7390 7383 7382 7389
3994 5 1 1 7363 7356 7355 7362 7384 7377 7376 7383
3995 5 1 1 7370 7363 7362 7369 7391 7384 7383 7390
3996 5 1 1 7379 7372 7371 7378 7400 7393 7392 7399
3997 5 1 1 7386 7379 7378 7385 7407 7400 7399 7406
3998 5 1 1 7380 7373 7372 7379 7401 7394 7393 7400
3999 5 1 1 7387 7380 7379 7386 7408 7401 7400 7407
4000 5 1 1 7381 7374 7373 7380 7402 7395 7394 7401
4001 5 1 1 7388 7381 7380 7387 7409 7402 7401 7408
4002 5 1 1 7382 7375 7374 7381 7403 7396 7395 7402
4003 5 1 1 7389 7382 7381 7388 7410 7403 7402 7409
4004 5 1 1 7383 7376 7375 7382 7404 7397 7396 7403
4005 5 1 1 7390 7383 7382 7389 7411 7404 7403 7410
4006 5 1 1 7384 7377 7376 7383 7405 7398 7397 7404
4007 5 1 1 7391 7384 7383 7390 7412 7405 7404 7411
4008 5 1 1 7400 7393 7392 7399 7421 7414 7413 7420
4009 5 1 1 7407 7400 7399 7406 7428 7421 7420 7427
4010 5 1 1 7401 7394 7393 7400 7422 7415 7414 7421
4011 5 1 1 7408 7401 7400 7407 7429 7422 7421 7428
4012 5 1 1 7402 7395 7394 7401 7423 7416 7415 7422
4013 5 1 1 7409 7402 7401 7408 7430 7423 7422 7429
4014 5 1 1 7403 7396 7395 7402 7424 7417 7416 7423
4015 5 1 1 7410 7403 7402 7409 7431 7424 7423 7430
4016 5 1 1 7404 7397 7396 7403 7425 7418 7417 7424
4017 5 1 1 7411 7404 7403 7410 7432 7425 7424 7431
4018 5 1 1 7405 7398 7397 7404 7426 7419 7418 7425
4019 5 1 1 7412 7405 7404 7411 7433 7426 7425 7432
4020 5 1 1 7421 7414 7413 7420 7442 7435 7434 7441
4021 5 1 1 7428 7421 7420 7427 7449 7442 7441 7448
4022 5 1 1 7422 7415 7414 7421 7443 7436 7435 7442
4023 5 1 1 7429 7422 7421 7428 7450 7443 7442 7449
4024 5 1 1 7423 7416 7415 7422 7444 7437 7436 7443
4025 5 1 1 7430 7423 7422 7429 7451 7444 7443 7450
4026 5 1 1 7424 7417 7416 7423 7445 7438 7437 7444
4027 5 1 1 7431 7424 7423 7430 7452 7445 7444 7451
4028 5 1 1 7425 7418 7417 7424 7446 7439 7438 7445
4029 5 1 1 7432 7425 7424 7431 7453 7446 7445 7452
4030 5 1 1 7426 7419 7418 7425 7447 7440 7439 7446
4031 5 1 1 7433 7426 7425 7432 7454 7447 7446 7453
4032 5 1 1 7442 7435 7434 7441 7463 7456 7455 7462
4033 5 1 1 7449 7442 7441 7448 7470 7463 7462 7469
4034 5 1 1 7443 7436 7435 7442 7464 7457 7456 7463
4035 5 1 1 7450 7443 7442 7449 7471 7464 7463 7470
4036 5 1 1 7444 7437 7436 7443 7465 7458 7457 7464
4037 5 1 1 7451 7444 7443 7450 7472 7465 7464 7471
4038 5 1 1 7445 7438 7437 7444 7466 7459 7458 7465
4039 5 1 1 7452 7445 7444 7451 7473 7466 7465 7472
4040 5 1 1 7446 7439 7438 7445 7467 7460 7459 7466
4041 5 1 1 7453 7446 7445 7452 7474 7467 7466 7473
4042 5 1 1 7447 7440 7439 7446 7468 7461 7460 7467
4043 5 1 1 7454 7447 7446 7453 7475 7468 7467 7474
4044 5 1 1 7463 7456 7455 7462 7484 7477 7476 7483
4045 5 1 1 7470 7463 7462 7469 7491 7484 7483 7490
4046 5 1 1 7464 7457 7456 7463 7485 7478 7477 7484
4047 5 1 1 7471 7464 7463 7470 7492 7485 7484 7491
4048 5 1 1 7465 7458 7457 7464 7486 7479 7478 7485
4049 5 1 1 7472 7465 7464 7471 7493 7486 7485 7492
4050 5 1 1 7466 7459 7458 7465 7487 7480 7479 7486
4051 5 1 1 7473 7466 7465 7472 7494 7487 7486 7493
4052 5 1 1 7467 7460 7459 7466 7488 7481 7480 7487
4053 5 1 1 7474 7467 7466 7473 7495 7488 7487 7494
4054 5 1 1 7468 7461 7460 7467 7489 7482 7481 7488
4055 5 1 1 7475 7468 7467 7474 7496 7489 7488 7495
4056 5 1 1 7484 7477 7476 7483 7505 7498 7497 7504
4057 5 1 1 7491 7484 7483 7490 7512 7505 7504 7511
4058 5 1 1 7485 7478 7477 7484 7506 7499 7498 7505
4059 5 1 1 7492 7485 7484 7491 7513 7506 7505 7512
4060 5 1 1 7486 7479 7478 7485 7507 7500 7499 7506
4061 5 1 1 7493 7486 7485 7492 7514 7507 7506 7513
4062 5 1 1 7487 7480 7479 7486 7508 7501 7500 7507
4063 5 1 1 7494 7487 7486 7493 7515 7508 7507 7514
4064 5 1 1 7488 7481 7480 7487 7509 7502 7501 7508
4065 5 1 1 7495 7488 7487 7494 7516 7509 7508 7515
4066 5 1 1 7489 7482 7481 7488 7510 7503 7502 7509
4067 5 1 1 7496 7489 7488 7495 7517 7510 7509 7516
4068 5 1 1 7505 7498 7497 7504 7526 7519 7518 7525
4069 5 1 1 7512 7505 7504 7511 7533 7526 7525 7532
4070 5 1 1 7506 7499 7498 7505 7527 7520 7519 7526
4071 5 1 1 7513 7506 7505 7512 7534 7527 7526 7533
4072 5 1 1 7507 7500 7499 7506 7528 7521 7520 7527
4073 5 1 1 7514 7507 7506 7513 7535 7528 7527 7534
4074 5 1 1 7508 7501 7500 7507 7529 7522 7521 7528
4075 5 1 1 7515 7508 7507 7514 7536 7529 7528 7535
4076 5 1 1 7509 7502 7501 7508 7530 7523 7522 7529
4077 5 1 1 7516 7509 7508 7515 7537 7530 7529 7536
4078 5 1 1 7510 7503 7502 7509 7531 7524 7523 7530
4079 5 1 1 7517 7510 7509 7516 7538 7531 7530 7537
4080 5 1 1 7526 7519 7518 7525 7547 7540 7539 7546
4081 5 1 1 7533 7526 7525 7532 7554 7547 7546 7553
4082 5 1 1 7527 7520 7519 7526 7548 7541 7540 7547
4083 5 1 1 7534 7527 7526 7533 7555 7548 7547 7554
4084 5 1 1 7528 7521 7520 7527 7549 7542 7541 7548
4085 5 1 1 7535 7528 7527 7534 7556 7549 7548 7555
4086 5 1 1 7529 7522 7521 7528 7550 7543 7542 7549
4087 5 1 1 7536 7529 7528 7535 7557 7550 7549 7556
4088 5 1 1 7530 7523 7522 7529 7551 7544 7543 7550
4089 5 1 1 7537 7530 7529 7536 7558 7551 7550 7557
4090 5 1 1 7531 7524 7523 7530 7552 7545 7544 7551
4091 5 1 1 7538 7531 7530 7537 7559 7552 7551 7558
4092 5 1 1 7547 7540 7539 7546 7568 7561 7560 7567
4093 5 1 1 7554 7547 7546 7553 7575 7568 7567 7574
4094 5 1 1 7548 7541 7540 7547 7569 7562 7561 7568
4095 5 1 1 7555 7548 7547 7554 7576 7569 7568 7575
4096 5 1 1 7549 7542 7541 7548 7570 7563 7562 7569
4097 5 1 1 7556 7549 7548 7555 7577 7570 7569 7576
4098 5 1 1 7550 7543 7542 7549 7571 7564 7563 7570
4099 5 1 1 7557 7550 7549 7556 7578 7571 7570 7577
4100 5 1 1 7551 7544 7543 7550 7572 7565 7564 7571
4101 5 1 1 7558 7551 7550 7557 7579 7572 7571 7578
4102 5 1 1 7552 7545 7544 7551 7573 7566 7565 7572
4103 5 1 1 7559 7552 7551 7558 7580 7573 7572 7579
4104 5 1 1 7589 7582 7581 7588 7610 7603 7602 7609
4105 5 1 1 7596 7589 7588 7595 7617 7610 7609 7616
4106 5 1 1 7590 7583 7582 7589 7611 7604 7603 7610
4107 5 1 1 7597 7590 7589 7596 7618 7611 7610 7617
4108 5 1 1 7591 7584 7583 7590 7612 7605 7604 7611
4109 5 1 1 7598 7591 7590 7597 7619 7612 7611 7618
4110 5 1 1 7592 7585 7584 7591 7613 7606 7605 7612
4111 5 1 1 7599 7592 7591 7598 7620 7613 7612 7619
4112 5 1 1 7593 7586 7585 7592 7614 7607 7606 7613
4113 5 1 1 7600 7593 7592 7599 7621 7614 7613 7620
4114 5 1 1 7594 7587 7586 7593 7615 7608 7607 7614
4115 5 1 1 7601 7594 7593 7600 7622 7615 7614 7621
4116 5 1 1 7610 7603 7602 7609 7631 7624 7623 7630
4117 5 1 1 7617 7610 7609 7616 7638 7631 7630 7637
4118 5 1 1 7611 7604 7603 7610 7632 7625 7624 7631
4119 5 1 1 7618 7611 7610 7617 7639 7632 7631 7638
4120 5 1 1 7612 7605 7604 7611 7633 7626 7625 7632
4121 5 1 1 7619 7612 7611 7618 7640 7633 7632 7639
4122 5 1 1 7613 7606 7605 7612 7634 7627 7626 7633
4123 5 1 1 7620 7613 7612 7619 7641 7634 7633 7640
4124 5 1 1 7614 7607 7606 7613 7635 7628 7627 7634
4125 5 1 1 7621 7614 7613 7620 7642 7635 7634 7641
4126 5 1 1 7615 7608 7607 7614 7636 7629 7628 7635
4127 5 1 1 7622 7615 7614 7621 7643 7636 7635 7642
4128 5 1 1 7631 7624 7623 7630 7652 7645 7644 7651
4129 5 1 1 7638 7631 7630 7637 7659 7652 7651 7658
4130 5 1 1 7632 7625 7624 7631 7653 7646 7645 7652
4131 5 1 1 7639 7632 7631 7638 7660 7653 7652 7659
4132 5 1 1 7633 7626 7625 7632 7654 7647 7646 7653
4133 5 1 1 7640 7633 7632 7639 7661 7654 7653 7660
4134 5 1 1 7634 7627 7626 7633 7655 7648 7647 7654
4135 5 1 1 7641 7634 7633 7640 7662 7655 7654 7661
4136 5 1 1 7635 7628 7627 7634 7656 7649 7648 7655
4137 5 1 1 7642 7635 7634 7641 7663 7656 7655 7662
4138 5 1 1 7636 7629 7628 7635 7657 7650 7649 7656
4139 5 1 1 7643 7636 7635 7642 7664 7657 7656 7663
4140 5 1 1 7652 7645 7644 7651 7673 7666 7665 7672
4141 5 1 1 7659 7652 7651 7658 7680 7673 7672 7679
4142 5 1 1 7653 7646 7645 7652 7674 7667 7666 7673
4143 5 1 1 7660 7653 7652 7659 7681 7674 7673 7680
4144 5 1 1 7654 7647 7646 7653 7675 7668 7667 7674
4145 5 1 1 7661 7654 7653 7660 7682 7675 7674 7681
4146 5 1 1 7655 7648 7647 7654 7676 7669 7668 7675
4147 5 1 1 7662 7655 7654 7661 7683 7676 7675 7682
4148 5 1 1 7656 7649 7648 7655 7677 7670 7669 7676
4149 5 1 1 7663 7656 7655 7662 7684 7677 7676 7683
4150 5 1 1 7657 7650 7649 7656 7678 7671 7670 7677
4151 5 1 1 7664 7657 7656 7663 7685 7678 7677 7684
4152 5 1 1 7673 7666 7665 7672 7694 7687 7686 7693
4153 5 1 1 7680 7673 7672 7679 7701 7694 7693 7700
4154 5 1 1 7674 7667 7666 7673 7695 7688 7687 7694
4155 5 1 1 7681 7674 7673 7680 7702 7695 7694 7701
4156 5 1 1 7675 7668 7667 7674 7696 7689 7688 7695
4157 5 1 1 7682 7675 7674 7681 7703 7696 7695 7702
4158 5 1 1 7676 7669 7668 7675 7697 7690 7689 7696
4159 5 1 1 7683 7676 7675 7682 7704 7697 7696 7703
4160 5 1 1 7677 7670 7669 7676 7698 7691 7690 7697
4161 5 1 1 7684 7677 7676 7683 7705 7698 7697 7704
4162 5 1 1 7678 7671 7670 7677 7699 7692 7691 7698
4163 5 1 1 7685 7678 7677 7684 7706 7699 7698 7705
4164 5 1 1 7694 7687 7686 7693 7715 7708 7707 7714
4165 5 1 1 7701 7694 7693 7700 7722 7715 7714 7721
4166 5 1 1 7695 7688 7687 7694 7716 7709 7708 7715
4167 5 1 1 7702 7695 7694 7701 7723 7716 7715 7722
4168 5 1 1 7696 7689 7688 7695 7717 7710 7709 7716
4169 5 1 1 7703 7696 7695 7702 7724 7717 7716 7723
4170 5 1 1 7697 7690 7689 7696 7718 7711 7710 7717
4171 5 1 1 7704 7697 7696 7703 7725 7718 7717 7724
4172 5 1 1 7698 7691 7690 7697 7719 7712 7711 7718
4173 5 1 1 7705 7698 7697 7704 7726 7719 7718 7725
4174 5 1 1 7699 7692 7691 7698 7720 7713 7712 7719
4175 5 1 1 7706 7699 7698 7705 7727 7720 7719 7726
4176 5 1 1 7715 7708 7707 7714 7736 7729 7728 7735
4177 5 1 1 7722 7715 7714 7721 7743 7736 7735 7742
4178 5 1 1 7716 7709 7708 7715 7737 7730 7729 7736
4179 5 1 1 7723 7716 7715 7722 7744 7737 7736 7743
4180 5 1 1 7717 7710 7709 7716 7738 7731 7730 7737
4181 5 1 1 7724 7717 7716 7723 7745 7738 7737 7744
4182 5 1 1 7718 7711 7710 7717 7739 7732 7731 7738
4183 5 1 1 7725 7718 7717 7724 7746 7739 7738 7745
4184 5 1 1 7719 7712 7711 7718 7740 7733 7732 7739
4185 5 1 1 7726 7719 7718 7725 7747 7740 7739 7746
4186 5 1 1 7720 7713 7712 7719 7741 7734 7733 7740
4187 5 1 1 7727 7720 7719 7726 7748 7741 7740 7747
4188 5 1 1 7736 7729 7728 7735 7757 7750 7749 7756
4189 5 1 1 7743 7736 7735 7742 7764 7757 7756 7763
4190 5 1 1 7737 7730 7729 7736 7758 7751 7750 7757
4191 5 1 1 7744 7737 7736 7743 7765 7758 7757 7764
4192 5 1 1 7738 7731 7730 7737 7759 7752 7751 7758
4193 5 1 1 7745 7738 7737 7744 7766 7759 7758 7765
4194 5 1 1 7739 7732 7731 7738 7760 7753 7752 7759
4195 5 1 1 7746 7739 7738 7745 7767 7760 7759 7766
4196 5 1 1 7740 7733 7732 7739 7761 7754 7753 7760
4197 5 1 1 7747 7740 7739 7746 7768 7761 7760 7767
4198 5 1 1 7741 7734 7733 7740 7762 7755 7754 7761
4199 5 1 1 7748 7741 7740 7747 7769 7762 7761 7768
4200 5 1 1 7757 7750 7749 7756 7778 7771 7770 7777
4201 5 1 1 7764 7757 7756 7763 7785 7778 7777 7784
4202 5 1 1 7758 7751 7750 7757 7779 7772 7771 7778
4203 5 1 1 7765 7758 7757 7764 7786 7779 7778 7785
4204 5 1 1 7759 7752 7751 7758 7780 7773 7772 7779
4205 5 1 1 7766 7759 7758 7765 7787 7780 7779 7786
4206 5 1 1 7760 7753 7752 7759 7781 7774 7773 7780
4207 5 1 1 7767 7760 7759 7766 7788 7781 7780 7787
4208 5 1 1 7761 7754 7753 7760 7782 7775 7774 7781
4209 5 1 1 7768 7761 7760 7767 7789 7782 7781 7788
4210 5 1 1 7762 7755 7754 7761 7783 7776 7775 7782
4211 5 1 1 7769 7762 7761 7768 7790 7783 7782 7789
4212 5 1 1 7778 7771 7770 7777 7799 7792 7791 7798
4213 5 1 1 7785 7778 7777 7784 7806 7799 7798 7805
4214 5 1 1 7779 7772 7771 7778 7800 7793 7792 7799
4215 5 1 1 7786 7779 7778 7785 7807 7800 7799 7806
4216 5 1 1 7780 7773 7772 7779 7801 7794 7793 7800
4217 5 1 1 7787 7780 7779 7786 7808 7801 7800 7807
4218 5 1 1 7781 7774 7773 7780 7802 7795 7794 7801
4219 5 1 1 7788 7781 7780 7787 7809 7802 7801 7808
4220 5 1 1 7782 7775 7774 7781 7803 7796 7795 7802
4221 5 1 1 7789 7782 7781 7788 7810 7803 7802 7809
4222 5 1 1 7783 7776 7775 7782 7804 7797 7796 7803
4223 5 1 1 7790 7783 7782 7789 7811 7804 7803 7810
4224 5 1 1 7799 7792 7791 7798 7820 7813 7812 7819
4225 5 1 1 7806 7799 7798 7805 7827 7820 7819 7826
4226 5 1 1 7800 7793 7792 7799 7821 7814 7813 7820
4227 5 1 1 7807 7800 7799 7806 7828 7821 7820 7827
4228 5 1 1 7801 7794 7793 7800 7822 7815 7814 7821
4229 5 1 1 7808 7801 7800 7807 7829 7822 7821 7828
4230 5 1 1 7802 7795 7794 7801 7823 7816 7815 7822
4231 5 1 1 7809 7802 7801 7808 7830 7823 7822 7829
4232 5 1 1 7803 7796 7795 7802 7824 7817 7816 7823
4233 5 1 1 7810 7803 7802 7809 7831 7824 7823 7830
4234 5 1 1 7804 7797 7796 7803 7825 7818 7817 7824
4235 5 1 1 7811 7804 7803 7810 7832 7825 7824 7831
4236 5 1 1 7820 7813 7812 7819 7841 7834 7833 7840
4237 5 1 1 7827 7820 7819 7826 7848 7841 7840 7847
4238 5 1 1 7821 7814 7813 7820 7842 7835 7834 7841
4239 5 1 1 7828 7821 7820 7827 7849 7842 7841 7848
4240 5 1 1 7822 7815 7814 7821 7843 7836 7835 7842
4241 5 1 1 7829 7822 7821 7828 7850 7843 7842 7849
4242 5 1 1 7823 7816 7815 7822 7844 7837 7836 7843
4243 5 1 1 7830 7823 7822 7829 7851 7844 7843 7850
4244 5 1 1 7824 7817 7816 7823 7845 7838 7837 7844
4245 5 1 1 7831 7824 7823 7830 7852 7845 7844 7851
4246 5 1 1 7825 7818 7817 7824 7846 7839 7838 7845
4247 5 1 1 7832 7825 7824 7831 7853 7846 7845 7852
4248 5 1 1 7841 7834 7833 7840 7862 7855 7854 7861
4249 5 1 1 7848 7841 7840 7847 7869 7862 7861 7868
4250 5 1 1 7842 7835 7834 7841 7863 7856 7855 7862
4251 5 1 1 7849 7842 7841 7848 7870 7863 7862 7869
4252 5 1 1 7843 7836 7835 7842 7864 7857 7856 7863
4253 5 1 1 7850 7843 7842 7849 7871 7864 7863 7870
4254 5 1 1 7844 7837 7836 7843 7865 7858 7857 7864
4255 5 1 1 7851 7844 7843 7850 7872 7865 7864 7871
4256 5 1 1 7845 7838 7837 7844 7866 7859 7858 7865
4257 5 1 1 7852 7845 7844 7851 7873 7866 7865 7872
4258 5 1 1 7846 7839 7838 7845 7867 7860 7859 7866
4259 5 1 1 7853 7846 7845 7852 7874 7867 7866 7873
4260 5 1 1 7862 7855 7854 7861 7883 7876 7875 7882
4261 5 1 1 7869 7862 7861 7868 7890 7883 7882 7889
4262 5 1 1 7863 7856 7855 7862 7884 7877 7876 7883
4263 5 1 1 7870 7863 7862 7869 7891 7884 7883 7890
4264 5 1 1 7864 7857 7856 7863 7885 7878 7877 7884
4265 5 1 1 7871 7864 7863 7870 7892 7885 7884 7891
4266 5 1 1 7865 7858 7857 7864 7886 7879 7878 7885
4267 5 1 1 7872 7865 7864 7871 7893 7886 7885 7892
4268 5 1 1 7866 7859 7858 7865 7887 7880 7879 7886
4269 5 1 1 7873 7866 7865 7872 7894 7887 7886 7893
4270 5 1 1 7867 7860 7859 7866 7888 7881 7880 7887
4271 5 1 1 7874 7867 7866 7873 7895 7888 7887 7894
4272 5 1 1 7883 7876 7875 7882 7904 7897 7896 7903
4273 5 1 1 7890 7883 7882 7889 7911 7904 7903 7910
4274 5 1 1 7884 7877 7876 7883 7905 7898 7897 7904
4275 5 1 1 7891 7884 7883 7890 7912 7905 7904 7911
4276 5 1 1 7885 7878 7877 7884 7906 7899 7898 7905
4277 5 1 1 7892 7885 7884 7891 7913 7906 7905 7912
4278 5 1 1 7886 7879 7878 7885 7907 7900 7899 7906
4279 5 1 1 7893 7886 7885 7892 7914 7907 7906 7913
4280 5 1 1 7887 7880 7879 7886 7908 7901 7900 7907
4281 5 1 1 7894 7887 7886 7893 7915 7908 7907 7914
4282 5 1 1 7888 7881 7880 7887 7909 7902 7901 7908
4283 5 1 1 7895 7888 7887 7894 7916 7909 7908 7915
4284 5 1 1 7904 7897 7896 7903 7925 7918 7917 7924
4285 5 1 1 7911 7904 7903 7910 7932 7925 7924 7931
4286 5 1 1 7905 7898 7897 7904 7926 7919 7918 7925
4287 5 1 1 7912 7905 7904 7911 7933 7926 7925 7932
4288 5 1 1 7906 7899 7898 7905 7927 7920 7919 7926
4289 5 1 1 7913 7906 7905 7912 7934 7927 7926 7933
4290 5 1 1 7907 7900 7899 7906 7928 7921 7920 7927
4291 5 1 1 7914 7907 7906 7913 7935 7928 7927 7934
4292 5 1 1 7908 7901 7900 7907 7929 7922 7921 7928
4293 5 1 1 7915 7908 7907 7914 7936 7929 7928 7935
4294 5 1 1 7909 7902 7901 7908 7930 7923 7922 7929
4295 5 1 1 7916 7909 7908 7915 7937 7930 7929 7936
4296 5 1 1 7925 7918 7917 7924 7946 7939 7938 7945
4297 5 1 1 7932 7925 7924 7931 7953 7946 7945 7952
4298 5 1 1 7926 7919 7918 7925 7947 7940 7939 7946
4299 5 1 1 7933 7926 7925 7932 7954 7947 7946 7953
4300 5 1 1 7927 7920 7919 7926 7948 7941 7940 7947
4301 5 1 1 7934 7927 7926 7933 7955 7948 7947 7954
4302 5 1 1 7928 7921 7920 7927 7949 7942 7941 7948
4303 5 1 1 7935 7928 7927 7934 7956 7949 7948 7955
4304 5 1 1 7929 7922 7921 7928 7950 7943 7942 7949
4305 5 1 1 7936 7929 7928 7935 7957 7950 7949 7956
4306 5 1 1 7930 7923 7922 7929 7951 7944 7943 7950
4307 5 1 1 7937 7930 7929 7936 7958 7951 7950 7957
4308 5 1 1 7946 7939 7938 7945 7967 7960 7959 7966
4309 5 1 1 7953 7946 7945 7952 7974 7967 7966 7973
4310 5 1 1 7947 7940 7939 7946 7968 7961 7960 7967
4311 5 1 1 7954 7947 7946 7953 7975 7968 7967 7974
4312 5 1 1 7948 7941 7940 7947 7969 7962 7961 7968
4313 5 1 1 7955 7948 7947 7954 7976 7969 7968 7975
4314 5 1 1 7949 7942 7941 7948 7970 7963 7962 7969
4315 5 1 1 7956 7949 7948 7955 7977 7970 7969 7976
4316 5 1 1 7950 7943 7942 7949 7971 7964 7963 7970
4317 5 1 1 7957 7950 7949 7956 7978 7971 7970 7977
4318 5 1 1 7951 7944 7943 7950 7972 7965 7964 7971
4319 5 1 1 7958 7951 7950 7957 7979 7972 7971 7978
$EndElements
